QuestionId,QuestionTitle,AnswerId,AnswerScore,AnswerAuthor,cleaned_comments
6428831,Why's that? Can't convert into String: I do have a to_s method!,6428926,8,,"The short conversions aren't called automatically by the Ruby core; that's what the long conversions are for. The long conversions are intended for things that are very much like the conversion target already, as opposed to things that simply have a representation of the target type. Use: That is, if you add to your class the expression will work with an automatic conversion."
721505,How do you change the allowDefinition section attribute using appcmd in IIS 7?,4185402,8,,"My problem was, I had to change anonymousAuthentication from False to True. When I did: appcmd set config websitename /section:anonymousAuthentication /enabled:True Error I got: Config Error This configuration cannot be used at this path. This happens when the section is locked at the parent level. Locking is either by default(overrideModeDefault=""Deny"")... To unlock, do the following: appcmd unlock config /section:? This will list the section you want. Then type: appcmd unlock config /section:system.webserver/security/authentication/anonymousauthentication Thats it... :)"
9261649,Function to convert string (yyyyMMddhhmm) into DateTime in C#,9261695,11,,"Absolutely - use : Note the for 24-hour instead of for 12-hour format. Alternatively, you could use , which returns a true/false value to indicate whether or not the parsing was successful. If you're fully expecting all the data to be valid, and it's reasonable for an exception to be thrown otherwise, then is fine. As a very different alternative, you could use Noda Time : Or for the ""just throw an exception"" behaviour, just use unconditionally. EDIT: As an aside, is there any reason why you're storing dates in a varchar column? Can you fix your schema instead?"
66059141,Can I add more than two appsettings.json files in dotnet core?,66059535,5,,"Can I add more than two appsettings.json files in dotnet core? e.g - appsettings-A.json ,appsettings-B.json ,etc. If yes, how to read these files Of course, we can add and use multiple appsettings.json files in ASP.NET Core project. To configure and read data from your custom json files, you can refer to the following code snippet. In Program.cs, configure the JSON configuration provider to load the file To read data from configurations settings appsettings-B.json file Test Result"
58247084,python3: Fibonacci generator not working as expected,58247100,5,,"You are instantiating a new generator in each loop iteration. Do instead: To generate the entire sequence from the start, you might want to instead of ."
6795981,"Textarea to fill a parent container exactly, with padding",6796064,132,,"Use to make the fill up the wrapping . Unfortunately, you won't be able to put on margins/padding, as they get ADDED to the 100%, so the right/bottom edges will overflow. Edit : To use along with padding, you can change the box sizing model : With this change, now refers to the distance between the outsides of the borders, instead of the distance between the outside of the content."
17693161,Any possible way to access class with internal constructors outside of its assemby location? C#,17693211,4,,InternalsVisibleTo exposes internally visible types to a specific assembly - I'd imagine that would work for you
60601854,AspNet Core Autofac disposing my DbContext even if its registered as SingleInstance,60602130,3,,"Assuming that you are calling this after this the second registration will not have any effect. Secondly, registering the as a singleton is not a very good idea. It's not thread-safe. Instead, you can inject in the class where the consumer for the servicebus is registered and resolve the context manually when a new message is being consumed. Option 1: Using Option 2: Using and casting down to using the extension available since version 5. This will create an instance of everytime you need it and disposes it. While this might take a little longer, it shouldn't be a problem, when messages are consumed in the background. EDIT : You can also register the as"
6332350,Pre-fill text form,6332351,4,John Conde,"You can use JavaScript for this. Have JavaScript watch that field (e.g. use event handling to determine when the user is typing) and when the user starts to type in a value you can check to see if it matches anything of the predefined values (e.g. ABC, DEF, GHI, etc) and if it does offer them a chance to select it from a drop down that is displayed underneath that text field. Otherwise, let them continue to add their own custom value. This is known as autocomplete . Popular JavaScript frameworks like jQuery and Prototype/Scriptaculous offer tools for making this easy to do."
7873030,Constructor based object initialization,7873120,3,,"The two aren't quite the same. The object initializer form translates into something more like this (at least logically; I believe there are some cases where the C# compiler will just use a single variable): This is particularly important if you're ever changing the value of the variable. For example: Here the result would be an employee with a name of ""BobFoo"", not just ""Foo"" which is what you'd get if the assignment to the variable occurred before the property setter. This could be important in other situations where the current value of the variable is read, e.g. in the property setter. Unlikely, but possible. See section 7.6.10.2 for the details of this, where it's explicitly specified in terms of an ""invisible and inaccessible temporary variable""."
856173,launch a process off a mysql row insert,856208,4,,"Write an insert trigger which duplicates inserted rows to a secondary table. Periodically poll the secondary table for rows with an external application/cronjob; if any rows are in the table, delete them and do your processing (or set a 'processing started' flag and only delete from the secondary table upon successful processing). This will work very nicely for low to medium insert volumes. If you have a ton of data coming at your table, some kind of custom trigger in C is probably your only choice."
42856668,Dynamic parameter based on previous string parameter,42899130,3,,"The dynamic parameter plugin might not be the right choice for your task. If you want the URL parameter to be updated according to the changes in the HOST parameter, you should consider using the Active Choices Plugin . In your case, create a String parameter for the host, and an active choice reactive parameter for the url. this parameter reads the host and updates the url. example: (you can find another example here: https://stackoverflow.com/a/42871619/947784 )"
38314560,How to rank a 2-d tensor along an axis in tensorflow?,38317640,4,,"would work for you, although it has slightly different semantics. Please read the documentation to know how to use it for your case. But here is the snippet to solve your example :"
33098880,try/finally without catch and return value,33098990,3,,"If you use in the section, you lose exception. Method will be finished with a normal type of a return value. If you don't use in the section, in your case, method will be finished with exception. The first case: The second case: The third case: Note: Using the section to throw exceptions or to return values is a bad practice. This section has been created, for example, for closing external resources."
64252298,"Python : Splitting a string by numbers, letters and -_",64252318,8,,"You can use See the regex demo . Regex details : - one or more chars other than non-word and chars (so, one or more letters or digits) - or - one or more non-word and/or chars. See a Python demo :"
37656060,QStateMachine - QMouseEvent,37667951,3,,"The below is a complete example, 71 lines long, presented in the literate programming style . It is also available on github . The example consists of a qmake file, not shown, and , shown in the entirety below. The example has the following structure: Header Card Item State Machine Behaviors Main Footer Main First, let's set up our scene: The state machine has three states: We'll use helper functions to declaratively add behaviors to the machine. This isn't the only possible pattern, but it works and is fairly easy to apply. First, when any items are selected, the state changes from to : Then, after a timeout, the state changes to : If the items are deselected, we go back to : Since we don't have much better to do, we can simply deselect all items once the state has been entered. This makes it clear that the state was entered. Of course, it'll be immediately left since the selection is cleared, and we indicated above that is the state to be when no items are selected. We can now start the machine and run our application: Note the minimal use of explicit dynamic memory allocation, and no manual memory management whatsoever. Card Item The class is a simple card graphics item. The item is selectable. It could also be movable. The interaction is handled automatically by the graphics view framework: you don't have to deal with interpreting mouse presses/drags/releases manually - at least not yet. State Machine Behaviors It is helpful to factor out the state machine behaviors into functions that can be used to declare the behaviors on a given state. First, the delay - once the state is entered, and a given number of millisconds elapses, the machine transitions to the destination state: To intercept the selection signals, we'll need a helper class that emits a generic signal: We then leverage such universal signal source to describe the behavior of transitioning to the destination state when the given scene has a selection iff is true, or has no selection iff is false: Header and Footer The example begins with the following header: It ends with the following footer, consisting of moc-generated implementations of the signals and object metadata for the class."
14447622,"Why does jquery's ""on"" method trigger its target function immediately upon assignment?",14447671,6,,"That happens because events bubble. Once your event handler finishes handling the event on the button, it bubbles up to the body where the body then handles it. to prevent that, stop propagation of the event on the button click. Note however that this will result in multiple events being bound if you click the button more than once. You can fix it by modifying it a bit more:"
20444202,Difference between #entries and #to_a in ruby,20444223,18,,"Here is the difference(look at the output after ): has an instance method , so it is not calling . But doesn't has it's own method , so it is calling , because included module. There is no difference between and , as far as I can see both are working similar way using TracePoint : Yes, is faster than . Part - I Part - II"
73573416,C# Enums are always none,73573521,5,,"isn't a flag, it is the complete absence of flags. If the flags represent different types of failures, then it may be appropriate to give the label to ... but it still isn't a flag and cannot be tested with ."
662986,OSGi + Hibernate,663721,5,Stefan Schmidt,"There are two ways I can think of to solve the classloading-issue. Are you tied to a specific OSGi-Framework, or do you want to stay as compatible as possible? Or can you use equinox for your implementation? In Equinox you have a mechanism called Buddy Classloading. This addition allows you to increase the visibility of certain classes between different OSGi-Bundles. If you are interested in this topic, I would like to direct you to these two articles: Understanding how Eclipse plug-ins work with OSGi , Eclipse - a tale of two VMs (and many classloaders) . If you prefere to stay OSGi-implementation independent, then you might considre extracting your classes, that you wish to persist, into a separate bundle on which both the Hibernate-Bundle and your other bundles depend. That way, they all have access to the class definition of the persisted classes."
10355051,How can I separate two separated words in a variable?,10355059,6,,"will do this for you. E.g., is quite versatile, you can also specify other characters to split on. For more information on see http://docs.python.org/library/stdtypes.html?highlight=split#str.split"
7350503,zend validator premature message,7350966,3,,"You are calling before displaying the form the first time, this is why you're getting the error. Probably the array is empty. Try validating only for POST requests, i.e.: Hope that helps."
33036523,Broadcast Receivers not working in Android 6.0 Marshmallow,38764861,10,,"As stated in Android - Requesting Permissions Beginning in Android 6.0 (API level 23), users grant permissions to apps while the app is running, not when they install the app... The user can revoke the permissions at any time... It's also stated that: System permissions are divided into two categories, normal and dangerous: Normal permissions do not directly risk the user's privacy. If your app lists a normal permission in its manifest, the system grants the permission automatically Dangerous permissions can give the app access to the user's confidential data. If you list a dangerous permission, the user has to explicitly give approval to your app Here are full lists of Dangerous Permissions and Normal Permissions All that basically means that you need to manually request for any dangerous permission, when it's actually needed. Since it potentially might be needed multiple times in your code, you can create a reusable method that checks whether specific permission is granted already and if it's not - to request it from user. Here an example: Java Kotlin Usage: Java Kotlin Note: If you need to use inside instance, use: as its first parameter. You can use inside instance, to check if some permission is granted already, but not to request it. Because can be used for any , but only for"
52351809,Terraform and AWS: No Configuration Files Found Error,52353318,69,,"This error means that you have run the command in the wrong place. You have to be in the directory that contains your configuration files, so before running or you have to to your Terraform project folder."
29977289,Is there an option to make LuaJIT do bounds checking?,29978456,4,,"Short answer: There is no way, you'll have to write/find your own wrapper. Here is the explanation from luajit.org No Hand-holding! [...] The FFI library provides no memory safety, unlike regular Lua code. It will happily allow you to dereference a NULL pointer, to access arrays out of bounds or to misdeclare C functions. If you make a mistake, your application might crash, just like equivalent C code would. This behavior is inevitable, since the goal is to provide full interoperability with C code. Adding extra safety measures, like bounds checks, would be futile. [...] Likewise there's no way to infer the valid range of indexes for a returned pointer. Again: the FFI library is a low-level library."
18310000,Dictionary item order,18310067,4,,"They are not ordered at all. The order of elements in a dictionary is non-deterministic. MSDN : ""The order in which the items are returned is undefined."" You could use an instead to access an item via index. Or, if you want it to be ordered by the key you can use a . Update Why is a dictionary not ordered by nature ?"
31443325,Android TextInputLayouts losing text/content when coming back in fragment transaction,31590849,6,,"Posting my ""answer"", which is really a workaround and may not prove useful or satisfactory to everybody but at least it served me well. This is clearly a bug with the new , which does not handle very well the when doing a replacement or removal in a . did a really good job previously. What I ended up doing is not using (because I traced the problem to the removal of the fragment), but instead using a combination of and . This offers exactly the same visual effect and behaviour and does not has the problem of the mentioned bug. It only has the inherent drawback of, obviously, not removing the fragment: the fragment resources cannot be released/use for other purposes. This may cause trouble if memory is short or your fragment is a monstrosity. But at least in my case it didn't cause any trouble. To sum up, this is what I finally use as my fragment transaction: Hope it can help some of you!"
45308033,Trying to execute HTML after PHP code,45308094,4,,"You could try and wrap your webpage content around an in PHP tags. EDIT After some consideration, would be unneeded. You can just do the same for the if. This would return the result, and would also execute additional PHP code in the file if needed."
5774315,Div not expanding even with content inside,12877147,4,,Putting a after the last floated div worked the best for me. Thanks to Brent Fiare & Paul Waite for the info that floated divs will not expand the height of the parent div! This has been driving me nuts! ;-}
33421774,When would SharedPreferences apply() and commit() fail?,33421876,6,,"Let's take a look at the source code for commit() : In other words, will return false if the thread is interrupted while waiting for the disk write to finish, or if the disk write fails for some reason (most likely because the disk was full)."
54672599,Json file data into kafka topic,68262498,4,,This answer will be helpful for those who are looking out for kafka console producer to send json data whose key and value is json. Command JSON
40153758,__FILE__ Magic Constant in PHP on Windows Not Returning Slashes,40154360,3,,"Undefined offset notice is displayed because you use first and second index of array ""$FileArray"", before this you should verify that variable exists(isset method) If you want to inspect PHP code use var_dump(), example: Don't close PHP tag in this case. You don't see '\' signs, because backslash is escape sign in JavaScript(and PHP), example: If you want to display string with escape sign you must use double backslash: Simple run: This is analogous to change backslashes to slashes: Backslash is escape sign in double quotes strings only."
31357528,"Is there another instruction similar to MOVZX, but supported on the 8086?",41512439,4,,"The instruction zero-extends a value with a smaller width to fit into a larger-width register. For example, would be used to move a 16-bit value into a 32-bit register. (It is contrast to , which does the same thing except with sign extension . You would use when the value is unsigned, and when the value is signed.) As you point out, these instructions were not introduced until the 386, so if you're targeting an earlier generation of processor, then you'll need to find an alternative. The basic strategy is, as others pointed out in the comments, to zero the destination register first, and then move the smaller value in . This will accomplish exactly the same thing as . The obvious way to zero a register is with , but it is smaller and faster to do it using . Therefore, code like: can be replaced with: On modern processors, this is slower than , but it will actually be faster on the 386 and 486, where is relatively slow. And of course, on processors where doesn't exist, you have no choice. You can further minimize the cost by issuing the instruction earlier, interspersing it amongst other code. One significant disadvantage of this approach is that you cannot do an in-place zero-extension on a value stored in a register. That is, there is no way to use this trick when you have code like: Instead, you would have to use a temporary register: Or, if you were zero-extending an 8-bit value, you could take advantage of the fact that the upper and lower 8-bit halves of a 16-bit register can be accessed independently on x86, and simply zero the upper 8 bits. For example: Note that this works for in-place zero-extension—just zero the high 8 bits. However, this technique cannot be used to zero-extend a 16-bit value, since there is no way to access just the upper 16 bits of a 32-bit register. Fortunately, the need for zero-extension on these older architectures is much less than it is on modern architectures, since you don't have to guard as vigorously against partial-register stalls and false dependencies. In comments, the concern was raised that all of the alternatives to require more than one instruction. Of course, that is true. If there were a way to do it in a single instruction, there wouldn't have been a need for the 386 to introduce . If you're worried about execution speed, consider what I said above that + will be equally as fast as would have been if it were available, if not faster. If you're worried about number of instructions, then rest assured that less code does not necessarily mean faster code. In fact, in many cases, adding additional instructions can make your program execute faster. If you are trying to optimize a particular chunk of code, I encourage you to ask a question about it either here or on Code Review (we need more assembly language questions there!)."
58934022,"React-Native: Error: Failed to install CocoaPods dependencies for iOS project, which is required by this template",63865465,16,,"Ali Shirazee's solution worked well for me (thanks!). After running: I got the error: Then I went into the folder and ran as suggested in the error message but still got an error during the installation of . Finally, I've opened Xcode , went into Preferences » Location and selected Xcode 11 from the Command Line Tools select list. Xcode » Preferences » Location After that, I simply ran again and it all worked."
6240353,How deep should my math background be before tackling SICP?,6240429,5,,Sounds like SICP would be way too heavy for you. Try out HtDP instead for a book that will teach you programming in a similar style but much easier on the math.
15588130,What is a good alternative to Kue that works with MongoDB instead of Redis?,15588745,8,,"The short answer The short answer is No . There is no port of Kue to MongoDB, nor there are any plans for such. There are no other open-source popular projects offering similar functionality at the moment.Moreover Redis seems like a better fit to this sort of project any-way. The long answer While Kue is very interesting and offers much more than just delayed tasks, it seems your requirements are much simple. If all you need is to send users an email one month after signing up, or that sort of thing, it is usually built into the OS level. What I suggest you do, assuming you have a method (in general, that you figured out how the tasks would be done) is the following: Depending on the operating system, schedule a task to run once a day. In Windows this is done with , in OS X, BSD and Linux this is done using . ( cron tutorial ). Most PaaS options also have this sort of option (Like nodejitsu, Azure...). That tasks should be a node.js script that iterates through a list of long running tasks (that is, stuff that runs once a month, a week, or longer). In which you choose to use, hold a collection of tasks,each with a 'start time'. An example for such tasks would be a specific user getting an email after 1 month. In your script, check which tasks should run, and execute them, after which you should remove them from the . While this sounds like some work, it shouldn't take too long. All the code described here is very straightforward. Kue lets you do stuff like priority, attempts, progress, etc which you do not need if I understand correctly. Working with a library that does many things to do something simple might end up biting you since degugging and maintenance are usually harder. Good luck! Feel free to let me know if you'd like me to elaborate more on a specific part."
32883588,Netsuite Customization of Prospect Form,32889935,3,,"Prospects and Customers are just stages of the same underlying record. Information you fill in for a prospect will still be there if the prospect converts to a customer. As far as entry forms go the Netsuite help is not bad in this area. See https://system.na1.netsuite.com/app/help/helpcenter.nl?fid=section_N2853340.html for how to start to customize your entry forms. In particular check the section called ""Moving Fields and Lists between Subtabs"" You can't control sequential data entry without a client script or possibly a workflow but the help link above will get you started on putting the fields in the logical entry order."
22113805,HMAC with Cryptography API C/C++,22114599,4,,"The posted C# code and C code linked (but not posted) do different things. The output will therefore be different as well. The WinCrypt code performs the following: Create a SHA1 hash of the key bytes Derive a session key from the resulting hash using RC4 Initialize an HMAC_SHA1 digest using the derived key Perform the HMAC CryptHashData with the HMAC Request the resulting hash bytes The C# code performs the following: Create an HMAC_SHA1 using the key bytes as the actual key (no derivation) Perform the HMAC via ComputeHash, returning the resulting hash digest In other words, they're different because they're doing different things. Which one is ""right"" is dependent on what you're trying to do (which was not mentioned in the question). OpenSSL Equivalent to the C# code The resulting digest in matches the C# code respectively (omitted, but take my word for it or test it yourself)."
2601124,How to obtain MAC address of WiFi network interface?,3422452,96,,"Late answer, but it can help others with the same ""problem"". The answer is really straight forward: The above code will get you the MAC address of your device, remember to have wifi enabled when grabbing the address. This code snippet should be used in your Activity."
64649753,"KSQL: UDF does not accept parameters (STRING, STRING)",64663613,3,,"Found the problem, answering here for anyone that might run in to the same problem. You need to specify the parameters using @UdfParameter, like this:"
8388352,Compare two vectors in clojure no matter the order of the items,8389828,32,,"If you do care about duplicates, you can compare their frequency maps. These are maps with each collection element as a key and number of occurrences as a value. You create them using standard function , like in given examples. Different order, same number of duplicates: evaluates . Different order, different number of duplicates: evaluates . So, you can write a function:"
20768214,How to uncheck checked radio buttons in jquery?,20768227,3,,In order to group radios they need to share common . The checked property is then managed by browser HTML copied directly from jQueryUI radio demo
25697609,HashMap having null as key,25697644,5,,"If yes then both should go in same bucket at index 0 ... Correct. and there should be one value in the Incorrect. There will be a separate entry for the two keys. This is guaranteed by the and specification; i.e. the javadocs say that there will be a separate entry for each distinct key. The implementation is required to meet the specification ... and it does. Prior to Java 8, the way that handles collisions is to chain together all of the entries that hash to the same bucket. The logic will iterate the chain for the relevant bucket, looking for an entry that matches the key. (In your example code, there would be separate entries in the chain for the and the keys.) In Java 8, it works the same to start with, but there is an optimization for the case where the keys all implement and the chains get too long. In this case, the long chains are converted into binary trees ... so that an chain scan turns into an tree search."
30786027,Why program dies using malloc and free (same address),30787119,3,,"In multithreading, you cannot make guarantees on the order of execution of threads unless they are synchronized. In your case, there are chances of thread de-allocating the memory before another thread allocates it. The code snippet will help further examining the issue."
31824861,How to get the value to view models when a control's value is changed using jQuery?,31824965,4,,"If you want to make sure Knockout takes note when you manually update the DOM, you need to use the method like so: The method can be used to register handlers for the event. PS. If you're manually updating the DOM, then you should evaluate why / how you're using KnockoutJS..."
41022282,Search filter in Netsuite for specified months,41023216,3,,"You would need to specify each period as a separate filter and use and to build out the logic of your search like this: If you don't always know which periods you'll need, you can generate these filters dynamically with a function like this:"
38564707,"Terraform, getting output from null_resource, local-exec and the AWS CLI",73819244,8,,"The external data source can be used for this. Here's a full example below. Let's say that you want to run an AWS CLI command to retrieve information about a certain EC2 instance (this is just for demonstration purposes), for instance the AMI ID and the key name. First of all, create a bash script ( ) that fetches and returns the required information: then, create a source that runs the script: you can then check the results with (after ): and obviously you can use those identifiers as properties for other resources."
12370495,Share a cookie between two websites,22935156,20,,If in your case all your users use browsers with HTML5 support you can use method that allows to on one side and to from the other. Here is a nice article/example: https://developer.mozilla.org/en-US/docs/Web/API/window.postMessage . Then the steps are simple: add to site A a hidden iframe to site B send B's cookie to A using window.postMessage store the received cookie in A's cookie
54186051,Is there a way to change the gradle.properties file in Unity,55737566,14,,"This was something that was slightly hard to discover. I was going to do a regular post build processor like I had for my iOS build, but as I was searching for a manner to load and determine where the properties file was, I ran across the following interface in the documentation : . According to the documentation : Implement this interface to receive a callback after the Android Gradle project is generated. So below is my initial brute force implementation for turning on androidX and jetifier. Theoretically you should be able to manipulate the generated gradle project in any manner to your choosing during the post build processor. Some additional tools might be helpful, like the PBXProject support on iOS, but until then, this will do."
31480314,"What does the term ""Real-Time Software Development refer to?",31494315,3,,"The links in comments give some useful information. The real problem with Real Time is that there are far less usages than ordinary scientific or data processing applications and so less specialists around. I used a Real Time development environment many years ago, a a friend of mine used another one more recently. The generic characteristics were : the development system is an IDE more or less like any other IDE you have the ability to get the precise time that will last any routine, because if you use a RT system, it is because you need deterministic processing times you have an emulator that allows you to run the program or more exactly simulate it running on the real system with different inputs (including hardware inputs) and control both the outputs and the times you generally mix high level programming (C or others) for non critical parts and low level assembly routines in time critical parts. The remaining really depended on the simulated system."
26149658,Style background image with JS not working,26149794,5,,I think you wanted to target the element inside the . You can do something like this: HTML Javascript
79885335,Are Void and () isomorphic in the presence of laziness?,79885367,8,,"No, they are not equivalent. What your linked comment and answer are saying is something different: they are saying that different people have different opinions on how to think about in a lazy setting. Some folks will consider to have zero possible values and to have one, because there are no constructors for and one constructor (with no fields) for ; meanwhile, other folks will consider to have one possible value and to have two, because is a possible value of either type. These two types of folks don't disagree on any important facts; they only disagree on what kinds of things are interesting/useful to think about. But if you want to cater to both types of people, then you must discuss both ways of thinking when trying to add a field to a data type without changing its meaning -- because the word ""meaning"" itself has a different meaning to the two types of people. In fact, it's somewhat common for a single person to hold both points of view! In different contexts, one or the other view is more useful or clear, and it's relatively common to code switch between the two ways of talking about the world."
7393512,Deserialize JSON Stream with JSON.net,7393630,3,,"In order to deserialize you'll need the whole JSON. It may be better to use DownloadStringAsync and once you've received the entire JSON string, you can deserialize it. Then in your you can pass in the class you want to deserialize it to. For example, if you are receiving JSON like: Then you need to create a class with those properties: and pass it to the JsonConvert:"
30941411,python xlwings - copy and paste ranges,30947072,19,,"Columns (as well as Rows) are returned as simple (""horizontal"") lists, see the docs here . Why? First of all, it mimics the behavior of numpy 1d arrays. Second, it's usually what you'll want, e.g. you can directly iterate over a column or check if a value exists without having to unpack a nested list first. Now, in your case, you'll obviously want to preserve the 2d shape which you can do (again similar to numpy) as follows: Also note that what you call should rather be called as it holds a list, not an xlwings Range object. Update: Since v0.9.0, the syntax changed to:"
44074864,IoT: do I need to use MQTT or HTTP?,48465377,6,,"We have tested MQTT vs HTTP(REST) over SSL from normal server and Raspberry Pi boards both from performance point of view and from energy consumption. The results depend on use-case and device where process is running. Regarding your use case we have special test as well => delivering many messages (multiple probes) via HTTP, HTTP-batch or MQTT. The results are quite simple, if you have possibility to send data in one HTTP request - it will be the best option. MQTT is on the second place and HTTP with per-message delivery is much less power efficient and slower then MQTT."
6406470,java SimpleDateFormat,6406547,5,,"The time you're trying to parse appears to be in ISO 8601 format . unfortunately doesn't support all the same timezone specifiers as ISO 8601. If you want to be able to properly handle all the forms specified in the ISO, the best thing to do is use Joda time . This example is straight out of the user guide :"
57858528,Angular (8) Http.post() is giving SyntaxError: Unexpected token O in JSON at position 0 at JSON.parse,57858938,4,,"Turns out the solution was the response type option on HTTP.post in Angular, it didn't align up with the server ( https://developer.mozilla.org/en-US/docs/Web/API/XMLHttpRequest/responseType for types) and defaults to JSON. Thank you to all who answered!"
12137664,Android ICS WebViewClient onReceivedHttpAuthRequest No Longer Returns UserId and Password,13727896,3,,"Have you checked what you receive in #onReceivedHttpAuthRequest? I just fixed what you say. It seems that ICS returns as ""host"" not only the host, but the port also, something like: HOST_OF_WEBAPP:80. Because of that, what you store as ""HOST_OF_WEBAPP"" is not retrieved if you receive ""HOST_OF_WEBAPP:80"" in #onReceivedHttpAuthRequest. Give it a try!"
6062566,Why am I losing bluetooth client/server connection?,6112860,6,,Server Client I have modified the 2 source code files. Now it should work fine. There are some small bugs regarding if the BT is not opened before entering the mobile app (it get stuck too much in a while) and for those who want to use this client/server you should take a look at functions. The problem was that I did not use the socket correctly. I hope that it will be useful for those who want to implement such an application with BT.
28114531,Out Of Memory using Process,28114593,5,,"At first glance, you are using twice in and not disposing the objects. will usually create unmanaged GDI+ handles that need to be disposed. From the documentation : The file remains locked until the Image is disposed. So at first glance I'd assume you are just loading too much images in memory, and I'd try: Since you are actually not using the images (just getting their height), you could make those blocks smaller, but I'll leave that to you. ... but ... About the OutOfMemoryException Also, you say it happens EXACTLY at 22 images (which would be weird for getting out of memory, unless the images are consistently big), but reading the same documentation: If the file does not have a valid image format or if GDI+ does not support the pixel format of the file, this method throws an OutOfMemoryException exception. So make sure the 22nd image (either the ""source"" or the ""background"", depending on where it throws) has a correct format"
26504653,Is it possible to disable SSLv3 for all Java applications?,28162257,4,,You have not specified the version of Java because below Java 8 there is no way to disallow or disable specific SSL protocol but in Java 8 you can set the enabled protocols like following Statically: Dynamically: If you are still using java 7 or below try to use work around explained Instructions to disable SSL v3.0 in Oracle JDK and JRE I just implemented following piece of code to disallow SSLv3 and SSLv2Hello on one of our Java6 application. Where initialized with
60918393,How to put ajax request inside function and call it when necessary?,60918844,3,,"Callbacks are well-suited for this scenario. You can encapsulate your ajax call in a callback function. You can now hook method as a callback to button click. By doing this you will able to achieve this. I want to put it in a stand alone function so if I ever update it later I dont have to change it 5 times. EDIT: Note: This is lead to start, you can alter this according to your requirement."
15975332,sql single primary key,15975366,5,,"This is a composite primary key - it's still one key, but it's comprised of multiple columns. Here 's a good, short description of composite primary keys."
70317322,Callback function executing in the call stack even when it's not empty,70320461,6,,"Your observations are correct and the explanation is quite straightforward: The microtask queue only gets visited when the JavaScript execution context stack (a.k.a. call-stack) is empty, (defined in cleanup after running a script , itself called by call a user's operation ). Technically the event loop has quite a few calls to perform a microtask checkpoint , but the cases where the JS call-stack can be non-empty are so rare they can be disregarded. Dispatching an Event through is synchronous , no new task is queued, the callbacks are just called from the current context, and moreover, the JS call stack is not empty . So the microtask queue doesn't get visited either, it will only be after the JS call stack is done, which in your code is when the original click event's handler job is executed completely. However Events dispatched ""natively"" by the engine will create a new JS job per callback, and thus between each of them the JS call stack will be empty, and the microtask queue will get visited."
2117651,Comparing SQL and Prolog,6021871,7,,"The main difference in my eyes is that SQL retrieves rows from tables - that is, from a finite set of instantiated objects corresponding to certaing filter conditions. On the other hand, Prolog gives you theoretically all the instantiable objects that satisfy the conditions. And while in Prolog you can also retrieve entities from a finite set, in SQL you can't fetch all the values from a theoretically infinite set."
4295227,Using Javascript / Jquery to change text in div upon button click,4295233,6,,"First of all, is a native property, not a method. 's method is the equivalent. Secondly, you are not wrapping this in a handler: Try this: jsFiddle example"
39831751,Regular expression - Find and Replace in Dreamweaver,39832858,3,,"NOTE : To manipulate HTML, you can use better tools - HTML parsers - than an S&R dialog with regex support. For a one-off job , if you need to use the pattern inside a search and replace dialog and there is only one tag with the equal to Category before the , you may use and replace with backreference sequence. Details : - Group 2 capturing , then any 0+ chars (as many as possible) up to the last and then itself - Group 3 capturing any 0+ chars, as few as possible, up to the first... - Group 4 capturing The are backreferences to the groups defined in the pattern with the help of paired ."
40594014,How to render data from API response in React?,40594269,6,,"The reason is that on first render this ""this.state.data[0].username"" is not set, until the response comes back from the API call. Something like this in your render method should work:"
41898831,Snakemake: Random order of wildcards in wildcards list,41915956,8,,"The wildcard order from the is not preserved by Snakemake (note that different output and input files can use the same wildcards in different orders. Hence there is no canonical order that could be derived from the occurrence of the wildcards in the file pattern). However, you can address the wildcard values by name, e.g.,: Please consider to go through the Snakemake tutorial ."
73672425,The folder /var/lib/docker size increases and can not be reduced,73673242,3,user19812413,"contains not only logs but also data for images, volumes, containers, networks etc. To check which if these is using the space do This space can be reclaimed with which will clean And will not impact any running containers."
1789975,Enable command binding for TextBlock,35299202,4,,"The below XAML can be used to add a Command Binding to a WPF TextBlock which will then work on a mouse action. The can be one of the built-in application commands, which would use the syntax as shown above, or it can be a custom that inherits from the Interface. In that case, the syntax would be: The doesn't provide any Intellisense tips on what to put there (in VS2015), so you have to do a little digging to get the valid enumerations. As of .NET 4.5, the valid entries for are: LeftClick - left mouse button click. LeftDoubleClick - left mouse button double-click. MiddleClick - middle mouse button click. MiddleDoubleClick - middle mouse button double-click. None - No action. RightClick - right mouse button click. RightDoubleClick - right mouse button double-click. WheelClick - A mouse wheel rotation. Constants shown above are taken from MSDN ."
3123802,Get Ticks per second and convert to String value?,3123813,24,,"A particular value of doesn't have a ""ticks per second"" associated with it; ticks are ticks no matter which they're in. Ticks are 100 nanoseconds long, so there are 10,000,000 of them per second. Now to get that as a string is as simple as the string literal ""10000000""... although in general you would obtain a number and just call on it. For instance, you could use: Your question is a slightly odd one, so I wonder whether we're missing something... could you edit the question with more details about what you're trying to do. For example, are you trying to determine the number of ticks within the particular second of a particular ? That's most easily done as:"
35280747,Hide statusbar during splash screen,35281179,12,,"In your Project Settings -> General-> Deployment Info, check ""Hide status bar"" field. Next in your view controller override - prefersStatusBarHidden method, like this:"
26110643,How to Enable WiX Projects in Visual Studio 2015,30215679,36,,"This was also my issue before, and it looks like Chris Schiffhauer's answer isn't the best solution by now, as WiX 3.9 or earlier is not specifically build for Visual Studio 2015. The solution is just to install the latest builds of WiX v3.10 from this link as what they replied on their tweets: https://twitter.com/wixtoolset/status/597796279729528833 @5ervant latest builds of WiX v3.10 support @VisualStudio 2015. I only have Visual Studio Community 2015 RC when I'm looking for a solution, and upon following Chris' answer, after installing WiX Toolset v3.9 R2, I didn't found the folder nor the folder in my system."
36850330,black screen video capture opencv,58630682,5,,I had the same problem and I found out that Kaspersky was blocking access to my camera. If you open Kapresky and go to Reports and then to the Host Intrusion Prevention column under the Advanced Thread Protection tab you can find if it blocks your camera. If that is the problem you can go to -> -> -> and click . Then go to the and click on -> . Search for and click Ok and check all the boxes. Click Ok and then Save and it should work.
14862138,"Django on Mac OS X: OperationalError 'role ""_www"" does not exist'. PostgreSQL or Psycopg issue?",14865247,3,,"Because your settings file doesn't specify a user to connect to Postgres with, you're trying to connect using the user account that's running your code (and because it's being run by mod_wsgi under Apache, that user is ). If you're using Postgres.app to run Postgres for you, you will need to set your database value to the username for your account on the system - so if your username was , set to like so: You can also update your apache config to run your code as a different user - take a look at WSGIDaemonProcess in the mod_wsgi docs if you'd like to get that going instead."
1870242,How can I get one Perl script to see variables in another Perl script?,1870974,5,,"Yet another suggestion to use a module. Modules are not hard to write or use. They just seem hard until you write one. After the first time, it will be easy. Many, many good things come from using modules--encapsulation, ease of testing, and easy code reuse to name a few. See my answer to a similar question for an example module, with exported functions. Also, some very smart people in the Perl community like modules so much that they advocate writing apps as modules -- they call them modulinos . The technique works well. So, in conclusion, try writing a module today!"
9738535,Powershell test for noninteractive mode,62534640,5,,"I think the question needs a more thorough evaluation. ""interactive"" means the shell is running as REPL - a continuous read-execute-print loop. ""non-interactive"" means the shell is executing a script, command, or script block and terminates after execution. If PowerShell is run with any of the options , , or , it is non-interactive. Unfortunately, you can also run a script without options ( ), so there is no bullet-proof way of detecting whether the shell is interactive. So are we out of luck then? No, fortunately PowerShell does automatically add options that we can test if PowerShell runs a script block or is run via ssh to execute commands ( ). Now test in your PowerShell profile whether this is in interactive mode, so the profile is not run when you execute a script, command or script block (you still have to remember to run - not )"
4615335,How can I use a WPF control inside a Windows Forms Panel control?,4615358,3,,You need to add an control to your winforms panel and put the WPF control in there. See here for more details: http://blogs.msdn.com/b/calvin_hsia/archive/2007/12/11/6740119.aspx
41264360,Regex to remove \n\ from a string in C# (Not \n),41264431,4,,"Who need regex? And just because quotes are cool, here is the famous : Some people, when confronted with a problem, think ""I know, I'll use regular expressions."" Now they have two problems."
871234,Circular lock-free buffer,32552711,8,,"The implementation in the boost library is worth considering. It's easy to use and fairly high performance. I wrote a test & ran it on a quad core i7 laptop (8 threads) and get ~4M enqueue/dequeue operations a second. Another implementation not mentioned so far is the MPMC queue at http://moodycamel.com/blog/2014/detailed-design-of-a-lock-free-queue . I have done some simple testing with this implementation on the same laptop with 32 producers and 32 consumers. It is, as advertised, faster that the boost lockless queue. As most of the other answers state lockless programming is hard. Most implementations will have hard to detect corner cases that take a lot of testing & debugging to fix. These are typically fixed with careful placement of memory barriers in the code. You will also find proofs of correctness published in many of the academic articles. I prefer testing these implementations with a brute force tool. Any lockless algorithm you plan on using in production should be checked for correctness using a tool like http://research.microsoft.com/en-us/um/people/lamport/tla/tla.html ."
28193423,Do we have some workaround to exclude/ignore folders from Multi-Device Hybrid App build?,29786999,3,,I wrote this plugin that MAY solve this problem -> Here is the Code Excludes directories recursively by default now. See the README.
17547360,Create an ArrayList of unique values,24060472,76,,"Try checking for duplicates with a method on the ArrayList, before adding a new element. It would look something like this That should prevent duplicates in the list, as well as not mess up the order of elements , like people seem to look for."
3701646,"How to add to the PYTHONPATH in Windows, so it finds my modules/packages?",3701722,15,,You need to add to your PYTHONPATH variable instead of Windows PATH variable. http://docs.python.org/using/windows.html
9940158,"Eclipse ""Class File Editor"" Source Not Found While Debugging",9940243,3,,"You can try JADClipse At least you will see the code, and be able to step return and step resume more easily. I don't think there is any way to skip the classes u dont have the source for."
14326654,How to find where to cast a ray to avoid collision in Bullet?,14328161,10,,"What you're asking about is actually a pathfinding question; more specifically, it's the ""any-angle pathfinding problem."" If you can limit the edges of obstacles to a grid, then a popular solution is to just use A* on that grid, then apply path-smoothing. However, there is a (rather recent) algorithm that is both simpler to implement/understand and gives better results than path-smoothing. It's called Theta* . There is a nice article explaining Theta* (from which I stole the above image) here If you can't restrict your obstacles to a grid, you'll have to generate a navigation mesh for your map: There are many ways of doing this, of varying complexity; see for example here , here , or here . A quick google search also turns up plenty of libraries available to do this for you, such as this one or this one ."
71688731,SwiftUI: Change Color brightness in gradient,71689567,8,,"You cannot use modifier here. It returns instead of . If you want to add brightness to Color, you may need help from UIKit and need to implement as below. Then you can use it like this. You can also use this initializer for your custom color."
21138014,"How to add to and remove from system's environment variable ""PATH""?",21472285,13,,"Here's something that does what you want which is similar to code in the jaraco.windows project. And like it, only uses built-in Python modules —so doesn't require first downloading and installing the pywin32 extensions. Plus it's Python 2.6+ and 3.x compatible and supports Unicode environment variables and values (directory paths in this case). Note that Windows administrator rights are required to change the permanent system-level environment variables. Sample usage:"
1120156,How do you cast an instance to a derived class?,1120278,11,,"Rather than ""casting"", I think you really want to create an rather than a when invoking . To do that: Change to actually use the argument that's passed-in: You'll need to do something similar in . You didn't list the code for , but I assume that at some point it does something like: You want to replace this with: Remember: in Python a class object is a callable that constructs instances of that class. So you can use the parameter of a classmethod to construct instances of the class used to call the classmethod."
67475333,"TypeError: write() argument must be str, not dict",67475370,13,,"You can't write a dictionary to a file, as the method expects a string. Instead, you can use either use or . Code: Furthermore, you can directly iterate over the list and use the with statement to open the file:"
24155429,How to run this MongoDB query using MongoEngine,24155582,8,,"You can get the raw ""collection"" object as implemented by the pymongo driver using the ._get_collection() method on the class."
30464750,Chart.js line chart set background color,40292580,17,,"Here's a solution that works perfectly, also when saving to an image file (like png). I'm blatantly copying this from @etimberg at the chartjs issue tracker . This should go before your chart in the source."
2573603,Removing page title and date when printing web page (with CSS?),43678180,5,,"completing Kai Noack's answer, I would do this: this way once you print page, This will return to have its original title ."
23035947,rails 4 use application helpers inside initializers,23036175,7,,This is one way to do it: and wrap that from ApplicationHelper for use in views in middleware UPDATE: it does not need to be in a separate module (BrowserUtil) in middleware use in views it would use the included method
39451364,erlang zero dependencies installer for Debian and Ubuntu,39452926,4,,"There is no Zero-dependency Erlang Ubuntu/Debian for RabbitMQ. But the Erlang Solution package can be installed easily. We built the Centos package because the dependencies are hard to install on Centos (if you don't want to use the ) If you want to create an offline setup, you can do it like for other packages ( https://askubuntu.com/questions/974/how-can-i-install-software-or-packages-without-internet-offline ). Or you can create your own package by building Erlang from source code. Note also RabbitMQ has dependencies as"
12383064,How to Display the Data have more than two spaces in Repeater?,12383154,3,,"html doesn't recognize multiple spaces. You you put your data between tags to say that is is per-formatted. Or you could replace the space with . This is a non breaking space character . Space is used for formatting your html code, and hence if you have more than one space, it gets wrapped to just one."
16704950,Back Button on UIWebView,16705027,26,,"is for objects, not actions. You should probably write an method that looks something like this: and connect it to the Touch Up Inside action from the button. You can search for more info on but that's likely what you want"
21418309,How could assigning text to a string be an invalid cast?,21418395,3,,"Have you looked to see what the database driver is returning? I'm willing to bet that it's returning a SQL , which is manifestly neither a C# nor a string. The exception is being thrown from inside the method if you look at the stack trace. Before invoking you have to verify that the column is the desired type (a string) and that it is non-null. The method indicates nullity."
48815280,GitLab: How can I use code from another repository in pipeline job?,48833595,4,,You can make database-migration as submodule of first-api. See https://docs.gitlab.com/ce/ci/git_submodules.html Do not forget to add to .gitlab-ci.yml i.e. Create submodule Edit .gitmodules Replace with Add to .gitlab-ci.yml Commit and push
23090019,Fastest formula to get Hue from RGB,26233318,35,,"In addition to Umriyaev's answer: If only the hue is needed, it is not required to divide the 0-255 ranged colours with 255. The result of e.x. will be the same for any range (as long as the colours are in the same range of course). Here is the java example to get the Hue: Edit: added check if min and max are the same, since the rest of the calculation is not needed in this case, and to avoid division by 0 (see comments) Edit: fixed java error"
16522296,Probability of death of a man moving n steps in a matrix,16534785,9,,"TL;DR : Recursion. (Or ""mathematical induction"", if you're snobbish.) (In what follows, ""he is dead after he walks steps on the island"" is assumed to mean ""he dies after less than or equal to steps"". If you take it to mean ""he dies after exactly steps"", the answer will be slightly different. I'll discuss it briefly at the end.) We have an matrix where the value in each cell represents the probability of dying in steps if we started from that cell. Consider the probability of dying in steps. Clearly, this is for every location inside the island, and everywhere outside it. What's the probability of dying in steps? You have four directions you can move in, with equal probability. So for each cell, you take its four neighbors, find their probability of dying in steps, and average them together. (If a neighbor is outside the matrix, you consider its probability to be .) Similarly, the probability of dying in steps starting from a given cell is the average of the probability of dying in steps starting from its neighbour cells. Python code: Now, let's test it out a bit: ( is just a function for printing matrices nicely) As expected: You can't die in 0 steps if you start inside the island. This is what we'd expect. If you start at a corner cell, you have probability of dying in 1 step: 2 out of your 4 neighbors are outside the island. If you start on an edge, only 1 neighbor is outside, so your probability of dying is . Everywhere else, all neighbors are inside the island, so probability of dying in 1 step is . The probability of dying in 5 steps. I can't verify the exact values, but it looks about right: The probability of dying is highest in the corners, a little lower at the edges, and decreases steadily inwards. That solves the problem of dying in less than or equal to steps. Now, to find the probability of dying in exactly steps: Let the probability of dying in less than or equal to steps starting from be denoted by . Then the probability of dying in exactly steps is the probability of surviving for steps, times the probability of dying in the th step given that we survived for steps: . (I'm not all that sure about this formula; correct me if I'm wrong.)"
47251934,How to count the most frequent letter in a string?,47252058,4,,"The only hint she gave us was that we needed to make 2 lists. and this is where she lost me. That seems to imply that you cannot use , and probably not even dictionaries. If we can assume that letters are defined as the English alphabet, then one list is enough. In that case, you could create a list of 26 items, all initialized to 0. Then you could iterate over the characters of the string, and for each letter of the English alphabet, increment the count of the -th item in the list, where is the index of the letter in the alphabet. Create a list of 26 zeros: Loop over the characters of the input string : Check that the character is a letter: Calculate the 0-based index of the letter in the alphabet and increment the count: Once you have the counts, you can find the index that has the maximum value (left for you as an exercise), and get the corresponding character with ."
40255291,Vue.js img src concatenate variable and text,69922640,9,,"Following both method is valid. Method 1 Concatenate with sign and wrap string with single/double quotation. Method 2 Wrap with backtick and wrap variables with . As is a method so,"
53498352,Is there a solution for required mutually exclusive arguments listed as optional in help section?,53498681,9,,"This is an open issue in python's issue tracker, however there is a simple workaround for it. Simply create a titled group and add your mutually exclusive group to that one: Courtesy of Paul ."
29234673,"MPI_Send(99).: Invalid tag, value is -1",29234866,7,,"The in must be a positive integer or zero, and will return an error ( ) otherwise . is valid only for receive operations."
12744253,How to call a java program from another java program?,12744352,6,,"First, compile your code. I do not think you really want to compile class B from class A as you have written. This almost does not make any sense. Now, since both are java classes you can just call methods of one class from another directly. If however your really mean that 2 classes are independent programs, so that each one has its own main method you can run one application from another using either or using . Please pay attention on words really I wrote. I am pretty sure you do not want to call one java program from another. Most chances are that you want to call methods of one class from another, so do this."
31762650,How do I create a method that takes any iterable collection of strings?,31769264,6,,"Can't you just use duck typing? I.e., just assume that you're feeding the function an object of the right type and throw an error if at some point e.g. you don't have a string in your iterable. This should improve once you can really talk about iterables using traits; currently there is no iterable type. Scott's answer, for example, will not work with a tuple of strings, even though that is iterable. E.g."
43616422,Find the most common attribute value from a List of objects using Stream,43625259,5,,"If you are open to using a third-party library, you can use from Eclipse Collections with a Java 8 to create a and request the , which will return a of which is the tag value and the count of the number of occurrences. In the case of a tie, the will have more than one result. Note: I am a committer for Eclipse Collections."
15924329,Accessing an Oracle DB via C# without forcing the user to install an Oracle client,15925590,5,,"The managed ODP.net client is exactly what you want. Now that there's a 12c version out, it's a simple single assembly that you can deploy with your application and not have to worry about Oracle installations. There's also a nuget package that you can use if you don't want to install on your system. That is very painless to get up and running. Here's some links to those: Main package Second package to use Entity Framework 6/Code First"
24305782,How can I find out if a class has `initialize`?,24309940,4,,"Declaring Visibility By default, all methods in Ruby classes are public - accessible by anyone. There are, nonetheless, only two exceptions for this rule : the global methods defined under the Object class, and the initialize method for any class. Both of them are implicitly private . You can just ask the same to your class , your class will tell you, if it has the method or not. look this"
16545321,"How to ""EXPIRE"" the ""HSET"" child key in redis?",78821740,4,,"Starting with Redis 7.4 , it is possible to expire single hash fields. Find more information in the docs ."
11560568,How to authenticate to https://tfspreview.com (MIcrosoft-hosted TFS) using Java command line application?,11563829,8,,"< tl;dr > You can use Basic authentication to provide a headless experience to Team Foundation Service . Also, if you're not using the TFS SDK for Java , it may help you out. < /tl;dr > Generally speaking, there are three types of credentials that you can use to authenticate, and that determines the mechanism you use for authentication: A Live ID. As you noted, this requires you to log in to a Windows Live with a web browser and use the resultant OAuth tokens to authenticate. An additional password mapped to your Live ID, which exists for the purposes of Basic authentication. Instructions for setting up this additional mapping are available in the August 27 announcement about this feature . A service account. In addition to the list of users (specified by Live ID), your Team Foundation Service account also has a special user account that it uses for things like build automation and the like. There is one service account for each Team Foundation Service account and - as the name implies - this is an administrator account. Let's take a look at each option: Live ID : Authenticating with a Live ID using OAuth is going to be difficult for your command-line application. What Visual Studio does here is to open Internet Explorer to tfspreview.com , which will ultimately prompt you to enter your Live ID credentials. At that point, the various OAuth cookies will get set into your web browser. Since Visual Studio and Internet Explorer share the same underlying HTTP connection mechanism, it can make use of these same cookies. With a Java command-line client, you don't have that luxury (unless you're writing this exclusively for Windows and want to write some JNI to call the system's HTTP library that is.) So what are your options? I suppose it's possible that you could follow the redirect you're given - at which point you will eventually get a login page that you could POST your credentials to and ultimately get an OAuth cookie sent back to you that you could then use for authentication. But I suspect that this is probably not the road you want to go down, though. I strongly suspect that there's a healthy dose of JavaScript required to get you logged in. Basic Authentication : These require an additional step in setup, but are simple and obvious. There's no reason not to use these. Service Accounts : Lacking a web browser, though, you are able to present a WRAP token with your service credentials. You can view the service credentials for your account using the very helpful TFS Service Credential Viewer . With your service account username and password you can create a WRAP cookie to authenticate with. But at this point, you're authenticating as the service account, not one of your user accounts. If you don't want to mess with creating WRAP tokens yourself, you can also use the Team Foundation Server SDK for Java to build a connection. Simply hand your service credentials in as when you create a . Even if you don't want to use the API methods against the server, you can get the raw from that connection and it will have all the necessary configuration set. Taking a dependency on the SDK will also benefit you if we add new authentication mechanisms to the Team Foundation Service in the future as the SDK's API should not change dramatically."
11950976,Solr - store multiple Word documents for a single unique ID,11951296,3,,"In your SOLR schema define two fields - and . should be multivalued. Then aggregate in your s the text data for the id and index. I don't know the API, but using SolrJ it is fairly easy to aggregate using . Example update Example .NET update I would define my class in the following way: Then I will populate it and submit with something like this pseudo-.NET code:"
43922763,"merge from svn to git, commit by commit",43926018,3,,"Yes, that's possible using . Setup: This will set up a git repository with one branch named (svn trunk), and another branch named (git develop). Then to apply commits: ...this will apply the last 10 commits on trunk and commit them to develop."
17423870,Is there any way to get key hash from signed APK?,17424353,38,,"For windows users getting the key from openssl, may be tricky some times.. I always use this to find the right signature.. Just paste this code in your onCreate() and run. Update: Using Android studio(2.1.2): Open your project on studio and click on the gradle icon. Choose your app -> Tasks -> android -> SigningReport This will run a gradle task that will print the debug and release certificate with md5 and sha1 keys"
12328681,CSS aside height 100% when using sticky footer,12328821,6,,"Here's a little demo of what I'm about to explain: little link . First, position your and using and , respectively. Add of padding to both top and bottom of , and make sure its is . Set your 's to , and also make sure it's a . Basically; HTML: CSS:"
47209963,C# Diamond-Inheritance (Interface Implementation),47211235,5,,"No, and this is a very common and harmless scenario. namespace is a great example of similar ""redundant"" interface declarations: Both and evidently implement and the world hasn't ended. Don't confuse this with interface reimplementation , which does change behavior: And now,"
891918,ASP.NET Grid View vs. List View,906356,58,,"GridView supports: sorting by click paging editing selection template-based layout (rendered within ) ListView supports: List item paging (need to use DataPager) editing selection sorting by click (need to create an event handler manually) template-based layout (rendered as you want it + provides more templates, e.g. - GroupTemplate) The reason to use ListView would be if you need some special layout , for example, to create a table that places more than one item in the same row, or to break free from table-based rendering altogether) - which is not possible with GridView. Using GridView on the other hand is easier and faster , so unless you need special layout to display your data, use GridView."
31097414,Removing PIN in Core Bluetooth Connection,31097862,3,,If you specify any of your peripheral's characteristics with an 'encryptionRequired' property ( or ) or permissions ( or ) then bonding is required between the devices. If the devices aren't already bonded then this will trigger the pairing dialog and require a pin to be entered. If you don't specify any of the encryption properties or permissions on your peripheral's characteristics then you won't be prompted to pair.
43236214,Is it better to create multiple layout files for one activity or change a layout programmatically?,43236345,3,,"The best solution for your problem is to use a or a because these components are dynamic and can display from 0 to n views perfectly. : https://developer.android.com/reference/android/widget/ListView.html : https://developer.android.com/reference/android/support/v7/recyclerview/package-summary.html After use it, you are able to control when your user click."
61196341,Is there a more efficient way to resize a two-dimensional grid represented as a Vec<T>?,61199916,3,,"To simply reduce the number of allocations, you can make the closure passed to return an iterator instead of a : That is, for each chunk, create an iterator that yields the contents of the chunk followed by a ed string of 0s, and truncate it ( ) to total size . This does not require creating any s to store intermediate results and so it allocates less... most likely. This is okay, but it could be better. can't know the size of the internal iterators, so it doesn't give a useful (see Efficiency of flattening and collecting slices for a similar example). This means the in the solution above starts empty and may have to be grown (reallocated and its contents copied) several times before it is large enough. Instead, we can use first to reserve the correct amount of space, and the vector instead of ing into it: It is also possible to resize the grid in-place, with at most one reallocation (often reusing the existing one). However, that algorithm is significantly more complicated. The above is how I would write unless it were proven to be a bottleneck."
15393602,How can I tell if a datetime field in MySQL is in the past with PHP?,15393796,3,,"You could actually handle this with MYSQL in your query, which i would find easier because then you don't have to handle dates in php. For example: (DueDate < CURDATE()) returns 0/1 otherwise: Compare given date with today"
14734259,how to use Perl Regx to parse [key=value] if value has multiple data,14734486,3,,"In general, it doesn't seem that your format is unambiguous — something like could mean either that maps to and maps to , or that maps to — but for a good approximation, you can write: this will split on commas ( ), with the added restriction that the comma must be followed by one or more ""word characters"" ( — letters, digits, underscores) plus an equals sign. (This is called a lookahead assertion .)"
49810578,What is a shaded JAR file? And what is the difference/similarities between an uber JAR and shaded JAR?,49811665,202,,"I'll explain what an uber JAR is first because this underpins the shading explanation. Uber JAR An uber JAR is a JAR which contains the contents of multiple JARs (or, less commonly, multiple other JARs themselves) Your application will almost certainly use other packages and these packages might be provided as JARs. When using Maven these dependencies would be expressed as follows: At runtime your application will expect to find the classes contained in this JAR on its classpath. Rather than shipping each of these dependent JARs along with your application, you could create an uber JAR which contains all of the classes etc from these dependent JARs and then simply run your application from this uber JAR. Shading Shading provides a way of creating an uber JAR and renaming the packages which that uber JAR contains. If your uber JAR is likely to be used as a dependency in another application then there's a risk that the versions of the dependent classes in the uber JAR might clash with versions of those same dependencies in this other application. Shading helps to avoid any such issue by renaming the packages within the uber JAR. For example: You create an uber JAR which contains v1.0.0 of the library. Someone else uses your uber JAR in their application, The application has its own dependency on but on v1.2.0 of that library. Now, if there is any clash between versions 1.0.0 and 1.2.0 of we may have a problem because the owner of cannot rely on which one will be loaded so either their code will misbehave or your code - when running within their application - will misbehave. Shading helps to avoid issues such as this and also allows the provider of to be explicit about the versions of the dependent libraries it uses. The allows you to (a) create an uber JAR and (b) to shade its contents. Summary Creating an uber JAR is a useful technique for simplifying your deployment process. Shading is an extension to the uber JAR idea which is typically limited to use cases where The JAR is a library to be used inside another application/library The authors of the JAR want to be sure that the dependencies used by the JAR are in their control The authors of the JAR want to avoid 'version clash' issues for any applications/libraries using the JAR"
33388336,JS Function working as variable [ getEventListeners API ],33467408,12,,"Firstly to all those question comments, is not custom method, it is the console api provided by browser. getEventListeners(object) getEventListeners(object) returns the event listeners registered on the specified object. I executed the code which you have provided in the question. It just works fine in Firefox , check the attached snapshot I executed the same in Chrome browser But this is not expected. As it is valid and also Firefox is doing right, the same should have been worked in chrome. I checked all the answers in var functionName = function() {} vs function functionName() {} and all other resources. It explains the scope/visibility of function declaration and function expression. But here the problem is visibility of getEventListeners function not function-working or function-notWorking. So I think this must be defect in Chrome or the method should not be used in script, it is only for debugging purpose as specified in Command Line API Reference . Note : This API is only available from within the console itself. You cannot access the Command Line API from scripts on the page. More information"
55022340,Powershell pass command switches as variable,55022761,6,,The best way to do this is with a technique called splatting . You create a hashtable of the parameters you want to pass and then you use with the variable name (instead of ) to indicate that you want to splat it in to the required cmdlets parameters:
8586865,How to print String instead of address in Java?,8586905,9,,"is what you get when you print a byte array, i.e. binary data. To get a String from that, you need to know the encoding, and then you can do: Of course, that only works if that data is actually printable data."
37075040,Is it possible to write a grafana datasource plugin without using a external backend?,37763280,3,,It looks like it need to be wrapped into a promise and can't be returned directly. They use the angular $q component. I made it working with returning: You will get $q via dependency injection in the constructor:
18227759,Liferay: No Layout exists with the primary key 0,18336308,3,,"is your friend and might have everything that you're looking for (including the current layout (page). The javadoc I linked is not that great, but the methods you'll find there are mostly descriptive and should give you a clue what kind of current context you can get from this object. e.g. in a Theme, you can use to get the current page"
54528768,Handling multipart/form-data on API Gateway/Lambda,54574025,4,,"Although Ariz's answer is correct, I strongly recommend you to look into AWS Pre-Signed Upload URLs . It allows your clients to upload the file first to an AWS S3 Bucket, from where your lambda function can later access the object. Especially when you're working with large binary files, the former approach can lead to a lot of problems (-> memory issues, which is sparse in Lambda). I have written a short blog post about this in the past."
43465082,Delete all messages in a text channel,65901082,7,,"if the number of messages to be deleted is not mentioned, by default it will delete 4 messages i.e (amount-1) use command or to delete the messages. Don't use brackets in the previous line after writing 'clear'"
61174385,How can I inflate this zlib byte string in python?,61439237,5,,"I agree that this is a data corruption issue. and should be able to read one another's data without any stripping fields off or adding magic numbers. To prove it, here are a couple of demo scripts I threw together, one using to deflate the data and one using to inflate it again: Run them on the command line using . The expected output is the argument passed to . One thing that is worth pointing out about is the behaviour when using the option. The documentation for this option is as follows: (String) - if equal to 'string', then result will be ""binary string"" (each char code [0..255]) It is for this reason that I use in the JavaScript function above. Using ensures that the string passed between JavaScript and Python doesn't contain any non-ASCII characters. (Note that does not work because the string contains binary data.) I then use in Python to undo this escaping. If you can the -deflated data in the browser you could potentially pass that to Python to inflate it again."
27744079,Is it a conforming compiler extension to treat non-constexpr standard library functions as constexpr?,27744080,46,,"TL;DR In C++14 this is explicitly not allowed, although in it appeared like this case would be explicitly allowed. It is unclear if for C++11 this fell under the as-if rule , I don't believe it does since it alters observable behavior but that point was not clarified in the issue I reference below. Details The answer to this question has shifted with the evolving status of LWG issue 2013 which opens with: Suppose that a particular function is not tagged as constexpr in the standard, but that, in some particular implementation, it is possible to write it within the constexpr constraints. If an implementer tags such a function as constexpr, is that a violation of the standard or is it a conforming extension? In C++11 it was unclear if the as-if rule permitted this but the orignal proposal would have explicitly allowed it once it was accepted and we can see below in the gcc bug report I reference, this was the assumption made by the gcc team. The consensus to allow this shifted in 2012 and the proposal changed and in C++14 this is a non-conforming extension. This is reflected in the draft C++14 standard section [constexpr.functions] which says: [...]An implementation shall not declare any standard library function signature as constexpr except for those where it is explicitly required.[..] and although a strict reading of this seems to leave some wiggle room for treating a builtin implicitly as if it were a constexpr we can see from the following quote in the issue that the intention was to prevent divergence in implementations since identical code could produce different behavior when using SFINAE ( emphasis mine ): Some concern expressed when presented to full committee for the vote to WP status that this issue had been resolved without sufficient thought of the consequences for diverging library implementations, as users may use SFINAE to observe different behavior from otherwise identical code . We can see from the gcc bug report [C++0x] sinh vs asinh vs constexpr that the team relied on the earlier proposed resolution of LWG 2013 which says: [...]Additionally, an implementation may declare any function to be constexpr if that function's definition satisfies the necessary constraints[...] when deciding whether this change for the math functions was allowed in strict conformance mode. As far as I can tell this would become conforming if this we received a warning in strict conformance mode i.e. using or if it was disabled in this mode. Note, I added a comment to the bug report explaining that the resolution changed since this issue was originally addressed. Jonathan Wakely pointed out in another question a more recent discussion and it seems likely the gcc bug report will be reopened to address this conformance issue. What about intrinsics Compiler intrinsics are not covered by the standard and so as far as I can tell they should be exempt from this rule, so using: should be allowed. This question came up in the bug report and opinion of Daniel Krügler was: [...]Library functions and other intrinsics can probably be considered as exceptions, because they are not required to be ""explainable"" by normal language rules."
578967,How can I write a unit test to determine whether an object can be garbage collected?,578992,4,dp,"Perhaps you could hold a WeakReference to it and then check to see that it no longer alive (i.e., !IsAlive) after the tests have completed."
15088979,PHP and MySQL - how to avoid password in source code?,15089031,69,,"The easiest way is, like you said, to use a configuration file. Many frameworks use this ( Zend , CakePHP , Kohana , etc) and it's the most common way of doing things (even in a non-PHP environment such as ASP.NET with its files). This allows you also to copy over configuration values from environment to environment by just copying the files for the site, which is a benefit over relying on server-setup environment variables (which can very quickly be lost and forgotten). You shouldn't need to worry about obfuscation of the password since it's not a world-accessible file, it certainly shouldn't be web accessible. What I mean by this is that you would either a) Tell your web server not to serve your configuration file ( IIS already does this with files and serves a HTTP 404.8 status instead of the contents) or b) Move it outside of your web served directory. If somebody can see your configuration file, it's worse than having it in your source code. It's also going to be a good idea to have a base (empty / default) version of the configuration file, and separate it out per environments, so that you could have a different configuration file for production, development, and testing platforms. An environment variable is the most common way to differentiate between these environments, something like the below code: Another way that is pretty common is to use an XML configuration file and only read in the values that you need as appropriate (storing a cached copy of the config file in memory). This can very easily be restricted to only load in certain values, rather than allowing arbitrary inclusion of PHP files and is overall a better solution in my opinion, but the above should get you started in the right direction. You'll probably want your VCS to ignore the file. On the other hand, you might want a skeleton of the file, or one with reasonable defaults (the latter does not apply to login data, of course), to be version controlled. A common way to deal with that is to have a checked-in template configuration file, and the installation procedure copies that file to the location of the real configuration file, where it is customized. This can be a manual, or an automated, process. (Whilst somewhat unrelated to the main question, introducing a constant for your environment allows you to do some other cool stuff like deferring to a fake mail implementation instead of a live SMTP one, but of course this could also be done with a configuration file)"
35153124,Any difference between const Class& and Class const&?,35153207,12,,"There is no difference between and ; similarly here is no difference between and . And so, and are interchangeable with no difference. Both versions denote a reference to a constant Class instance and can be used interchangeably."
46569943,Does every chosen seed for random.seed() guarantee that random will generate a uniformly distributed sequence?,46573367,3,,"Let's say I would like to generate n > 10 ^ 20 numbers Let's say not. If you could generate a billion values per second, that would require , which is more than 3000 years. Even if you have hardware and energy sources that reliable, you won't be there to see the outcome. using random.seed(SEED) and n subsequent calls to random.random() The results would be statistically indistinguishable from uniform because the underlying algorithm, Mersenne Twister, is designed to produce that behavior."
53096127,How to get the greatest increment number of folder name in Powershell?,53098486,3,user6811411,"Since the numbers have a fixed width, sorting on NTFS file systems isn't neccessary. In case of unsorted file systems and numbers with different places, I'd use $ToNatural from Ronan Kuzmin it extends every number to 20 places."
25139231,Retrieving all months / days within two dates?,25139652,3,,You could use the information about month names stored in the CultureInfo. Here I use the InvariantCulture but this could be applied also to your current culture To obtain the month names from the DateTimePicker value use
9641468,Why Does Jenkins Show Builds In Modules When There Are No Maven Modules For My Project?,9648246,3,,"Jenkins treats Maven jobs as containers for modules. In multi-module projects, this makes sense as the maven project is clearly made up of multiple modules. As far as Jenkins is concerned, even maven projects with no sub modules still contain a single module. Again, the job is just the container for the maven module defined in your project."
1087794,Load a .DLL file and access methods from class within?,1087851,33,,"Use to get a collection of all the types, or to get a particular type. You can then create an instance of the type with a parameterless constructor using or get the constructors using and invoke them to create instances. Likewise you can get methods with etc. Basically, once you've got a type there are loads of things you can do - look at the member list for more information. If you get stuck trying to perform a particular task (generics can be tricky) just ask a specific question an I'm sure we'll be able to help."
44447674,Traceback missing when exception encountered in pyqt5 Code in eclipse(pydev),45910564,9,,"It took Alot of random browsing on the internet, but eventually found the code needed to work around the problem, posted here for reference for anyone else who has the same issue. Was obvious when i finally found it. ;) Hope this helps others."
761014,MYSQL: Can you pull results that match like 3 out of 4 expressions?,761025,19,,"Side note: this will very likely not be using indexes efficiently. On the other hand, there will very likely be no indexes on these kinds of columns anyway."
40137652,Override themes functions,40137740,3,,"Yes it can be overridden from a child theme. You can override the function from your child themes functions.php file. See more about child theme https://codex.wordpress.org/Child_Themes WordPress loads child theme first and then the parent theme. So if you create a function with same name in your child theme, then the if condition with will will be false and hence there this function won't be declared. If you want to override from a plugin then you've to declare the function in earlier execution. Try declaring it in a init hook. Update If the function isn't declared with check within a if condition then you can't override it!"
15648548,how to use a variable from other class in another class in php,15648592,5,,"Short answer to fix your problem: But you have other problems in your code. You have code like that will never be executed, because it's after a return statement. So the execution of the program will never reach it. You'll have to put those BEFORE the return statement. Also, I would recommend against updating the property $this->output in the model. I'd return something to the controller, and make this set the right HTTP headers based on the returned value. Returning things and changing object state at the same time can lead to unpredictable behaviour."
51786991,How can I select multiple columns for a condition with a single where statement?,51787315,3,,"Just use : If is greater than one of the values, then it is greater than the smallest of the values. Note: This assumes that all the measures are non- . If were used instead of , then you would use ."
28047272,Handle Paging with RxJava,38503187,3,,Iopar gave a great example. Just a small addition. If you want to get all pages in one onNext() call. It can be helpful when you want to zip this result with one more Observable. You should write: Usages : and you will get:
7769540,How can I clear the CommandLineArgs of an application from code?,7770558,3,,"What you're asking can't be done in .NET because the class caches the command line and there's no property accessor for setting it. (More correctly, the startup code caches the command line and calls into the runtime to get that cached value.) In a native Windows application, the API function returns a pointer to the command line that the operating system presented to the program. A program can call to parse the command line into the standard and parameters familiar to C and C++ programmers. The class uses something similar. When you call , it accesses the property and then calls the windows function to parse the command line. But doesn't get its value from . Instead, the program gets the Windows command line at startup (by calling ), and then saves it. This is unfortunate, because you can modify the value that returns, as demonstrated by this little snippet: If you run that, you'll find that returns the same string both times, whereas the second time you call , you'll get back the string . Even if the above did work, there's no guarantee that it would solve your problem. The 3rd party control might parse the command line, cache the login information, and never parse the command line again."
32711321,"setting element width without ""px""",32711893,5,,It turned out that it was due to the addition of into my HTML file. I did not know it could cause such as huge difference. The answer was in the comment of this question: Fallback for CSS attributes without unit
32735537,Python3 Type str doesn't support the buffer API on string comparaison,32735676,3,,"I don't have all the context, but I assume is of type and is a ? If you change (line 6) to (or whatever other encoding you use), then it should work. This error will occur whenever you search for a in , encoding the string with a particular character encoding will turn it into a byte sequence and make the two more readily comparable."
33940554,Javascript does not print text immediately,33940645,23,,"Why does this happen... Because browsers run JavaScript on the main UI thread they use for updating the page, for a variety of reasons. So although you've shown the ""hi"" text, it doesn't get rendered until the JavaScript code running in response to the event completes. ...and how do I fix this? Yield back to the browser after adding the text, before doing whatever it is that you're simulating with that loop. with a delay of is suitable for many cases: The JavaScript engine works basically in a loop with a task queue (the spec calls them ""jobs""). It picks up a job from the queue, runs it to completion, and then looks for the next job. Browsers (usually) update the UI when the engine is between jobs. When an event occurs, a job is queued to call the event handler. The above just moves the loop into a new job it queues via , so the browser has a chance after the event job and before the job to update the UI."
2589096,Find most significant bit (left-most) that is set in a bit array,2589221,53,,"GCC has that translates to BSR on x86/x64, CLZ on ARM, etc. and emulates the instruction if the hardware does not implement it. Visual C++ 2005 and up has ."
607827,What is the difference between Width and ActualWidth in WPF?,3989640,7,,accounts for padding in the value so anytime you need to know that number you can call instead of width and avoid the calculation. edit: removed Margin b/c it isn't part of ActualWidth.
21088723,"Phonegap 3.2.0 ""Unfortunately, AppName has stopped."" dialog when closing app",21110182,3,,"In the file Device.java replace the content of with this Warning: This is hiding the original problem where the BroadcastReceiver isn't being registered properly from what I got from the logcat. Adding the permission to the like suprnova said should've worked. But if you don't need to know the phone state, ie, if you're getting a call, or something like that, and you need a quick fix. Warning 2: When the next phonegap version comes out, this may get overridden."
47973917,Postgres IN clause with many values not using partial index,47974038,8,,"You are running an outdated version of Postgres . Consider upgrading soon. There are many possible reasons. I suspect a weakness in the selectivity estimation of the outdated version. I vaguely remember a maximum of 100 values for query planning involving arrays that was later improved. expressions are typically transformed to ) internally: How to use ANY instead of IN in a WHERE clause with Rails? Either way, you might be able to fix the behavior by repeating the predicate of the partial index in your query: There may be other problems with your server configuration like cost settings or table statistics: Keep PostgreSQL from sometimes choosing a bad query plan And don't forget to run on your table at least once after creating the partial index. Or, preferably, , but that's more expensive for your big table. PostgreSQL partial index unused when created on a table with existing data However, for long lists of values, there are more efficient query variants to begin with: See: Optimizing a Postgres query with a large IN"
7466541,"How do I use a ""Class Module"" or a ""Module"" in Visual Basic For Applications?",7466648,3,,The basic approach is: Declare a Collection object Create an instance of the object Add things to the collection Refer to the items is a good reference for lots of things vba Here's a Link to a collections page
30705647,How can I see when the field changes alphabetically in mongodb?,30706032,3,user3561036,"As your introduction to MongoDB, what you are now looking for is the method. This is the MongoDB way of doing ""GROUP BY"" in SQL, and many other things that manipulate the data from it's original form. To both get the results and ""update"" the data you now do something like this (ideally in bulk) : Of course you can always just pull out the three values ( or how ever many ) and use with on your update instead is you believe your real sample is small enough. But the basic case here is to use to get those ""top documents"" ( after is the key here ) and then do whatever you have to do to update the results you get from there."
68023226,Javascript - deserialized json string get value by string,68023264,3,,"Try formulating a key ( ) first, then access the element by that ID. Finally, set the value by using square-bracket notation."
19506049,Automatically call controller method and generate partial view. How?,19506134,4,,"You should call your controller action and have it return your partial view. Also, use a view model instead of viewbag. Layout or parent view/partial view: Partial view: View Model: Controller:"
25235462,Different results for list comprehension of files in directory compared to traditional loop,25235528,3,,"I think you want this: You have your loops in the wrong order in the list comprehension. Have a look at this question for reference on the syntax. My quick rule of thumb for you is to write the loops in the order you would if it were not a list comprehension and then to put the ouput expression at the start. I added because it seemed likely you want the complete path. If you just want the total number of such matching files, you can do this:"
3641157,Is there any cleaner way to do this? (Prepared SQL queries in Qt C++),3641209,3,,"In relation to your sub-question on SQL injection, that combination of and does indeed fully protect against it. This is because the bound values are never parsed by the SQL engine; they're just values that slot in after compilation (the preparation step) and before execution. Of course, you have to be careful when taking values out of the DB too, but that's not protecting the database but rather ensuring that the values aren't used to cause other mischief (e.g., injecting unexpected malicious"
36558006,Wordpress on iis error 500 for uploaded files,36567071,3,,"Try replacing child object permissions entries from IIS. Connect to IIS manager. Select the website and navigate to folder Uploads. Right Click on the Uploads folder and Click Edit Permissions. Click on Security Tab. Select the IIS_IUSRS username and click on Advanced button. Check the checkbox ""Replace all child object permission entries with inheritable permission entries from this object"". Click on Apply and OK."
26467026,Split Input for use with Bank Numbers (input split into sections),26467479,3,,"As a suggestion, if you use a model, simply add your attributes like below: By adding $ibanNumberPart1..4 properties to your model, it will know all of them as model attribute. So you can add 4 fields in your view with name and so on. It is also possible to write validations rules for each attribute. For example: By this, you split your input into 4 parts, and finally you have all of them into 1 field called ."
60460093,"Why is componentWillMount(), componentWillUpdate() and other lifecycle methods in React unsafe?",60460470,3,,"I will try to cover the important reasons why these lifecycle cannot be used. : Assumption: People thought that fetching the data inside the componentWillMount will avoid the initial empty rendering of the state, so that the component will not be empty. What actually happened: The render of the component happens immediately after the componentWillMount called. Therefore, If there is a delay in the data fetch, the component will still show a loading state. When making an API call, The browser will continue to process the other stuff in the application while the API call gets the data from the server. So, React will still continue to will be called : once to the server and once on the client. Solution: To overcome this misleading understanding, was introduced which will be called only once when receiving the data. : Assumption: People thought that calls whenever there is an update in the state (by calling ), which will update the component. What actually happened: Yes, the component was updating each time when there is a state update inside the componentWillUpdate, but when there is an external callback, the componentWillUpdate called multiple times for a single update. (Believe me, I have faced this issue :P). Solution: To avoid this issue, is introduced, which will invoked only once per update. Note: is also unsafe for the same reason of For more information, refer this docs Hope it helps :)"
32429259,Ansible fails with /bin/sh: 1: /usr/bin/python: not found,34402816,175,,"I stumbled upon this error running ansible on Ubuntu 15.10 server, because it ships with Python 3.4.3 and ansible requires Python 2 . This is how my looks now: Don't forget the -y (says yes to all questions) option with apt-get (or raw module will get stuck silently) line is also critical (because we can't gather facts without python)"
54806995,Android Studio corrupt installation,61445005,3,,There is a file called disabled_plugins.txt which lists which all plugins are disabled for Android studio. You can find this file here If by mistake you disable an essential plugin and your ide fails to start you can edit this file and enable the plugin again by removing it from it
6000291,Best style for iterating over a small number of items in Python?,6000809,3,,I make a point to do neither. I've found that code readability improves if you assign the tuple to a descriptive variable. For instance: vs
55477711,How to chain FilterDefinitionBuilders in Mongo.Net Driver,55500835,6,,"As I understand it, you need to decorate all your filters with a base filter . You can carry out using various approaches and I list three below. Let's say you have the following for your base filter: And the following filters that you need to decorate: Then: We can go about having a higher-order decorator function that takes a base filter and returns a function whose application on other filters will result in a filter that will be decorated with the base filter. Its implementation is simple as follows: You can now use the function to get a function and use it on your filters as follows: Another approach is for you to have an extension method itself: It can be used as follows: You can hard-code the base filter based on your particular use case and can have an implementation as follows: Then simply use it as:"
58616979,CSS challenges when leveraging 'Swiper' JS Library for my prototype,58673637,3,,"This is caused by the borders you have given to the slid elements. These mess up the way calculates the widths and how far it has to allow scrolling. Set on all the elements inside the swiper to handle this. I wasn't able to find anything regarding this in your code. You're not displaying/logging the image dimensions anywhere. Or maybe it's just not clear what you mean by ""when in memory"" The default CSS sets and . You have to override this to remove the margin. I'd also recommend aligning the row items using . In order to have fixed width slides, set in the configuration and set a fixed / for your elements that you can even change via CSS media query breakpoints. The swiper will automatically adapt on resize. (Click the ""Full page"" link below the Stack Snippet after running it and resize your browser window below 700px width for a demonstration.) However, this caused the right border of the last slide in each swiper to be cut off, even when scrolling as far to the right as possible. I fixed this by adding to each . You can also use the parameter to change options according to breakpoints that you can define. See the official docs . I've left your style tags in the HTML part of the snippet and added my styles in the CSS part."
69962000,Unable to upgrade from angular 12 to angular 13,71431808,5,,"it looks like an issue with npm i have ""npm --version"" --> 8.5.4 but it is mentioned that version 7.x produces same error this problem is covered here: https://github.com/angular/angular-cli/issues/21204 suggested workarounds are: passing the --force option to ng update which will propagate the force flag to npm. Downgrade to npm 6 Switch to yarn as a package manager i used the first one:"
50889501,Return Status while cap.isOpened() at command line,50889556,3,,"At the first look, this is due to the fact that you probably have control flow directives in your code (like , , etc.), that prevent the interpreter from reaching the line. Therefore you should make sure that either you print before these directives, your we can simply print at the top, like: That being said, we can turn this capture procedure into a generator that prints the values, with a nice progress bar, like: Then we can use it like: It will display a progress bar like demonstrated in the GitHub repository of ."
13200949,What happens with the return value of main()?,13200986,13,,"is called by some startup function in the C runtime library. The C language standard says that returning from is equivalent to calling the function, so most C runtimes look something like this: The exit status gets passed back to the operating system, and then what happens from there is OS-dependent. When you compile and link your program, the executable file format (e.g. PE or ELF) contains a start address, which is the virtual address at which execution begins. That function is typically part of the C runtime library (like the example above). That function has to end by calling a system call such as , since if it just returned, it would have nowhere to go to: it would just pop an address off the stack and jump to that location, which would be garbage. Depending on how the OS loader initializes processes, the program arguments , , and other data (such as the environment) might either come in as function parameters (either through registers or the stack), or they might require system calls (e.g. on Windows) to retrieve them. But dealing with all of that is the job of the C runtime, and unless you're explicitly going out of your way to avoid using the C runtime, you needn't worry about those details."
76577883,sum rows with condition and groupby,76578126,3,,"With your edit, it can be interesting to change the strategy. What you should do is to create subgroups for each condition: Note: in fact, to avoid , you can be explicit and append to the condition list to match every combinations. The output is now: And subgroups: Old answer EDIT: As suggested by @jezrael, you can avoid to write all conditions by using a mapping dict and a comprehension: You can use to match your conditions then use to broadcast the sum on right rows: Output: After , the result is:"
15379108,Add directive from inside another directive in angularjs,20418719,3,,"Calling on the element of the directive itself will cause the same directive to run again, which then repeats that process - forever. In the angular source code of many directives, you can see that they handle this situation like this: using rather than just . That means that everything inside of the element is compiled and the directives/data-bindings are registered and no loop is created. If you do need to the element itself, either replace the original element entirely or remove the original directive from it (remove the attribute, change node type, etc) before compiling."
30422397,Declarations inside a constructor in Java,30422432,4,,If you want to use the variable and outside the constructor you have to declare it to the class level variable like this Otherwise its fine.
15723993,"Why is this AS3 code generating an ""Error #2006: The supplied index is out of bounds""?",15724085,3,,"Your for loop conditions are incorrect, try this : You have to remember that arrays and the display list start at 0, so the index of the last element in your lists is length-1, and in the case of a display list numChildren-1 and are what solve the problem"
31076437,"Rebalancing a table shard, with MySQL/InnoDB",31085634,10,,"""Sharding"" is splitting data (usually one table) across multiple servers . ""Partitioning"" is splitting a table into multiple subtables on the same server. Which are you doing? Fabric does sharding. Your comment about .ibd implied you are thinking about partitioning. Assuming that you want to one huge table, I need to first ask why . This is a serious question because most (I do mean most ) people think that partitioning will magically produce some benefit, when in reality it won't. I believe there are only 4 use cases for partitioning . Does your situation fall into any of them? If, on the other hand, you want Sharding, then please provide and discuss which column you would shard on. Edit (after getting clarity on goals) I hope you do not have explicit ; they will not work with either partitioning or sharding. is a problem in two ways. There is no need to make ; the only requirement for an is that it be the first column in some index. So this would be less burden on the system: INDEX(id) An does work for table, but it does not work for a sharded table. You will need to assess the purpose of . Either it is OK for it to be unique only within one shard, then there is no real problem. If needs to be unique across all shards, that is more difficult. Probably the only solution is to have a technique for getting id(s) from some central server. However, that leads to a single-point-of-failure and a bottleneck. If you need to go that direction, I can advise on how to avoid those drawbacks. How to migrate to the ultimate, sharded, system? I do not recommend any digression into , it won't really help in the long run. And the cost of is high -- copying all the rows over, both the extracted rows and the remaining rows. Edit: If you do use partitions, use to do the splitting with minimal downtime. Instead, I recommend perfecting a tool that will migrate one from one shard to another. This has to be custom code, because there are probably other tables (and references between tables) that will be affected by moving an account to a different server. In the long run, this will be useful for load balancing, hardware upgrades, software upgrades, and even schema changes. When you need to change something, create a new shard(s) with the new OS/version/schema/whatever and migrate users to it. The simple approach to this tool is ""Block"" writes for that one account Copy the records to the new shard Change the gatekeeper to know that that account is now on the new shard Unblock writes Eventually (and gradually ) rows on the old shard This is not much of a problem if an account is ""small"". But if you need minimal downtime (writes blocked), then we can discuss a more complex approach. (In case you have not guessed, I have 'been there, done that'.)"
24194626,"In Java, how to force an Exception to ""bubble up""?",24194663,16,,"Immediate answer: Your thought is exactly right, This suppresses the exception Either remove the block (desired unless you can actually do something with the exception)or re-throw it within the block. Explanation Generally with exceptions like this you have 2 options Catch the exception and do something to remedy the exception Throw the exception to the caller What you have done here falls into the 1st category except that you have not done anything useful in the block (printing to console is rarely useful in this case because the exception message itself normally has enough information to see what has gone wrong) The 2nd category is achieved either by not using a block and thus adding to the method signature. Alternatively explicitly the exception that you caught using: however in this case if isn't worthwhile you have unnecessarily caught something just to throw it on. You can think of it like this: Bonus Points When you know the exception that could occur make sure to actually or that exception and not a parent of that exception. Take the following method signatures for example: Here clearly tells the caller what could happen and can help then figure out why the exception is being called (without having to read through the code or experience the error). Secondly other exceptions can occur and you are potentially catching the wrong exception, take the following example:"
915084,Ways of keeping DLLs up to date,915100,8,,"The Microsoft best practice advice is to reference projects rather than DLLs wherever possible. Project-to-Project References and File References File references are direct references to assemblies; you create them using the Browse tab of the Add Reference dialog box. Project-to-project references are references to projects containing assemblies; you create them using the Project tab of the Add Reference dialog box. The advantage of a project-to-project reference is that it creates a dependency between the projects in the build system, so the dependent project will be built if it has changed since the last time the referencing project was built. A file reference does not create a build dependency, so it is possible to build the referencing project without building the dependent project, and the reference can become obsolete (that is, the project can reference a previously built version of the project). This can result in several versions of a single DLL being required in the bin directory, which is not possible. When this conflict occurs, you will see a message such as Warning: the dependency 'file' in project 'project' cannot be copied to the run directory because it would overwrite the reference 'file.'. You should avoid adding file references to outputs of another project within the same solution, because doing so may cause compilation errors. Instead, use the Projects tab of the Add Reference dialog box to create project-to-project references within the same solution. This makes team development easier by allowing for better management of the class libraries you create in your projects. For more information, see Troubleshooting Broken References and How to: Create and Remove Project Dependencies. From here ."
79846431,When is the renderer process in Electron application actually ready to listen for the events?,79846443,3,,"You are right, this is not . But you should not use . In the main-process Electron workflow, pretty much never. The asynchronous model is well-known and works correctly. Basically, this is what you do: As you can see, the ultimate event when a renderer window can be shown is not , but 'ready-to-show' . Inside the handler of this event, your renderer process is ready to receive IPC events, so you have to use the 'ready-to-show' hander to do the initialization you need. Nevertheless, you also have to use the event , because the handler of this event is the place when you can create an instance (or instances) of the BrowserWindow ."
31163900,"Random number range, exclude 0",31163957,8,,"Whatever you do, don't redraw if a returned value is 0: that will introduce statistical bias into the result. The best thing to do here is to draw between -10 and 1 inclusive and add 1 to any non-negative output. Finally, call once else you'll ruin the generator's statistical properties. (Briefly - since this comment is more for the mathematics site - and restricting the argument to a linear congruential generator, what tends to happen if you omit generated values is that you increase the variance of the resulting distribution so it's no longer uniform. A previously drawn small number will be linearly related to the subsequent drawing as the generator's modulus will have no effect. This autocorrelation - necessary for the resulting distribution to be uniform - of adjacent drawings will be curtailed if drawings are discarded and that increases the sample variance.)"
43185658,Issue related to scope of variables in Javascript,43185694,5,,"Global variables are properties of the object, so gives you because is . (Further reading: How does the “this” keyword work? ). Local variables are not properties of any object. They can't be accessed as if they were properties of an object. Just log and not ."
59611619,How to enable foreground notification for only some UIViewControllers?,59612904,4,,You can put the condition in the notification delegate method to show notification for a specific view controller or not. I hope this will be helpful to you...
24482556,Regex condition on first and last characters,24482685,3,,"This is one of the cases where you should not attempt to build a regex that matches something, but rather a regex that matches the complement of something , and use the regex negatively."
46202463,How to make a Many2many field editable directly in a form view?,46205799,4,,I don't know if it will work i needed the inverse of what you want for one2many field because one2many field when you click on add item an empty row is added. In your view For changing the behavior of o2m to m2m worked hope it wlrk for you too EDIT : Don't forget to make your tree view editable first it may work work without having to change the widget I'm on my phone sorry for less code Edits : If you didn't find an easy way to do it what you have to do is that many2many field eventually it create a relation table between your two models just create that relation as a model and put two many2one field to your models an change many2many field to one2many to the new model and this way you did what many2many do. Hope you get the idea
67176371,"Keep immersive mode all over the app on Android, Xamarin.forms",67286155,6,,"is deprecated as of . There is a new way to do this in this API version. Below is the code I used in one of my apps. I had to override a bunch of methods in MainActivity class. Previously, I also implemented the interface. But it is also deprecated and will be removed in future versions: EDIT: If you want to keep immersive mode after user focus some input control on your screen you can implement interface. Here's how I did:"
70472119,Non-interactive configuration of databricks-connect,70476731,4,,"Yes - it’s possible, there are different ways for that: use shell multi line input, like this (taken from here ) - just need to define correct environment variables: generate config file directly - it’s just JSON that you need to fill with necessary parameters. Generate it once, look into and reuse. But really you may not need configuration at all - Databricks connect can take information either from environment variables (like ) or Spark configuration (like ) - just refer to official documentation ."
29837728,Scala implicit ambiguity doesn't get resolved without annoying dummy argument to mark the type.,29838470,6,,You need to make the factory covariant in M. See https://groups.google.com/forum/#!topic/scala-language/dQEomVCH3CI and https://issues.scala-lang.org/browse/SI-7332 . This compiles: I've taken the liberty of shortening your names. I also followed the advice you received at how to generically handle Scala Higher-kinded types when coding factories for generating containers of items of type 'X' to make A a type parameter on the factory itself.
26497062,Can I securely delete a file this way?,26497154,3,,"The data may still be accessible by a professional who knows what they're doing and can access the raw data on the disk (i.e. without going through the filesystem). Your program is basically equivalent to the Linux command, which contains the following warning: CAUTION: Note that shred relies on a very important assumption: that the file system overwrites data in place. This is the traditional way to do things, but many modern file system designs do not satisfy this assumption. The following are examples of file systems on which shred is not effective, or is not guaranteed to be effective in all file system modes: log-structured or journaled file systems, such as those supplied with AIX and Solaris (and JFS, ReiserFS, XFS, Ext3, etc.) file systems that write redundant data and carry on even if some writes fail, such as RAID-based file systems file systems that make snapshots, such as Network Appliance's NFS server file systems that cache in temporary locations, such as NFS version 3 clients compressed file systems There's other situations as well, such as SSDs with wear leveling."
36335951,Calling spring data rest repository method doesn't return links,36336430,3,,The HATEOAS functionality is available out of the box only for the Spring data jpa repositories annotated with . That automatically exposes the rest endpoint and adds the links. When you use the repository in the controller you just get the object and the jackson mapper maps it to json. If you want to add links when using Spring MVC controllers take a look here
59717295,What is the meaning of 0b00 and 0b11 in C/C++?,59717762,7,,"0b means that a number in binary representation is expected. For Data direction registers, setting the bits to 1 will make the respective lines outputs, and setting to 0 will make them inputs. The will do a binary OR operation between the current value of the bits in with the mask. This will result in , so that means will keep the value for lines 7 and 6. This operation basically sets lines 5 and 3 as Output and leaves the rest as they were."
4453876,Nested While Loops not working,4454031,3,,"Thing 1: the Pythonic way of doing something 10 times is Thing 2: clearly Python thinks that , or it wouldn't loop infinitely. Try to check. Thing 3: what's the point of anyway? Are you trying to do multithreaded stuff or something?"
37792918,c# - not recognizing Keydown when the focus is on a TextBox or ComboBox,37793120,4,,"is a bubbling event, which means it is fired in the current first and ""bubbles up"" to the parent elements if it is not handled. In this case, many UI elements handle F4 to open dropdowns or do various other tasks. Since the and are handling the event themselves, it doesn't get bubbled up to the window, so the window's handler will not fire. If you want the window to override its child elements, you should use instead. This is a tunneling event, meaning the handler of the parent control is fired first and tunnels down to the child control if it isn't handled. See this answer for more information on tunneling and bubbling events."
44462554,how to add and subtract in C#?,44462598,6,,"This mix-up comes from the confusion between two roles of : When it is used in an expression with strings, it denotes concatenation When it is used in an expression with numeric types, it denotes addition You can fix this problem by placing parentheses around your expressions. However, a better approach is to use string formatting or string interpolation instead of concatenation, which lets you avoid this problem altogether: or"
19218301,Confusing Java parameter manipulation,19218374,4,,will set the instance attributes & values with the passed values and . so when you create an instance using : a and b will be have values 5 & 3 respectively. Hence calling method will return On the other hand if u use: local variables x and y will be set to with the default values of a and b i.e. 0. Also a and b will hold defualt values as 0 as no other value is set. So when u do as a & b have values 0 so calling method will return
52410075,how do I append path to my existing url through URI builder,64279856,3,,One-Liner using UriBuilder : Output: Test: Copy-paste the code into https://groovy-playground.appspot.com/
51485802,Replace values with numbers,51485984,4,,"You don't need any of that. Basically, you're searching your database (which I called db) for ""Up"", ""Down"", or NAs, and assigning 2, -2, and 0 respectively. This leaves you with all characters, so you do this: In your comment you said it gives you a factor error - that means your df is all factors. Fix that by starting out with this:"
21956577,Centering a navigation bar…,21956640,4,,"The reason it isn't centered at the moment is in your css, here: Change it to inline-block, like so: Add to the container: And that will allow them to center, instead of forcing them left. Ensure the parent container(s) have on them. See the updated jsFiddle Finally, css selectors: - selects the ul that has the ID of - selects the ul that is the child of an element with the id of - ensures it only addresses any elements with id of , but could also be written simply - selects all the li elements that are the child of the ul with the id of - could also be written , since an ID should only occur once on a page."
41241984,Equation numbering in Jupyter notebooks,75812485,3,,"A quick follow-up on cross cell references for all JupyterLab users: Since (to my knowledge) jupyter_contrib_nbextensions do not work with JupyterLab, you can just use the code from the equation-numbering extension directly in your notebooks. This is how it kind of worked for me: Cell A (code cell): Cell B (code cell): Cell C (markdown cell): Cell D (markdown cell): For the cross-cell reference to work you have to run cell B again after running cell D (this also answers the question in @jrive's comment but appearently I don't have enugh reputation to write a comment). I say it ""kind of worked"" because there is one problem: So far I could not figure out how to make the auto-numbering work properly across multiple notebooks. If I reset the numbering as described above, the equations are numbered in the same order the cells were run (not sure about this though, it sometimes seems a bit random), regardless of the notebook they belong to. So you might end up having Eq. 1, 2 and 4 in one notebook and Eq. 3 in the second. This might look somewhat weird, but at least all references link to the correct equation... Maybe someone has a solution for this?"
68804783,ReactJS : Invalid hook call. Hooks can only be called inside of the body of a function component,68806793,3,,"Get rid of . You're confusing components with normal functions and trying to use them interchangeably, which is leading to a drastically over-engineered and broken structure. is your component. Inside that component should be your calls to and . The calls define your component's state values and the call invokes an operation when dependencies change on a re-render. Simplify what you're doing. For example: Now you have a component with 4 state values and 1 effect. That effect is that an AJAX operation is performed when the component is first loaded (and never again afterward), and that operation updates the state when it's complete. That state update will re-render the component with its new data. From this starting point you can continue to develop your features. Edit: Based on comments below it sounds like you also want to manually invoke the AJAX function in an event handler. For that you would extract the AJAX logic into a function and invoke that function in both the event handler and in , the same way you would extract functionality into a function to call from multiple places anywhere else. For example: Now that you have a function which independently performs the AJAX operation (and is just calling that function), you can call that function in your event handler: If you need to pass the selected value to then you can pass just like you do to . Then in you'd add a function argument and use it however you need to."
26883096,Span vertical align top inside table,26883397,4,,"The best way I could think is what you already know, that is by adding style to the element But if you want the other way, you can also use this without you just need to specify the of the , the same with the element that contain it, set the so there won't be another element beside it, and set so the and can work. Note: This should only be used if there's only 1 inside the , which is the"
61279736,Will revoking a current APNs key break a live app?,61279980,13,,"Your app will continue to function on the app store, however will be unable to receive push notifications until you replace the old key with the new key. Your APNS key is specific to your development team and not to the app itself. You won't need to update the existing app after switching the keys. The only info that APNS needs from the app is the bundle identifier."
16620366,Apk location in New Android Studio,18298604,8,,"If anyone would be missing his APK and couldn't find it in the locations stated in other answers (I found this question, since I couldn't find it either) it might just be in this folder (mine was) I also had a there this file: I am not perfectly sure, whether the apk is actually the full-blown apk, which should be generated, but I tried it on various devices (not only the target device, but also those which were supporting only the minimum SDK) and it worked. Hope this will help someone."
25772235,Interleave function,25772417,7,,"Yes, it works because the input is a pair of infinite lists. That definition of only handles the case where its first argument is not empty, ie uses the constructor. But lists have a second constructor ( ) which that definition ignores is possible. A more complete definition would probably look like this, depending on how you want it to handle an empty input:"
20059423,DSE 3.2 SOLR FileNotFoundException,20060070,3,,That looks like some files did not flush correctly on shutdown. You will have to do a full re-index (with deleting) on nodes showing those errors to get the lucene indexes to rebuild. This page shows how to initiate a re-index. http://www.datastax.com/docs/datastax_enterprise3.2/solutions/dse_search_upload#reloading-a-solr-core
30114379,HTTP on a HTTPS Website,30114424,4,,"That is mostly dependent on the server configuration. The server has to accept the initial HTTP request and be configured to redirect the client to an appropriate HTTPS url. That being said, there are some Internet standards related to automating HTTP-to-HTTPS upgrades. HTTP Strict Transport Security and Upgrade Insecure Requests allow an HTTP/S server to tell clients that it wants them to automatically use HTTPS for all subsequent requests. If a client visits an HSTS/UIR-enabled server, it will receive a normal HTTP response with additional HSTS/UIR-related headers. If the client supports HSTS/UIR, it will then know to automatically send all subsequent HTTP requests to that same server using HTTPS, and in the case of UIR also treat any received HTTP URLs as if they were HTTPS URLs."
22080176,Haskell Filtering but keeping the filtered,22080293,9,,"Well, that's imprecise wording anyway. The signature is so is described as filter all elements from that fulfill . So to ""do the opposite"", you just need to invert the predicate. For instance, Prelude> filter (== 'a') ""Is there a simple method or variation of filter that"" ""aaaa"" Prelude> filter (/= 'a') ""Is there a simple method or variation of filter that"" ""Is there simple method or vrition of filter tht"" In general: Prelude> filterNot (== 'a') ""Is there a simple method or variation of filter that"" ""Is there simple method or vrition of filter tht"""
4141666,"why sizeof("""") is equivalent to 1 and sizeof(NULL) is equivalent to 4 in c-language?",4141730,21,,"A string literal is an array of characters* (with static storage), which contains all the characters in the literal along with a terminator. The size of an array is the size of the element multiplied by the number of elements in the array. The literal is an array that consists of one with the value . The type is , and is always one; therefore is always one. In C, is implementation-defined, and is often . The size of a , on your particular implementation , is 4. It may be a different number depending on the platform you run on. may also expand to an integer of some type of the value 0, and you'd get the size of that instead. *A literal is not a pointer, arrays are not pointers, pointers do not play a role in this part of the question."
936249,How to stop tracking and ignore changes to a file in Git?,48882519,17,,"Lots of people advise you to use . Indeed, this may be a good solution, but only in the short run. What you probably want to do is this: . (The third option, which you probably don't want is: . It will keep your local file, but will be marked as removed from the remote repository.) Difference between the first two options? is to temporary allow you to hide modifications from a file. If you want to hide modifications done to a file, modify the file, then checkout another branch, you'll have to use then probably stash modifications done. will follow you whatever the branch you checkout, with your modifications! Use case of It assumes this file should not be modified, and gives you a cleaner output when doing . But when checking out to another branch, you need to reset the flag and commit or stash changes before so. If you pull with this option activated, you'll need to solve conflicts and git won't auto merge. It actually only hides modifications ( won't show you the flagged files). I like to use it when I only want to stop tracking changes for a while + commit a bunch of files ( ) related to the same modification. Use case of You have a setup class containing parameters (eg. including passwords) that your friends have to change accordingly to their setup. 1: Create a first version of this class, fill in fields you can fill and leave others empty/null. 2: Commit and push it to the remote server. 3: 4: Update your configuration class with your own parameters. 5: Go back to work on another functionnality. The modifications you do will follow you whatever the branch. Warning: if your friends also want to modify this class, they have to have the same setup, otherwise their modifications would be pushed to the remote repository. When pulling, the remote version of the file should overwrite yours. PS: do one or the other, but not both as you'll have undesirable side-effects. If you want to try another flag, you should disable the latter first."
57416353,What is an easier way for 'checkbox' to 'show div'?,57416440,3,,"The best way to do this would still be with CSS. You can make the logic more generic by wrapping each set of elements in a container, such as a in the following example, then placing common classes on each element which you can then use in the CSS. Try this:"
66260709,Why do simple programs take up so much storage space?,66265114,3,,"gcc on MacOS generates object and executable files in the Mach-O file format. The file is divided up into multiple segments, each of which has some alignment requirement to make loading more efficient (hence why you get all the zero padding). I took your code and built it on my Mac with gcc, gives me an executable size of 8432 bytes. Yes, gives me a bunch of zeros. Here's the output of the section headers: contains the machine code of your program, contains the literal , and there's a bunch of metadata associated with each section. This kind of structure is obviously overkill for a simple program like yours, but simple programs like yours are not the norm. Object and executable file formats have to be able to support dynamic loading, symbol relocation, and other things that require complex structures. There's a minimum level of complexity (and thus size) for any compiled program. So executable files for ""small"" programs are larger than you think they should be based on the source code, but realize there's a lot more than just your source code in there."
9003310,Must a CORBA application be implemented in the same language as the ORB?,9003440,3,,"No. The point of CORBA is that it fully decouples the components. Obviously, your applications need to use client libraries that they can interface with. Your ORB may only supply bindings for one language, in which case you need to find other bindings, or find a way to interoperate with them (e.g. if using Python, you could still work with C++ libraries if you wanted). Try actually using the technology."
1323553,Can I make a dependency property that's read-only?,1323591,4,,"Yes, you can. MSDN has an entire section describing how to define and use Read-Only Dependency Properties . The main issue is to call DependencyProperty.RegisterReadOnly instead of Register. Also, if you create a property on the object to handle this, make sure to only implement a public getter in the property, and not a public setter."
13409779,Regular expression not capturing the text from my website,13409816,6,,"matches any character except newlines unless you use . Since you want to match the newline, you'd have to add . But that would find the last three letters of the document. You actually want"
67631706,Power 10**10 gives the wrong output. what could be the reason?,67631786,7,,"You're probably on some kind of 32-bit systems where numpy defaults to 32-bit integers. This caused the result to be ""truncated"" to 32 bits. You can verify the result with the following expression: Use Python built-in and unless you need the fancy stuff numpy provides. It's an arbitrary-precision integer implementation and should work for all kinds of integer calculation workload."
12709378,Unusual spaces in html,12709756,4,,"Depending on its semantic value, you could also use a definition list. HTML: CSS: http://jsfiddle.net/SVdTt/"
2252085,How to handle order of messages in JMS?,2325227,6,,"I second the advice about checking the EAI site, and the book it is based on (a fantastic text on MOMs and MOM patterns). Personally I'd investigate the Resequencer , though."
12619763,XMLHttpRequest not working properly in Safari (but works with Chrome),12620083,3,,"both and is the global object both are understand by other browsers. but when I checked in safari, it don't understand the variable . So my suggestion is replace with ."
26388735,Rotate animation and translate?,26388935,11,,"The 2022+ answer You can work around this by using individual property transforms which have pretty good browser support . In short, use the properties like , , etc. instead of . Side note: You don't need browser-specific properties for anything related to transforms or animations these days. The original 2014 answer The issue is that the in the animation is overriding the default . In this case, you can combine them in the animation itself but it has to be hard coded. If you need it to be dynamic, you can nest it in an element and animate one while not affecting the other - most likely translate the parent and rotate the child. If you absolutely cannot have more than one element, you can affect the transform matrix for the element using JavaScript, in which case using an animation library like GSAP would be advantageous."
27302712,Can I disable gh-pages hosting for my forked repo?,37244558,4,,"I would suggest renaming the ""branch"" in your fork to something other than gh-pages, that should prevent it from triggering builds, but will still allow you to pull request to the gh-pages on the upstream parent."
2877663,Is there a way to stop Firebug from working on a particular site?,2877691,15,,"If the performance of your website suffers when Firebug is enabled, you may want to display a warning, asking users to switch it off. You can easily detect if Firebug is enabled through JavaScript ."
4339787,Saving file into a prespecified directory using FPDF,54345821,6,,"Check the syntax here: http://www.fpdf.org/en/doc/output.htm It is: , so you have to write: or e.g.: or relative path: However, I am not sure if you can use windows absolute path..."
6343285,How to dump nested maps in C++ for debugging purposes?,6343397,3,user2100815,Write a function: You can then say: and use it for dumping any other maps where K & V are types that have streaming operators available.
5940631,Problem with linq query,5961750,53,,"You should not use NHibernate.Linq.dll with NHibernate 3.0! NHibernate 3.0 has Linq included (a by far better version than the old extension dll), you just need to add and use instead of ."
63995723,Is kernel did de-fragmentation,63995849,3,,"When receiving UDP data via a socket of type , you'll only receive the complete datagram (assuming your input buffer is large enough to receive it). Any IP fragmentation is handled transparently from userspace. If you're using raw sockets, then you need to handle defragmentation yourself."
19280468,Good tolerance for double comparison,19284011,4,,"The specification of tolerance is a business function. There aren't standards that say ""all tolerance must be within +/- .001%"". So you have to go to your requirements and figure out what's going to work for you. Look at your application. Let's say it's for some kind of cutting machine. Are they metal machining tolerances? .005 inches is common. Are they wood cabinet sawing tolerances? 1/32"" is sloppy, 1/64"" is better. Are they house framing tolerances? Don't expect a carpenter to come closer than 1/4"". Hand cutting with a welding torch? Hope for about an inch. The point is simply that every application depends on something different, even when they're doing equivalent things. If you're just talking ""doubles"" in general, they're usually good to no better than 15 digits of precision. Floats are good to 7 digits. I round those down by one when I'm thinking about the problem (I don't rely on a double being accurate to more than 14 digits and I stop with floats at six digits); however, if I'm worried about more than the 12th digit of precision I'm generally working with large dollar amounts that have to balance precisely, and I'd be a fool to use non-integer math for them. Business people want their stuff to balance to the penny, and wouldn't approve of rounding off addition operations! If you're looking at math library operations such as the trig functions, read the library's documentation on each function."
10375871,Highchart hide default buttons,10376015,19,,you can access each button preference with something like this: an expandable example with your custom button would be:
11629093,"add working url into pdf, using qt + qprinter",12108075,4,,"You can create a PDF with Qprinter using QTextDocument. QTextDocument has setHtml() method which lets you use html tags including tag ( ). After that, you can create PDF with that HTML using QTextDocument print() method. Code Example: After running this code you will have out.pdf file with a clickable text: ""google"" that links to ""http://www.google.com"" P.S. You could even add an image using tag."
46004317,Installing CouchDB 2.1 on Ubuntu Server 16.04,46835928,9,,"This will install CouchDB 2.1: Add ""deb https://apache.bintray.com/couchdb-deb xenial main"" to /etc/apt/sources.list using your favorite editor Add the public key to apt: curl -L https://couchdb.apache.org/repo/bintray-pubkey.asc | sudo apt-key add - Depending on your setup you may need to install https for apt sudo apt-get install apt-transport-https Update apt and install! sudo apt-get update && sudo apt-get install couchdb"
47916304,Why can't OpenMP have sections inside of for loop?,47919336,3,,"OpenMP sections are for somewhat unrelated bits of code that can be executed in parallel. The idea is that within your algorithms, there are different parts which aren't super organized, but which could be executed in any order and even in parallel. This is a very ad-hoc way of parallelizing, which you don't expect to see much in a code. Anyway, your code isn't standard compliant since all blocks within a construct must be enclosed inside a block (but the first for which this is optional as it is implicitly enclosed in a first block). Here, if you where to add this implicit right before your loop, you'd see how little sense the code would have: the loop is in a section and the body into another... Here, since you have a loop, this structures your code very well and should permit you to use a directive. You only need to rewrite a bit your such as to explicit better the loop boundaries."
8892973,How to get last insert Id in SQLite?,8893008,29,,"SQLite This is available using the SQLite function : The last_insert_rowid() function returns the ROWID of the last row insert from the database connection which invoked the function. The last_insert_rowid() SQL function is a wrapper around the sqlite3_last_insert_rowid() C/C++ interface function. PHP The PHP version/binding of this function is : Returns the rowid of the row that was most recently inserted into the database dbhandle, if it was created as an auto-increment field."
10053037,C# - SELECT Query number of rows affected is always -1,10053066,8,,"Have you read the documentation of ? For UPDATE, INSERT, and DELETE statements, the return value is the number of rows affected by the command. When a trigger exists on a table being inserted or updated, the return value includes the number of rows affected by both the insert or update operation and the number of rows affected by the trigger or triggers. For all other types of statements, the return value is -1. If a rollback occurs, the return value is also -1. And your query is SELECT."
19056967,VB.NET Array Contains method does not work,19059644,3,,"What framework are you working with? I ran this in 4 Full and it worked: Keep in mind array.contains uses equality, so ""PDF"" works, ""PD"" does not. You may need to iterate with indexof if you are looking for partial matches. In that case try: Dim fileTypesZ As String() = {""PDF"", ""TXT"", ""DOC"", ""DOCX"", ""XLS"", ""XLSX"", ""JPG"", ""JPGE"", ""BMP"", ""GIF""}"
34253779,Tomcat Server Error - Port 8080 already in use,49413455,5,,"You can solve this in two steps: STEP 1: Open the Command prompt and type netstat -a -o -f and press enter (the above command will show all the processes running on your machine) https://i.sstatic.net/m66JN.png STEP 2: Type TASKILL /F /PID 4036 (where F stands for force and PID stands for parent Id and 4036 stands for process id of 8080, here I am using some random number) https://i.sstatic.net/Co5Tg.png Few times when you are trying to kill process it will throw an exception telling that access is denied as shown in the above screenshot, at that point of time you are supposed to open command prompt as run as administrator https://i.sstatic.net/JwZTv.png Then come back to eclipse clean the project and then try to run the project"
20722502,What's a good practice regarding sharing the GOPATH?,20725538,32,,"I used to use multiple GOPATHs -- dozens, in fact. Switching between projects and maintaining the dependencies was a lot harder, because pulling in a useful update in one workspace required that I do it in the others, and sometimes I'd forget, and scratch my head, wondering why that dependency works in one project but not another. Fiasco. I now have just one GOPATH and I actually put all my dev projects - Go or not - within it. With one central workspace, I can still keep each project in its own git repository ( ) and use git branching to manage dependencies when necessary (in practice, very seldom). My recommendation: use just one workspace, or maybe two (like if you need to keep, for example, work and personal code more separate, though the recommended package path naming convention should do that for you)."
36650494,Reload VM in Vagrant script,36791667,3,,"unfortunately, this is not so simple - if you issue a command or in your provisioning script the VM will restart (indeed) but then the provisioning will not continue. fortunately, some people wrote plugin ( https://github.com/exratione/vagrant-provision-reboot and https://github.com/aidanns/vagrant-reload ) I experienced with the second and it works make sure to install the plugin in your vagrantfile, your provisioning will look like so preparations.sh will execute, then the VM will reload and bootstrap.sh will execute in your preparations.sh, after you generate locale, make sure variables are set in the locale file : PS : one note on your usage of the shell provisioning. By default provisioning is run with root privilege so there is no need for all the ; if you want to run the provisioning as vagrant user run it as and you will need the sudo"
16064673,No reader matches PNG-Stream in Java.ImageIO,16069995,5,,"I believe that ImageIO.getImageReaders() expects an , you can try to create one from your using createImageInputStream . I guess that's what does under the hood. Anyway, if you already know that you have a PNG, why not use ? BTW: height and width (and color model, etc) can be considered as ""image metadata "", in the sense that they are not part of the pixels values (which would be the real data), but in common parlance, they are regarded rather as image (esential) properties . The image metadata is generally (and specifcally in IIOMetadata ) understood to be additional ""miscelanous"" data (as physical resolution, timestamp) which is normally not needed to access the image data."
8466045,Is this article obsolete ? Should I use other aproach of aplication architecture nowadays?,8466140,4,,"MVC itself can't be obsoleted; it's a design pattern. The article specifically targets Swing, which has seen some changes since 2007, but nothing that would specifically negate the article, although perhaps some classes have been changed, tweaked, etc. There may be easier ways to implement some of the functionality, but it demonstrates one way of using MVC within a Swing app within JSE 6. Frameworks like Griffon (Groovy-based) take the abstraction level a step further, and might be more appropriate for modern desktop app development, but that's more a matter of preference and convenience."
79423004,Where can I download prior versions of Android Studio?,79423058,4,,On the site you linked scroll down until you find this: Weitere Downloads finden Sie in den Downloadarchiven . On the English site it looks like this: More downloads are available in the download archives . Clicking the link displays a list of all prior versions of Android Studio. Expand the entry labelled (this might be named differently if you use another language than English) and download the installer/portable zip for the OS you use.
28200987,Why am I getting a type error in this sequence of parsers (lecture 8 by Erik Meijer)?,28201685,3,,"The problem is that the do notation in your definition of is not using the monad you want it to use. I could be wrong, but it looks like is using a version of the Reader monad. If you use this definition you'll see that and are not values but have type : If you want to use notation, you should create a or declaration for so you can define how the bind operator (>>=) works, e.g.: Here is a good blog post on how to define a parser monad instance using : (link)"
47930511,Does Cycle.js DOM driver works with JSX for transforms?,47941937,3,,"The prop in Snabbdom overwrites all other css classes (in your case the ). The reason why your hyperscript code works is that you dont use the but the instead. If you change it to you will see the same issue. I've openened a bug report for snabbdom, but it seems like this is indended behavior. You could solve your issue by making the transform use the prop."
8079572,C# if then else issues,8079685,6,,"Your syntax is wrong, you have a catch and no try, you could do it this way instead. Alhough why exactly are you catching an exception? Is it because you think the date's won't be there? If so, check that in the if instead waiting to catch an exception on the compare. Exceptions should only be used in exceptional circumstances. To fix the syntax in your post, do the following (Note that a finally occurs whether or not the exception was thrown)"
58591423,Python prints escape keys while entering input when pressing the arrow keys on Terminal,58592049,4,,"Import the package before using https://docs.python.org/3/library/readline.html Settings made using this module affect the behaviour of both the interpreter’s interactive prompt and the prompts offered by the built-in input() function. Importing it will be enough to activate input line editing (arrow keys will move the cursor around instead of printing ^[[D, etc.). Other functions in the readline module can be used to set up tab completion and a history file."
44952277,Equivalent of apply() by row in the tidyverse?,44955387,9,,"If you want to avoid coercing to a matrix, you can use , which iterates across the elements of a list in parallel and passes them to a function: In the function, is necessary to pull all the parameters passed to the function into a vector, which can be passed to and collapsed with . The suffixed simplifies the result to a Boolean vector. Note that while this avoids coercing to matrix, it will not necessarily be faster than approaches that do, as matrix operations are highly optimized in R. It may make more sense to explicitly coerce to a matrix, e.g. which returns the same thing."
55726999,How to read a remote image file from aws lambda and return that image file as a response,55727156,4,,"You can leverage axios and API Gateway option. First, request the image and convert it to base64, using Buffer: Next, return it from your lambda through API Gateway: However, keep in mind that API Gateway allows up to 10 megabytes of payload size. You'll get an error if your images are bigger."
56482429,How to know if an npm package can be imported with ES6 import syntax?,62144993,3,user13629438,"You must check if the module/package has a or a folder. If the package has a folder, Then it can be imported using es6's statement. Otherwise if it has a folder, Then it can't be imported using es6's import statement and you must use cjs's function to import such modules. If you try to import a cjs module using the statement, You will get the following error:"
48114601,ansible docker mount volumes based on a variable,48122010,3,,"Literally for the problem defined in the question: I cannot verify now, if would work in this particular pattern Or (a guess what you might in fact be looking for):"
16276932,string.replaceAll to replace occurrences,16277687,3,,"You can use word boundaries for this task: This will replace a ""T"" only if it is not preceded and not followed by another word character (means no other letter or digit before or ahead). This will work for your example. But you should be aware, that this will match on all ""T"" with non word characters around. Replaced will be, e.g.: .T. %T% ,T, !T- but not the ""T"" in: .This. .AT. .1T2. .T3"
70027506,Which is faster using string or moving data to fixed fields,70046371,3,,"Don't try to overly optimize your source code to get better performance. IMHO, writing code that is easier to understand and to maintain is preferable over tricky code trying to improve performance by predicting what machine instructions will be used. I'm not contradicting Simon's answer, just ammending it. Modern compilers do incredible magic when transforming the (COBOL) source statements into machine instructions. I'm especially talking about IBM's Enterprise COBOL for z/OS, because I have had some working experience with this one. Besides optimization levels, you also choose the target architecture level, i.e. the processor generation, that the code should be optimized for. Depending on those settings, completely different machine instruction sequences may be generated for the same source code. And this probably has much higher impact on runtime performance than using one code sequence over another. I'm not implying choosing STRING versus MOVE is over-optimizing."
55349187,How to wait for the return of a Mongoose search?,55349339,3,,"You don't really need to use Bluebird for this, as mongoose works just fine with native Promises In your controller: Now, you can make your route handler an function and just the Promise"
13904261,"Having problems with ""try with resources""",13904314,6,,Firstly declare input and inputBuffer before try{}catch(){} like this in your first block in the finally : Check below two conditions Second : if you want more than one resources in the try do this: No need to close the above resources in finally block in this case.
59137034,Xcode 11.2.1 confused about the minimum deployment target,59137035,11,,"Here is how I fixed it. Right click on your project file (something.xcodeproj), select 'Show Package Contents'. Open project.pbxproj with a text editor and search for IPHONEOS_DEPLOYMENT_TARGET. There will be 4 hits, 2 for Release mode and 2 for Debug mode. One of the Release mode values and one of the Debug mode values will be wrong. Hand edit them to the correct values. After this I checked my other projects. Every single one has inconsistent values for the minimum deployment target. I have a feeling that this is a problem with xcode 11.2.1 as this is the first time I have had this problem, but I am not sure. Has anyone else had this problem?"
31173797,What are the fundamentals of optionally compiling a library or requiring DLL?,31175032,4,,"You probably won't find the result very satisfying. Delphi cannot directly load classes from a DLL. Instead, you'll need to define some class in your MyLibrary unit. You'll also have to implement most of the methods there. You're welcome to make those methods be little more than stubs that delegate all the work to functions in the DLL, though. In the stub constructor, call a DLL function that allocates a data structure and returns a handle. In all three other stub methods, pass that handle to the corresponding DLL functions along with the methods' other arguments. You'll essentially have three parallel implementations of the class: The one in MyLibrary.pas that's nothing but stubs. The one in MyLibrary.dll that backs the stubs. The one in MyLibraryImplementation.pas that does all the same things as the DLL, but internally. You can probably avoid duplicating too much, but not completely. You don't need to do any of this, though. For years, Delphi has already offered comparable functionality built in: packages. If your customers want to have your class's implementation live in a separate module, they can choose the ""build with runtime packages"" option in their projects' linker settings. Disabling that setting will cause your code to be compiled in to their EXE files instead, and they won't need to distribute the BPL file anymore."
37574407,Type error in Haskell when pattern matching against Maybe with Show constraint,37576053,4,,"Suppose you're the compiler, and you're trying to type check your program: You know that: must have type , because it's a compiler-imposed requirement; must have type , because that's the type annotation on it. must have type , where (the same as in the use of ); Therefore, must be a instance. But this isn't enough to get the program to compile, Haskell must monomorphize the call to in your action, i.e., figure out the concrete type of every type variable in that particular use of . In this case, this is because the type of is monomorphic (no type variables in it), so none of the expressions that occur in its definition may have types with uninstantiated type variables. So that's what this ambiguous type error means: your program doesn't have enough information for the compiler to figure out the element type of the argument to your call to . All it can figure out is that it must be a instance, but that's not enough get the program to compile. The solution is to add a type annotation somewhere that picks a concrete type for it. There are many ways: The reason there isn't just one way is that type inference is like a detective—it works by putting together a lot of different clues, and thus there are many different hints you can give it that will allow it to ""solve the case."""
4179386,jquery .change() not recognizing change!,4179415,4,,A quick Google search suggests the correct way to attach an onChange event handler for the particular slider control you're using is:
8434518,mysql Foreign key constraint is incorrectly formed error,50114424,7,,"(Last Resent) Even if the field name and data type is the same but the collation is not the same, it will also result to that problem. For Example TBL NAME | DATA TYPE | COLLATION ActivityID | INT | latin1_general_ci ActivityID | INT | utf8_general_ci Try Changing it into TBL NAME | DATA TYPE | COLLATION ActivityID | INT | latin1_general_ci ActivityID | INT | latin1_general_ci .... This worked for me."
11294077,Why is the argument of os.umask() inverted? (umask 0o000 makes chmod 0o777),11294312,14,,"There is no real inconsistency, as the relation between and can purely be written down with equations. Apparently, sets the opposite of , it was created like this back in the old days. Example: (the default usual ) creates . It works like this: becomes the first byte becomes the second and third bytes Using this example, creates a file with , will be equal to . As far as I know, this happened because the command was originally created to indicate what permission bits the file will NOT have after it's created (hence the invertion). While it could be annoying, it's really not hard to get used to it. Just think how you would your files, and subtract the byte you want from , and you will get the value. Or, when you are at the IDE, writing your code, don't use , but rather create the file (with the default of course) and then use, in Python, instead."
7802967,0 in the while statement,7802988,6,,It does something only once. It is widely used in macros to group statements and make the usage more natural (i.e. require ending semicolon). Any compiler worth its salt should ignore the do .. while altogether and just run the enclosed statements.
37981800,addEventListener to simple directive example in AngularJS,37981831,6,,"isn't a DOM element it is a jQlite object (angular.element) or a jQuery object if jQuery included in page before angular.js The DOM node is Can use the angular.element API which is a subset of jQuery methods. For click listener would be: This isn't the global bind() No...it's part of above API and matches jQuery (deprecated, use ) - Does not support namespaces, selectors or eventData"
1540822,Dumping a multiprocessing.Queue into a list,1541117,30,,"Try this: Multiprocessing queues have an internal buffer which has a feeder thread which pulls work off a buffer and flushes it to the pipe. If not all of the objects have been flushed, I could see a case where Empty is raised prematurely. Using a sentinel to indicate the end of the queue is safe (and reliable). Also, using the iter(get, sentinel) idiom is just better than relying on Empty. I don't like that it could raise empty due to flushing timing (I added the time.sleep(.1) to allow a context switch to the feeder thread, you may not need it, it works without it - it's a habit to release the GIL)."
10755547,"How do I fix Eclipse CDT Error ""Function 'isdigit' could not be resolved"" with Android NDK?",11561586,5,,"After spending several days working on problems like this, I developed the following recipe for dealing with issue. I hope it helps you or others: Summary: Usually, your problems in eclipse are due to eclipse configuration problems. The following assumes that your C++ code is building ok with or (on windows). No joy with eclipse juno (4.2) and CDT version 8.1. Use eclipse indigo (3.7) Make sure that you have the CDT for indigo installed and enabled (version 8.0X) by looking in the ""install new software"". It defaults to installed but not enabled on indigo on some downloads. When you are dealing with native code or android config for native code, make sure you are in the C++/C perspective in eclipse, not the java one. It is deceptive, but there is a only a subset of options available in Java perspective. You can be sure you are C++/C perspective if you see ""C/C++ general"" as a choice when you do ""Project > Properties."" The usual problem is that the indexer in C/C++-land thinks there are errors when there is not (e.g. building with ndk-build works ok, often you can see this in the console window even). This is caused by bad paths in the ""Paths And Symbols"" part of ""Project > Properties > C/C++ General"" on the first tab. To fix the problem, the primary tool is to right-click on the project, select ""Index"" and ""Search for unresolved includes."" This will tell what files it can't find--and these are typically not the ones that you have in your files with the little pink mark by them. To find the right file, search in your NDKROOT directory (where you installed NDK). A typical one to add is: or the right android-N for your android target. There are many copies of the standard include directories in the NDK because of multiple versions of android and copies of the C++ standard libraries. Two big warnings The ""unresolved includes"" view in eclipse does not automatically update when you change the indexer configuration on the Properties > C/C++ General/Paths and Settings so be sure to run it again each time. Most views in eclipse do this update properly! Also the little red/pink error markers in the source code views in the eclipse editor don't automatically update either. You have to ""touch"" the file in some way for it discover that the error is now fixed."
38389510,Avoid changing select tag after first change,38389574,3,,"Edit after comment: If You want pass selected value and keep selection disabled, there are several solutions. Now it depends if You use AJAX or just simple form submit. For AJAX You can do it like that: If it's simple form submit then I wouldn't toggle disabled to off as user can stop sending form by pressing escape key and then change selection. Then another approach could be create hidden input like:"
12941095,Using FactoryBean and DisposableBean with Spring's Java Config,12941383,8,,"I found this approach the most elegant: Notice that is not annotated with - but you can still call it from other -methods requiring . Since is annotated with , Spring will automatically manage its lifecycle (detect , etc.)"
8697300,How to create a device in /dev automatically upon loading of the kernel module for a device driver?,8697505,3,,"I could see entries within after creating node by running following command at console. sudo mknod -m 0666 /dev/msio c 22 0 The user was not root, so I had to use sudo. My entry name was , a character device with major and minor number 22, 0 respectively. I will let you know if this can be achieved programatically."
30875279,How to cancel a CancellationToken,58044117,16,,A token gives you the right to know someone is trying to cancel something. It does not give you the right to actually signal a cancellation. Only the cancellation token source gives you that. This is by design.
10287115,PrimeFaces Ajax Listener not executed when process attribute is specified for a different component,10287710,17,,"It should work fine at first sight. At least, it works fine that way when using standard JSF components. I'd bet it to be a bug or ""feature"" of PrimeFaces that it doesn't process the action when the action component is not included in the . Adding to should solve it. Consider posting an issue report to PrimeFaces guys. Further, I'd rather use or instead of or just remove the altogether, it defaults to the right value already ( which will render in checkbox and radio button components). The event works differently in MSIE for checkboxes and radiobuttons. It's only triggered on 2nd click and forth. You don't want to be browser dependent. As per your comment: The problem with the standard JSF checkbox and ajax components, is that the listener is invoked during Process Validations phase, but I need to update the model first! This is not true. Probably you was using instead of or confusing the one with the other. The is always invoked during invoke action phase."
6960040,XML Document Parsing C#,6960108,5,,A quick walk-through of XPath will help immensely if you're using the Xml DOM. This should meet your immediate need: That will get you the first Offer's Formatted price (and assumes that your Offers node is the root). Other mechanisms exist in XPath that are a bit less brittle and that's where a tutorial would help you.
23151738,Query IIS FastCGI settings from PHP,23453922,3,,"Just in case you haven't already seen it, here is a pretty good link going into a lot of detail about doing very close to the same thing you're trying: http://www.sitepoint.com/php-wmi-dig-deep-windows-php/ One thing that I'd say to do ( if you haven't already ) is to check and verify the following is enabled in your php.ini:"
23277144,"Visual Studio crash accessing source control. ""some reload or shell operations were canceled""",23480071,4,,"It is not a ""crash"", you get a generic notification that Visual Studio is having trouble working with your Perforce SSC plugin. Very first thing to do is obtain the latest version of the plugin, version 2014.1. It uses OpenSSL to talk to the server, the library that's infamous for the Heartbleed bug . In itself a possible reason for these errors if the Perforce server admin has updated the server. Do talk to him about this, he might not necessarily want to support the latest version. Next thing to do is to enable logging so you'll have an idea what exactly is going wrong. Do keep in mind that the problem might originate at the other end of the wire. Use Tools > Options > Source Control >SCC Provider and click Advanced. Turn on the Log All option. Select Enable logging to file and provide a file name. When the error reproduces, close your solution and have a look-see at the file. Talk to your Perforce server admin or give Perforce a call if you see any."
16571125,Using noexcept as a lambda modifier or parameter constraint,16571207,35,,"Can the modifier be applied to a lambda expression? If so, how? Add after the parenthesis: Can be made a constraint on a function argument? Yes, use enable_if: However , this method cannot work directly in g++ 4.7 (it does work in clang++ 3.2), because it cannot mangle expression yet: 3.cpp:5:6: sorry, unimplemented: mangling noexcept_expr You could workaround it using a wrapper struct:"
5162191,Get MVC to end URL's with a '/',5162434,3,,"Check this other StackOverflow question: Why is ASP.NET MVC ignoring my trailing slash? Quoting the approved answer: Legenden - there is no immediate solution to the problem. You may have run across Jason Young's blog post about the issue, which is very informative. Scott Hanselmann posted a reply to it here, basically stating that he didn't think it was a big deal, and if it is, you can leverage the new IIS7 rewrite module to solve it. Ultimately though, you might want to look at a solution that was posted by murad on a similar question on StackOverflow: Trailing slash on an ASP.NET MVC route . Another approach: http://typesafe.be/2009/08/29/solving-the-trailing-slash-problem-in-asp-net-mvc-using-a-custom-urlroutingmodule/"
75042451,"TypeError: Cannot read properties of undefined (reading 'listen') when testing with Jest, Supertest, Express, Typescript",75042621,4,,"I believe this is caused by circular dependency. From the error stack I see that deps on which in turn deps on . But in you forming a circle. More specifically, in order for from to be created, it needs , but that thing needs , and needs . It’s like recursion without a base case return. Unlike indefinite function recursion, dependency resolution will just give you as . Thus you need to break the circle. Use some dependency injection trick to break the tie between and will do. If you don’t know how to do that, post the code and I’ll follow up. Instead of try this: Now in"
8495454,Introduction or Tutorial to fetching data from own website?,8495758,3,,"This can be done in many ways, you could do something really simple, but as you progress and begin to send more information from your servers to your apps you need to implement something more robust. While @Robert answer is valid, I believe that for mobile phone it is much better to use RESTful webservices using JSON. You can program your webservices in what ever you want, I would recomend (if you can do server side programming in java) to take a look at GSON which is a great library to use JSON. By using JSON Objects you can transform all the information you need into a string, and then have the mobile phone convert it to a Java Object. You can the do whatever you want with that, wether its to show it in the UI or to store it in a DataBase. Restful webservices"
73160295,Golang database/sql hangs with SetMaxOpenConns,73160392,4,,"You need to either fully iterate through the result set with and/or call ; as per the docs : Close closes the Rows, preventing further enumeration. If Next is called and returns false and there are no further result sets, the Rows are closed automatically and it will suffice to check the result of Err. Close is idempotent and does not affect the result of Err. Something like: For this to be useful you need to iterate through the rows (see the example in the docs ). The connection to the database will remain in use until the result set is closed (at which point it is returned to the pool). Because you are doing this in a loop you will end up with 10 active result sets and when you call again the package will wait for a connection to become available (which will never happen). Note that because your query has no parameters (and you are only using the once) calling has no benefit; the following is simpler and will have the same result:"
10794336,Delete width and height attributes from an image,10805011,12,,"With Drupal 7, you just need to implement , as preprocess functions are executed for every theme function, not just the ones using a template file. In your case, the following code should be enough. Since also contains the image attributes, the following code is more complete. Replace mymodule with the short name of your module/theme. Preprocess functions are preferable when you need to alter the variables passed to a theme function/template file. Theme functions should be overridden only when you need to alter the output they return. In this case, you just need to alter the variables, and thus it is not necessary to override the theme function. Using the preprocess hook, your code will be compatible with future Drupal versions."
3950768,Rails tests can't find test_helper,3951956,24,,"ruby 1.9.2 removed ""."", the current directory, from the load path. I have to do this to get it to work: and call it like:"
37863517,How to configure Etags in Sitecore?,37932091,8,,"Change the MediaResponse.Cacheability setting in App_Config\Sitecore.config to Public: Once the setting is changed, the result as shown in Fiddler: FYI, other settings are: NoCache: nobody can cache the page. Private: only browsers can cache. it (but not shared proxies). This is the default value. Public: everybody can cache the page, proxies included. Server: pages are cached only on the server (like the NoCache, so browsers don't cache the page). ServerAndNoCache: Server and NoCache... the same as Server. ServerAndPrivate: Server and Private... the same as Private. NOTE: To follow Sitecore's Best Practice, instead of changing direct changes to Ssitecore configs, create the following patch file (MediaResponseCacheabilityPublic.config) in folder:"
3459098,Create list of single item repeated N times,28176867,19,,"As others have pointed out, using the * operator for a mutable object duplicates references, so if you change one you change them all. If you want to create independent instances of a mutable object, your xrange syntax is the most Pythonic way to do this. If you are bothered by having a named variable that is never used, you can use the anonymous underscore variable."
19374564,Issue in Sorting Integer values In AngularJs Custom Sort function,19375213,3,,"SInce you sort in JS, you can allways use - at least on modern browsers-, passing it a sort function like: And then execute the sorting like: See forked fiddle: http://jsfiddle.net/sRruf/ (the initial state is not sorted) The sort property (here ) can be parameterized with a little extra work. And here is a version using the filter and a custom predicate: http://jsfiddle.net/sRruf/1/"
7237562,Using Continue in a While loop,7237617,13,,"Seems a quick 30-second test would answer that more quickly than a post here. :) Note that is incremented before the call to , which results in displaying odd numbers, i displaying ? is only incremented when the loop goes past the test. A works the same way whether you're incrementing an integer, concatenating a string, or reading from a text file. A is a is a no matter how you use it. You just need to make sure, in your code above, that actually reads the next line from the file or you'll end up in a continuous loop."
16804414,How do you apply style rule in Safari Web Inspector?,32151911,9,,"Safari 8.0.8 on OS X Right-click any element and select Inspect Element from the pop-up menu Ensure Styles and Rules are selected on the right hand side of the inspector You can then either add individual rules by clicking + New Rule , or simply click and start typing rules where Click to Edit appears (refer to image below) Enter your new rules and these will be applied to the element being ""inspected"" in the browser window. As for a ruler? Well, I haven't found one, but the Inspect button will give you the dimensions of elements when hovered in the browser window."
17672252,How to set maximum length of triangle side in Delaunay triangulation?,17674947,6,,The documentation ( ) suggests that the segments are of the form : you can remove those beyond some threshold.
9287126,Which declaration should I use with a textbox in visual basic when I am swiping a card with magnetic encoded data?,9287369,3,,"In short, the answer is no - All the card reader does is present itself to the computer as a special keyboard - when you swipe the card, it ""types"". Because of this, you don't usually get any additional information about the state (failed swipe, swipe complete, etc.) Some card readers will perform a carriage return at the end of the data. Depending on your circumstance, you may know the data will always be the same length. In either case, you'll still need to hook the event - just have a little bit of logic which checks if the key press is enter/the textbox text is the correct length. (NB: If checking for an or another key, it will probably be easier to use the event. Have a look at the variable which contains information about the key being ""pressed"") As mentioned in the comments on the OP by @Reafidy, the last alternative which is guaranteed to work but a bit messier to implement is to use a timer which will fire your method after n milliseconds without a change to the text. Incidentally, I'm assuming you mean VB.Net not VBA (VB for Applications - eg Excel Macros). I've edited the tags accordingly."
14665160,javascript scope of function declarations,14665172,28,,"It belongs to the current scope, always. For example: Regarding your second question, this: is an anonymous function expression assigned to a global variable (unless you're running is strict mode, then would be undefined). The difference between that and is that the latter is a function declaration (versus a variable declaration, which is assigned an anonymous function expression ). You might be interested in this excellent article about function declarations and function expressions: Named function expressions demystified ."
10219479,Add an anchor to scrollTop,10219596,3,,"There's not really the need to include a huge plugin for this simple task. With jQuerys - function ( jQuery Doc ) you can get the position of an element in the DOM (as long as it's visible). It returns an object with a and - value, relative to the parent. If you want values relative to the document, use the - function, usage stays the same. I created a little fiddle to show you the basic usage: http://jsfiddle.net/DtADS/"
11586779,List of <p:ajax> events,22716863,47,,"You might want to look at ""JavaScript HTML DOM Events"" for a general overview of events: http://www.w3schools.com/jsref/dom_obj_event.asp PrimeFaces is built on jQuery, so here's jQuery's ""Events"" documentation: http://api.jquery.com/category/events/ http://api.jquery.com/category/events/form-events/ http://api.jquery.com/category/events/keyboard-events/ http://api.jquery.com/category/events/mouse-events/ http://api.jquery.com/category/events/browser-events/ Below, I've listed some of the more common events, with comments about where they can be used (taken from jQuery documentation). Mouse Events (Any HTML element can receive these events.) Keyboard Events (These events can be attached to any element, but the event is only sent to the element that has the focus. Focusable elements can vary between browsers, but form elements can always get focus so are reasonable candidates for these event types.) Form Events (In recent browsers, the domain of the event has been extended to include all element types.) (This event is limited to elements, boxes and elements.) (This event is implicitly applicable to a limited set of elements, such as form elements ( , , etc.) and links ( ). In recent browser versions, the event can be extended to include all element types by explicitly setting the element's tabindex property. An element can gain focus via keyboard commands, such as the Tab key, or by mouse clicks on the element.) (This event is limited to fields and boxes.) (It can only be attached to elements.)"
6372211,Can't get less.js to work,7826171,3,,"Even though this was posted a while ago I thought I would add a little something for other people stuck on this. If you use a windows machine, you might want to give WinLess a try. Its a pre-compiler for windows. Seems straight forward to use. Good luck. http://winless.org/"
34614239,How to apply a function to a column of a Spark DataFrame?,34614921,19,,You don't have to write a custom function because there is one: If you really want you can write an : or even create custom a expression but there is really no point in that.
44057930,access hidden attribute in R data frame,44058172,4,,"I think the issue is that the you are seeing when you use (or ) are attributes of the individual column names, not the . To retrieve them, you can do: For viewing purposes:"
7763131,"Java for loop syntax: ""for (T obj : objects)""",7763169,99,,It's called a for-each or enhanced statement. See the JLS §14.14.2 . It's syntactic sugar provided by the compiler for iterating over s and arrays. The following are equivalent ways to iterate over a list: and these are two equivalent ways to iterate over an array: Further reading How is Java's for loop code generated by the compiler The For-Each Loop
39350040,Uploading multiple files with Multer,67846776,25,,Uploading multiple files with Multer NodeJs Code Set require files and Storage Set upload file limit or validataion Create the main route for uploading Listen port HTML code JAVASCRIPT CODE
6985637,Notepad++ htmltidy - unable to find libtidy.dll,11623338,4,,"It doesn't look like the libTidy.dll functionality was actually removed, just coopted by NppTextFX. I enabled it in my installation of Notepad++ v6.1.5 by installing TextFX Characters via Plugin Manager. Two things happened after that: 1. NppTextFX.dll was copied in (Notepad++ install directory)\plugins\ directory and; 2. TextFX menu item is enabled between Run and Plugins, which now has the TextFX HTML Tidy option. Also, there's no difference between the ANSI and Unicode versions of libTidy.dll in npp.5.9.bin.zip. I ran both through WinMerge ."
74771156,Why doesn't putchar(1+'0') output 10?,74771219,4,,"Unlike languages such as Python, the operator in C is not used to concatenate strings. What you actually have here with is that you're adding the value 1 with the character code for the character . The C standard guarantees that the characters for the numerals to have consecutive character encodings, so adding 1 to the character code for gives you the character code for , which is what gets printed."
23866709,org.hibernate.NonUniqueResultException: query did not return a unique result: 2?,40233705,52,,"It seems like your query returns more than one result check the database. In documentation of you can read: Throws: org.hibernate.NonUniqueResultException - if there is more than one matching result If you want to avoid this error and still use unique result request, you can use this kind of workaround"
46460383,Is it possible to load a Vagrantfile config from within another Vagrantfile?,46491113,3,,"There are 2 things you can look at (probably more, but those two comes to my mind) look at How to template Vagrantfile using Ruby? its an example how you can read the content of another file, Vagrantfile is just a ruby script so you can use all the power of ruby. vagrant has a concept of loading and merging, see from doc so if you wanted to do something anytime you run a vagrant command, you could create a Vagrantfile under your folder and it will always run one drawback (or at least to pay attention) : the Vagrantfile is a ruby script that is evaluated each (and every time) a vagrant command is executed (up, status, halt ....)"
14621523,Commit to another branch without touching unstaged files,14621638,3,,"I'm sure there's a more elegant way but all I could come up with is: Commit staged files to B2 Stash the unstaged work on B2 Switch to B1, then cherry-pick the latest commit of B2 in B1 Switch back to B2, reset the latest commit (--hard way) Stage and commit the stashed work on B2 EDIT This question has a detailed answer that does more or less what I've suggested."
7781655,Android setLayerType Webview,8920657,4,,"NOTE: The question ""what API level do you build for?"" is VERY different from the question ""what is the minimum API level that you target?"". Given the behavior you have described, it suggests you are building with API level >= 11 and testing on a device that is API level < 11. Because .setLayerType is only available from API level 11 onwards, building with API level >= 11 will build fine, but if you are not using compatibility tricks such as reflection or: ...then when you test on a device that is API level <11 you will get a crash because that method is not supported. On the other hand, if you test on a device of API level >= 11 you should find it works."
20027936,How to efficiently concatenate many arange calls in numpy?,20028668,3,,"Try the following for solving memory problem, efficiency is almost the same. so no concatenation is used."
31679210,Right pattern and dependency injection,31683029,3,,"This would not fit in a comment, so I'm posting as an answer. but this looks even more idiotic from my point of view. This is not idiotic whatsoever. It is a completely valid construction and even respectful to the Law of Demeter . The main question here is whether it makes sense to store your settings within your model or it should be a separete a different object as you pointed: If you're building a generic validator with which you can parametrize business rules, I think it's valid to have theese settings lying in your model. Otherwise, If this validation is entity-specific, I think this would be better as a different structure."
55244348,Jupyter notebook only works in base environment,55249059,4,,A better way is to have one Jupyter with multiple kernels depending on your environment: So all you need is: Now you can open Jupyter and you will see “My Env” as a possible kernel. ;) See: Anaconda Documentation
15937989,"ruby on rails - how to make relationship works in route, controller, view ? has_many, belongs_to",15938390,8,,"It's a complex subject that you can't be simply told how to do, but I'll try to help a little. Zippie's suggestion is a good one, you should go through a tutorial to learn about the different kinds of relationships. In your database, you will need: These are the foreign indices that Rails will use to match your models (the foreign index goes in the model that specifies the belongs_to relationship). As for your routes, there is no single solution, but you might want to nest them so you can do things like /users/comments or /galleries/comments: You could also simply have them separately: In your controller, when creating a new object, you should do so from the object it belongs to: This will set the comment's user_id to the current user, for example. In the view, there's not much difference, just get the @comments variable in the controller like so: and use it in your view. It might be less intuitive when you want to define a form helper to create a new comment, for example: I hope that helps you get started."
56705556,what causes to be only 1 concurrent connection?,56705901,3,,"I think it is highly likely that this has something to do with session management. What happens is that a new request waits for the session in the previous request to be closed. This only happens because session data is accessed, and thus a lock is obtained on the session file. You can avoid this by not starting the session in the first place. If you need the session you need to close the session right after it was started. If you need to set $_SESSION variables you need this before closing the session. You can do this like so: $_SESSION variables will still be available after closing the session. See also: https://codingexplained.com/coding/php/solving-concurrent-request-blocking-in-php"
10740028,undefined method for 'downcase'. (WATIR/Ruby related. webdriver-user-agent),10740542,6,,"The webdriver-user-agent is complaining that the values you passed for :agent and :orientation cannot be downcased due to the method not existing. I think there are two solutions: Upgrade to Ruby 1.9.3. I am guessing like me, you ran the code using something like Ruby 1.8.7. The downcase() method for Symbols does not exist in 1.8.7, which gives you the error. So you need a later version of Ruby that does have the method (ex 1.9.3 based on http://www.ruby-doc.org/core-1.9.3/Symbol.html ). Pass in a string for the :agent and :orientation values (example below). It looks like it works for the one example (though I do not use this gem so cannot tell you if there are issues elsewhere). driver = UserAgent.driver (:browser => :firefox, :agent => 'iphone', :orientation => 'landscape')"
7011247,"Solr ""real time"" indexing",7285722,3,,"You may want to take a look at Apache Solr 3.3 with RankingAlgorithm 1.2. It supports NRT (Near Real Time Indexing) and can update 10,000 docs / sec. You can concurrently search during the updates. You do not need to commit or close the searchers. You can get more information about NRT with Solr 3.3 with RankingAlgorithm from here: http://solr-ra.tgels.org/wiki/en/Near_Real_Time_Search_ver_3.x"
12693002,How to generate a surface from other surfaces in Petrel,12702729,3,,"Seslie, You can create surface from Collection be calling method CreateRegularHeightFieldSurface(string name, SpatialLatticeInfo lattice); To create property as RegularHeightFieldSurface.CreateProperty(Template template); Then you can access to nodes of surface and property by I and J indexes. X and Y for surface will be generated automatically from lattice."
59037272,jest-haste-map: Haste module naming collision,62214506,3,,"If each of your packages has a react-native dependency, you end up with two copies and this can cause problems for jest. Instead keep at as a dependency in the root project, but move it to in the submodule (and a second copy to to be able to test it in isolation). Are you using yalc to integrate your submodule locally? It has been a cause of the same error for me, solved by removing folder from the root project."
6149995,Compilation error - Static member,6150214,3,,"I think you have a parsing error. Your class definition says: But your definition for has a different return type: The compiler's not really sure what to make of that, and thinks you're trying to do something with a non-existent static member, for some reason. The solution is to fix your function definition and declaration so that the function has one, single, consistent return type. Either or ."
15744096,How do I instantiate an array's size later?,15744147,5,,"You don't. Arrays in C++ are of compile-time fixed size. You cannot just resize them to your liking. The bad way to do this using only language features is to actually have your member as an : And then dynamically allocate an array of s, assigning the pointer to the first element to : The good way to do this is to use library features. The standard library provides container types for you to use. Try a : Which you could initialise to contain 40 strings like so:"
51657139,How to get reflected runtime Method from AnyRef object?,51691880,6,,"I don't know what you're trying to do, but removing the annotation makes your code work: If you need a type annotation (for example, in a method signature), you can use the same structural type that the compiler infers: If you want to get the full list of methods from another method without knowing the exact type except via generics, you may be interested in : If you can't use (maybe because you can't make API changes), then you're probably best off using the Java reflection API. The Scala reflection API is generally designed to use type information, so it may not work for you if you only know the type is . In response to your edit: I cannot use trait because bar can have different argument and return types and numbers. Sure you can: If you need multiple arguments, just have take a tuple instead. If you need to do some list manipulation that tuples don't support, you might consider learning about HLists and shapeless . However Java reflection does not retain generic types... Well, no runtime-only reflection API will help you there. There is simply no way to find out what generic parameters an has at runtime, as that information doesn't exist on the JVM. Use TypeTags, or use a in the manner described above."
38470409,"Bot Framework portal - ""Test connection to your bot"" 401 Unauthorized",40407703,5,,"The getting started guide is a little misleading on this. In step 5 it tells you: The AppId and AppPassword from the Bot Framework registration page have to be recorded in the project's web.config Later on in the Emulator section it specifically tells you to not put an appid or password into the boxes within the emulator tool when running locally. This part is incorrect, if you have values in your web.config file, then you must put the same values into the emulator. You can leave the values blank in the emulator but then you also need to remove them from your web.config file. This page is very helpful in troubleshooting auth issues: https://docs.botframework.com/en-us/support/troubleshooting-bot-framework-authentication/"
11375729,XMLHttpRequest not working in Google Chrome Packaged Web App,11375767,3,,"Suffice a wildcard after . Otherwise, you're allowing your extension to only request pages at the root. In your case, you're requesting only one URL. It might be even better to restrict the pattern even more:"
72180470,Best way to append a float in a file with python?,72180529,3,,"The reason you are getting the error is because is a float. If your goal is to simply change the value of the variable at runtime, This will suffice. If your goal is to change the actual contents of the file, then it shouldn't be saved in a file, and shouldn't be imported into your script. If you you wanted to change the value in a plain text file it would look something like this."
5404665,Accessing elements of Python dictionary by index,5404702,9,,"You can use in order to get the first key in the dictionary, but there's no guarantee that it will be . The order of keys in a dictionary can change depending on the contents of the dictionary and the order the keys were added."
27271966,Relational attribute in Yii2 form,27274690,5,,"You should simply try this : EDIT : And because ""every Set may have one SetsIntensity"", you should check this relation before displaying form, e.g. : PS: method requires that the primary key value is not null."
44318924,Is this the best way to split the string in C?,44319069,3,user2371524,"First of all, this is a broken way, as this little sample demonstrates: output: $ ./splitdate /0.05.9/20 Oh right, you got your indices wrong! So, you see the first and most important shortcoming of your solution: It's hard to maintain . In terms of performance, it's probably close to the best possible, but really, performance is not an issue with such ridiculously small data sets. If you don't mind modifying your original string, is the best bet for you. If your requirements are more complicated, write your own parser. Modified code using : output: $ ./splitdate 09.05.2013 As you can see, short, concise, bug-free."
10412603,"Convert .p12 file to .pem using Terminal app in Mac ""No such file or directory"" error?",10413763,70,,"Type in: if there is a Folder named ""A"" on your Desktop where the p12 files are in. Then go on with the other Commands"
335104,Is there a program to decompile Delphi?,336443,3,Anthony,"Languages like Delphi, C and C++ Compile to processor-native machine code, and the output executables have little or no metadata in them. This is in contrast with Java or .Net, which compile to object-oriented platform-independent bytecode, which retains the names of methods, method parameters, classes and namespaces, and other metadata. So there is a lot less useful decompiling that can be done on Delphi or C code. However, Delphi typically has embedded form data for any form in the project (generated by the $R *.dfm line), and it also has metadata on all published properties, so a Delphi-specific tool would be able to extract this information."
23859292,Why the strong difference between closures and functions in Rust and how to work around it?,23859574,8,,"Currently, types can be automatically ""promoted"" to types. (A closure with an empty environment, I suppose.) For example, this works: So if your library function doesn't care whether is a closure or not, then it seems reasonable to just accept closures for maximum flexibility. But this isn't always possible. For example, if you wanted to execute in another task, then I believe it must be a or a type. (I'm not 100% certain here---I may be missing a detail.) With regard to anonymous functions, yes, a or a closure are the only two ways to write anonymous functions."
59056850,Combine subject and observable and wait for subject to emit a value then emit observable,59056964,3,,"If you are using RxJS 6, you may consider using pipeable operators such as . The switchMap will allows you to map the observable values into the inner observable, removing the need to nest subscriptions. And calling on will update its values."
36502897,which one is best for parsing between Left corner Parsing algorithm and CYK parsing algorithm ? and Why?,36511251,3,,"Generally speaking, CYK is a maximum-likelihood parse tree. It never gives you the best performance because of this reason and the fact that it ignores contextual information when assigns the probabilities. You need to modify it to consider more contexts, or integrate it into something else. For example, Left-Corner parser can use a CYK procedure, inside. So the answer to your question is, LC is more powerful than CYK, though it's computationally more expensive. Have a look at Mark Johnson's paper ."
78165850,Unable to format a dynamically created Quarto callout correctly,78166135,4,,You can do this with . We can create a function that generates different types of warning depending on the value of the argument passed to it: This will now generate the callouts as desired: Output:
49690853,non-numeric argument binary operator error,49692520,3,,"I consider that the problem has to do with the subsetting of your objects. From the link you provided in the comments I see that your data is a data.frame object and you subset it using [. If you check the type of any data.frame e.g. you can see that it is a ""list"". When you use , your object will be a list, that's because: when [ is applied to a list it always returns a list: it never gives you the contents of the list. To get the contents, you need [[ Advanced R by Hadley Wickham Declare as or subset from your data.frame as a vector doing"
57767800,Where does breakpoints stores,57770111,11,,"Where are the breakpoints stored? On Windows, the breakpoints are stored in: On Linux, they are in (per Matt's comment): To locate the , I added a breakpoint and looked for a file that was recently modified. If you have Cygwin bash, a command like this works, right after adding or removing a breakpoint: The file is a SQLite database. I'm able to pull some data out of it using (another Cygwin command): The above is with a single breakpoint at line 12. Is accessing this file a good idea? Probably not! If your goal is to query or manipulate the breakpoints yourself by modifying this file, I'd caution that that risks corrupting VSCode's internal storage (even if using a proper SQLite client). I recommend instead using the VSCode extension APIs and to query and modify them from within VSCode."
23142719,PyQt: app.exec_() stops all following code from running,28852887,6,,"In addition to the previous answer, not every time when all windows are closed does the GUI event loop, run by , stop. If you want to terminate it manually you can use inside any of the event handlers. It stops GUI event loop and launches your code after . First answer is a lot of words about nothing."
1142017,Prevent to save as web page and .js file,1142045,4,,"Since the web page and its related content is downloaded to the computer of the user browsing your web site, it is already saved to the user's computer. Therefore it is impossible to prevent the user from accessing the save-functionality. However, you can obfuscate your code - read this post on the programmer-to-programmer forums . As mentioned in the post, if you have sensitive information you don't want the user to access, you'll have to find another approach which does not involve storing sensitive information in .js files or in the web page itself."
15134550,"HTML/CSS Table, how do I increase width of table without affecting width of cells?",15134689,3,,"Extend the last cell to occupy full width: …and, if you want to make sure the text in the other cells doesn't collapse: Demo here: http://jsfiddle.net/barney/kz77m/"
46158061,why 'Windows.UI.Xaml.Markup.XamlParseException' happens when XAML is valid,46181410,4,,You are setting the resource key either from / or Standard that has a spelling mistake. Check where you are setting the resources and make sure the spelling is correct. Unfortunately XAML Designer does not show squiggly error when the spelling of resource is incorrect
7180309,Reading & sending crash logs to server,7180554,4,user81038,"I'm currently using QuincyKit to collect and send crash logs: https://github.com/TheRealKerni/QuincyKit The framework comes with a server side backend, but if you don't want to run your own server you can also use HockeyApp . As far as I know TestFlight is also planning to offer a similar service. If you implement your own solution, you probably shouldn't delete the crash logs on the device, but remember the date of the last crash log sent to your server."
21108981,Ruby on Rails: has_one show error,21109029,3,,"You get this error because you associated to records with relationship, so Rails expect table to contain foreign key column, which is not present, as the error message says. You should generate migration adding column to table: and run it:"
39756836,How to get winmerge to show diff for new file in git?,40063859,8,,"I could not find this exact workaround so I'm posting this. Hopefully, someone finds it useful. I use a script which simply passes an already created empty file for newly added (or removed) file. The script is in a dir that's on my or dir for git bash. winmerge.sh (similar to one here ) I keep an empty file at this path (which is ). I use the script in . .gitconfig Note: To diff untracked files (new files) also before committing, I do then use . only adds the path of new files to index but not their content ( is required to NOT stage the deleted files)."
2914127,Handling white screen of death in PHP,5126524,4,,"I've found out, since the time of my question, that nothing seems to ensure that errors are always outputted with PHP, which seems to throw white screens here and there. Regardless of PHP's ini-settings. I've found out that the best workaround however is to use the following line to ensure that error logging is put into a file easily is accessed and monitored by the application: As far as I've tested it, when white screens appear - it also gets logged into this errorlog. It seems to be the easiest way to know what happens when things go wrong."
51761789,Segmentation fault with OpenALPR,52094906,7,,"This happens because openALPR's Tesseract OCR expects its trained data in a specific path and the files are not there. According to the error message it can be set using the environment variable but in my own experience didn't work. I came accross with nother solution; it's not the best way but it may work. I created a symbolic link from to in order to make the trainedData files available to tesseract/openalpr right where they expect them. repeat the command changing with the desired language/region file (leu, lfr, ...) Hope it helps"
35867038,What the difference of this.state and this.setstate in ReactJS?,39262170,5,,"You should never ignore the documentation advice. At the time of writing, setState allow second argument which is a callback function when the setState and re-render had finished. Since you never provides us how your code gonna use hasSubmit value, I believe some other may find this useful when they want to make sure the hasSubmit had been changed."
22560097,What is the difference between Cappuccino and Node.js?,22560657,5,,"What sort of web application? There are... many JS libraries/frameworks. It's a jungle. My strong advice is to build several things, from very small to less small, using pure Javascript. Otherwise you will, I promise, remain forever cloudy on what the language is vs. the frameworks layered on top. JS is very mutable and frameworks have a tendency to create new semantics on top of the core language. The downside of learning by using these is you ever fully understand the complexities and subtleties of the language itself, nor do you ever really understand what those frameworks are giving you (in many cases, things you don't need or that artificially constrain you). Be wary of framework entanglement. As you get used to writing simple scripts in a text editor (try Sublime Text if you want something much better than that), you'll begin to appreciate when and why you might want help from a framework. Move on to jQuery, as it's the most widely used library and is either a dependency or heavily informs the style of many other libraries out there. I'm working on a blog post about the topic of frameworks, by no means comprehensive as there are hundreds of them it seems. Specifically, breaking down about 20-30 major players by their intended domain (e.g. DOM manipulation, Single Page Applications, data-binding, MVC, etc.) and strengths and weaknesses. There are some great books and YouTube videos going into many aspects of modern JS. Anything by Douglas Crockford I recommend (especially book or video ""Javascript: The Good Parts"". He's pedantic but wise and generally on the money. Then for more inspirational stuff about recent/upcoming changes to the language, watch some stuff from the Google I/O events. Check out HTML5rocks.com for articles on some cutting edge features available in the browser. There are many many more resources, but these are some good ones. Oh and be sure you are familiar with the dev tools in the browser. I personally recommend Chrome as best of breed. Learn the keyboard shortcut to open it on any page, inspect, and noodle. There are some fancy things such tools support like live editing/saving of source, profiling and debugging, DOM/CSS inspection, and on and on. There are other free and non-free IDEs but IMHO they are too much overhead for someone just learning (and many advanced JS developers use Sublime Text). P.S.: jQuery, per its design goals, is still going strong but is aimed for obsolescence as browsers increasingly are converging on true standards (ES5, HTML5, CSS3). Even so, for many apps, its shorthand semantics are much better than even the newly supported standards for many things. And it's not going away any time soon, just becoming less important. Like IE. Ignore IE unless you need to build things for work."
52878281,git push -> code review only current change (remote.origin.push overrides push.default),52932082,3,,"I don't believe what you want to do can be done with just git currently. I've been able to narrow it down one level further by defining remote server aliases in my config file like below, one for each branch I might want to push, but this is obviously tedious and obnoxious, and I still have to type something like . The only equivalent I know to provide your original goal is with 3rd party tools like the git-review tool that the OpenStack developers put together for their own use. It might be worth it if your team is planning to use gerrit, since it provides other functionality like easy access to cherry-picking or checkout of reviews. As an aside, I believe the push.default setting of ""current"" means just to assume that the local branch name(s) should be pushed through the remote.*.push modification even if they aren't already known to exist on the server. It does not limit which branches are pushed to just the ""current"" one, but rather to use the ""current"" name(s)."
69696234,Svg not render <path> when added css all:revert,69704670,4,,"It's the data (which is also a CSS property now) that gets reset by , and because CSS properties always override SVG attributes, your doesn't contain a shape anymore. The only fix I could find is to run a script that copies the SVG attribute into the CSS property on all elments:"
41306122,Nearest neighbor search in Octree,41306992,12,,"To find the point closest to a search point, or to get list of points in order of increasing distance, you can use a priority queue that can hold both points and internal nodes of the tree, which lets you remove them in order of distance. For points (leaves), the distance is just the distance of the point from the search point. For internal nodes (octants), the distance is the smallest distance from the search point to any point that could possibly be in the octant. Now, to search, you just put the root of the tree in the priority queue, and repeat: Remove the head of the priority queue; If the head of the queue was a point, then it is the closest point in the tree that you have not yet returned. You know this, because if any internal node could possibly have a closer point, then it would have been returned first from the priority queue; If the head of the queue was an internal node, then put its children back into the queue This will produce all the points in the tree in order of increasing distance from the search point. The same algorithm works for KD trees as well."
59331,Visibility of template specialization of C++ function,59361,9,Serge,Have you added a prototype with parameters to your header file? I mean is there somewhere in fileA.h If not that's probably the reason.
48274553,SQLAlchemy Core select where condition contains boolean expression `is False`,48275373,11,,"The identity comparison operator cannot be overloaded in Python, so compares the identities of the object and , and since they're clearly not the same object, evaluates to False. By I cannot use == False which gives error you probably mean that some Python linter adhering to PEP-8 gives you a warning. Checking equality against True or False is still valid Python, though unpythonic in the general sense – but it does make sense in SQLAlchemy filters and it is used in the docs . For example: But: instead of comparing a boolean to a boolean you could use the value itself: which would translate to (approximately): since SQLAlchemy overload the to . Some backends may not support a boolean type, but SQLAlchemy handles the conversion:"
7406199,Fastest way to deploy and run a Java WAR file?,7406781,8,,"I asked too soon, it looks like Jetty does exactly what I need : Remarkably close to my dreamed up API =D"
25117402,Pulling everything till a specific commit in git,25118541,4,,"To be clearer, you should actually check out a hash to a branch, otherwise you'll be in a detached head state."
47677006,Confluent Kafka: Consumer does not read from beginning for all partitions in a topic,47677517,5,,"If you use set to a new value or use a group that has not committed any offset with set to then the consumer will start from the beginning of the partition. That said, the beginning might not be offset 0. Depending on your broker's log retention settings, Kafka can be deleting messages thus the 1st available message in your partitions could be at any offset."
48241618,Angular inifinite loop calling function,48241657,3,,"It's not an infinite loop, it's just Angulars change detection. In development each change detection run also follows a 2nd turn. Change detection is run when any async call completes (event handlers, timeout, ...) and can therefore happen quite often. Binding to functions in the view should generally be avoided, instead assign the result to a field and bind to that field instead. Angular is extremely efficient checking whether field values have changed."
43406168,Angular 2: Ignore first trigger of ngOnChanges?,60140622,4,,"If you have many inputs, but can't tell for sure which one of them is set, you may use Object.values to retrieve all changes as an array Array.some to check whether any of the changes has set Beware: If no is set at all, will be because stops at the first value."
76695294,What perl regex would validate a string representing a bowling score?,76696824,4,,"One could use a single regular expression to validate the string, but I would not recommend it, for the following reasons (when compared to writing high-level language code): it would be more difficult to comprehend; unit testing would be less straightforward; any errors that initially survive unit testing would be harder to spot; and it would be more difficult to maintain should there be changes in the specification. This does not mean that the code should be devoid of regular expressions. I will write example code in Ruby, which should be easily converted to Perl. It is convenient to first create a helper method that sums the first two digits in a string. is a regular expression that matches two consecutive digits in a string and returns the string comprised of the first two consecutive digits in the string . We can test this with a few strings for which it is needed. We will need a method that determines whether the scoring for each of the first nine frames is valid. The regular expression reads as follows: ""match the beginning of the string ( ) followed by two digits ( , same as ) followed by the end of the string ( )"". sums each character of the string after it has been converted to an integer. We can try some examples. We will also need a method that determines whether the scoring for Frame 10 is valid. All four regular expressions require that the beginning (the anchor ) and end (the anchor ) of the string must be matched. is a non-capture group that requires the literal be matched or ( ) the literal followed by a digit ( ) be matched. The regular expression requires that followed by 2 digits ( ) be matched and, because of the anchors, that the string contain no other characters. The other two regular expressions are similar. Notice that when the string is comprised of three digits returns the sum of the first two digits. Here are some test results. We can now put everything together. I will add two statements to identify invalid substrings for the reader. splits the string on hyphens, returning an array. assigns the last element of that array to the variable and all elements but the last to the array . We may now test various strings."
63473416,Envoy configuration. Possible values of @type keys,63492368,5,,"Well, this answer isn't great - but I think that's largely because there isn't a great single source for this information. Each is a protobuf message of type any which is just an arbitrary serialized message. Envoy uses the type to match it against known protobuf definitions for the filters. The specific type for each one can in some cases be found in the docs: adaptive concurrency filter aws lambda filter see the other filter docs pages to see if they give example configs with the correct . For those not documented there, you can parse your way into the code and find the type, e.g. again for the aws filter Some of Envoy's other open projects that need to reference these types frequently hold definitions of well known types. You can use that as a reference, just note they may not be 100% up to date. Sorry there isn't a more consolidated location, hope this helps."
8620181,Hamcrest Date Matchers,8620744,43,,"The OrderingComparison::greaterThan matcher will work on any type which is comparable to itself (it's in the package, but it's not actually number-specific). Date is such a type."
29641569,Find if Array Contains 5 consecutive Numbers with Javascript,29642026,3,,"An iterative, straightforward approach would be: But for bonus fun, here's one variation on a functional approach, returning the position where the sequence starts, or -1 if no sufficiently long sequence exists:"
58554731,Traefik V2.0 Metrics with Prometheus,59107575,6,,First expose 8082 port if you're in docker. And add these commands when starting Traefik. Access that metrics in If you also add the following labels it will allow you to access the metrics on . You need to fill in the values in the angle braces depending on your setup.
23415076,Simple WPF Binding not working,23415107,3,,"You can only bind to public properties , you have a public field. Your code should be: If the title can change at run time, you also need to implement ."
32983989,Set background checkbox android when dissable,32984866,3,,"You will want to use a state drawable as the background for the Checkbox, something like this should get you closer to your goal: You can make modifications to this in order to match your exact logic. Your CheckBox will look like this:"
10486731,How to create a modal window in JavaFX 2.1,10488434,53,,"Here is link to a solution I created earlier for modal dialogs in JavaFX 2.1 The solution creates a modal stage on top of the current stage and takes action on the dialog results via event handlers for the dialog controls. JavaFX 8+ The prior linked solution uses a dated event handler approach to take action after a dialog was dismissed. That approach was valid for pre-JavaFX 2.2 implementations. For JavaFX 8+ there is no need for event handers, instead, use the new Stage method. For example: Note that, in order for things to work as expected, it is important to initialize the owner of the Stage and to initialize the modality of the Stage to either WINDOW_MODAL or APPLICATION_MODAL . There are some high quality standard UI dialogs in JavaFX 8 and ControlsFX , if they fit your requirements, I advise using those rather than developing your own. Those in-built JavaFX Dialog and Alert classes also have and and methods, so that you can set the modality for them as you wish (note that, by default, the in-built dialogs are application modal)."
16366091,Placing bids on eBay through sniping,18884613,7,,"The ""base"" eBay API does not have a feature in the API to ""place-bids"". The eBay API that can place bids is called ""PlaceOffer"" (as you have mentioned). PlaceOffer is basically an extension to the eBay API, but to use PlaceOffer, you must accept a separate license agreement for PlaceOffer ( PlaceOffer API License Agreement Addendum PDF). There is a stipulation in the PlaceOffer API license Agreement, that you will not use the PlaceOffer API to do sniping (I.E.: can't have a feature to place a bid (or bids) on a buyer’s behalf based on time remaining or at a scheduled time). The relevant portion of the PlaceOffer API License Agreement Addendum (PDF) is: NOW, THEREFORE , for mutual and valuable consideration, the sufficiency and receipt of which are hereby acknowledged, the parties hereby agree as follows: You are hereby granted limited access to eBay’s PlaceOffer functionality (“PlaceOffer”) as a Permitted Use under the Agreement. The parties agree to add the following at the end of Section 16 to the Agreement: “You hereby acknowledge and agree that: (i) You will not make any public statement regarding the terms of this Amendment __ without eBay’s prior written approval, which may be withheld in eBay’s sole discretion; (ii) You will not provide or operate an automated sniping tool (defined as any application or feature of an application that places a bid (or bids) on a buyer’s behalf based on time remaining or at a scheduled time ); and (iii) You will use PlaceOffer in accordance with the following guidelines: (a) Your Application using PlaceOffer is subject to certification as set forth in the Agreement; (b) automated use of PlaceOffer may not be specifically scheduled for a later time , and (c) use of PlaceOffer must be made in accordance with the eBay User Agreement and bidding policies. ” This is also described in the PlaceOffer Policies and Guidelines : The following PlaceOffer policies are required for applications that use this call in the production environment: ■ Use of PlaceOffer must be in accordance with the API License Agreement and the eBay User Agreement . If you are an eBay affiliate, you must agree to all terms and conditions specific to the eBay programs you join. ■ The automatic and/or scheduled use of PlaceOffer is prohibited. An example is sniping, which is prohibited . For each PlaceOffer call made by your application, the user first must take an explicit action . That is, the application needs to get confirmation from the user before making each PlaceOffer call. ■ The application shall not in any way, shape, or form collect the eBay username and password values of buyers or sellers that are involved in order line items. Users must enable bidding and buying through eBay's Authentication & Authorization mechanisms. ... ... ■ To use PlaceOffer in the production environment, you must apply for, and be granted, approval by the eBay Partner Network. Additionally, your application must be functional in the sandbox environment. Please also note the following policies regarding use of PlaceOffer in the production environment: ■ After you apply for approval by the eBay Partner Network, and if it is granted, then you must pass an application review by eBay Developer Support. ■ The review process can take 10 business days or longer. In addition, before PlaceOffer access is granted in production, you must sign and return the eBay PlaceOffer API License Agreement Addendum (PDF). As an alternative to using the eBay API, including the PlaceOffer API (which does not allow sniping anyway), you could look at JBidWatcher: Free eBay sniping, bidding & monitoring and JBidWatcher: Economics vs. the eBay API as a starting place. Also, see JBidWatcher on GitHub You could also look at the (eBay Sniping) API at Gixen eBay Sniper ."
68024541,Modify AWS Switch Role Display Name,68517108,34,,"There is no Edit page for the roles, so what you should do is to click the account drop-down at the top right and select , then re-create the role with the new display name. The new setup will overwrite the old one."
2934936,Best way to reverse string in c#,2934989,7,,"How about: EDIT: The updated version version will work if the components contain spaces (e.g. ""Foo Products » X1 » X3"")"
16678447,Android Studio: Are Library Project dependencies picked from project.properties?,16682098,4,,"Android Studio's default project support is done through Gradle, unless you have an Android project coming from IntelliJ which you can open with Studio as well. If you use Gradle, project.properties is completely ignored. You should not use the Module Settings to add dependencies now as it only changes the IDE but not the Gradle based build system (we'll fix this in later versions). If you have missing dependencies in your build.gradle, it may be due to a bug in the export from ADT. We have fixes for this coming soon."
454681,How to keep the console window open in Visual C++?,1152873,411,,"Start the project with Ctrl + F5 instead of just F5 . The console window will now stay open with the message after the program exits. Note that this requires the linker option, which you can enable as follows: Open up your project, and go to the Solution Explorer. If you're following along with me in K&R, your ""Solution"" will be 'hello' with 1 project under it, also 'hello' in bold. Right click on the 'hello"" (or whatever your project name is.) Choose ""Properties"" from the context menu. Choose Configuration Properties>Linker>System. For the ""Subsystem"" property in the right-hand pane, click the drop-down box in the right hand column. Choose ""Console (/SUBSYSTEM:CONSOLE)"" Click Apply, wait for it to finish doing whatever it does, then click OK. (If ""Apply"" is grayed out, choose some other subsystem option, click Apply, then go back and apply the console option. My experience is that OK by itself won't work.) CTRL-F5 and the subsystem hints work together; they are not separate options. (Courtesy of DJMorreTX from https://web.archive.org/web/20130604190922/http://social.msdn.microsoft.com/Forums/en-US/vcprerelease/thread/21073093-516c-49d2-81c7-d960f6dc2ac6 )"
10501336,Print vector of vectors to ostream,10501402,4,,"You need this utility library: Pretty-print C++ STL containers If you want to do this yourself (so as to teach yourself), then you need to define two overloads as: For : For : If you have these overloads, then they together will handle these cases recursively:"
56729764,asyncio.sleep() vs time.sleep(),56730924,299,,"You aren't seeing anything special because there's nothing much asynchronous work in your code. However, the main difference is that is blocking, and is non-blocking. When is called, it will block the entire execution of the script and it will be put on hold, just frozen, doing nothing. But when you call , it will ask the event loop to run something else while your await statement finishes its execution. Here's an improved example. Will output: You can see that is not blocking the execution of the script. In contrast, replacing the line with , the output will be because is blocking and the first call of has to finish first before the second call of starts running."
62452431,Shift dates on the fly based on a condition using pandas,62452564,4,,you can use on forward to replace the 0s by minus backward column and then add this series to the date
54856224,Different security rules for different Firestore collections,54856339,3,,"If you look at the documentation on authentication in security rules , you will find these rules: Modified for your use-case, that'd be something like:"
53101581,Reset Angular Formly Form Validations on click event,53102377,3,,"Actually just reset the form values. You need to reset the form directive too. for eg. and .ts file is this will reset the form values only, to reset the form error we need to reset the formdirective as well."
2011264,How to read a file from remote system using java?,6166464,6,,if the remote computer is in the same network and on a shared folder to the computer where your java code is running then try this piece of code for accessing it here Comp-1 is the DNS name of the machine containing the file in the network!!!
11819029,go: using pointer allows changing the contents of a struct. Why?,11819225,5,,Have you read this Go documentation? Should I define methods on values or pointers? Methods: Pointers vs. Values The Go Programming Language Specification
4307518,need help writing a function candidates in Haskell,4307637,5,,"I remember doing this project in my Algorithms class in college. My best advice, particularly for someone who is writing in Haskell for learning and not for production, is to write 'top down'. First, ask yourself what do you need to do to solve this problem? Then just write it down with descriptive functions (even if they don't yet exist). Then stub in the functions you need. For example, a start might be: From this, you would simply start describing top-down how to solve the problem, until you've answered everything. Note that sometimes you'll want to write a function similar to , but surely its already been written before. Try checking out http://haskell.org/hoogle . You can search for function names or even type signatures. Maybe there is a somewhere already written in the standard libraries? As an interesting question for you to answer yourself, what is the type of and why does it type check? It is not a special keyword; it is merely a predefined function."
6112269,Android: Keep username in session until logout,26771679,8,,I think this example should be very helpful. https://web.archive.org/web/20120830214803/http://www.androidhive.info/2012/08/android-session-management-using-shared-preferences/ The main class is here:
45066223,Looking for guidance on a simple conditional,45066419,4,,"Let's start with the branch: In case the isn't True you don't return anything, but you should return : That can also be simplified because is already the result that should be returned so you can also use the less verbose: Then there is a logic error in the second case: That should trigger if and is True and likewise for the second parens. So it should be: Likewise you can use here the less verbose:"
7494244,How to change entry point of C program with gcc?,7494273,60,,"It's a linker setting: the thing passes arguments to the linker, and the linker takes a argument to set the entry function"
44960789,What is the typeof keyword,44963107,3,,Have a look at the list of keywords in Kotlin at https://github.com/JetBrains/kotlin/blob/master/compiler/frontend/src/org/jetbrains/kotlin/lexer/KtTokens.java So this one is not used currently but might be in the future
148681,Unloading classes in java?,148707,212,Mario Orteg&#243;n,"The only way that a Class can be unloaded is if the Classloader used is garbage collected. This means, references to every single class and to the classloader itself need to go the way of the dodo. One possible solution to your problem is to have a Classloader for every jar file, and a Classloader for each of the AppServers that delegates the actual loading of classes to specific Jar classloaders. That way, you can point to different versions of the jar file for every App server. This is not trivial, though. The OSGi platform strives to do just this, as each bundle has a different classloader and dependencies are resolved by the platform. Maybe a good solution would be to take a look at it. If you don't want to use OSGI, one possible implementation could be to use one instance of JarClassloader class for every JAR file. And create a new, MultiClassloader class that extends Classloader. This class internally would have an array (or List) of JarClassloaders, and in the defineClass() method would iterate through all the internal classloaders until a definition can be found, or a NoClassDefFoundException is thrown. A couple of accessor methods can be provided to add new JarClassloaders to the class. There is several possible implementations on the net for a MultiClassLoader, so you might not even need to write your own. If you instanciate a MultiClassloader for every connection to the server, in principle it is possible that every server uses a different version of the same class. I've used the MultiClassloader idea in a project, where classes that contained user-defined scripts had to be loaded and unloaded from memory and it worked quite well."
3403501,Sending an exception from thread to main thread?,3403552,3,,"Knowing nothing else, it seems like your locking is broken, if you need a thread to ensure that your locks aren't held too long or are invalid. If you really need to throw exceptions to your main thread, set up a communication queue from all your 'worker threads' to your 'master thread', and wrap your entire worker threads in an exception handler that does nothing more than append exceptions to the queue and then kills that thread. Your master thread can poll the queue to discover exceptions and restart threads that have died after correcting the error condition."
8066577,"WiX: installing and starting a service, when the file elements are generated by heat.exe",58716185,3,,"Adding this as relevant information, I had a similar problem and used a similar solution to you, adding an xml transform. However, I used the transform to insert the service control/install elements into the heat-generated fragment. I've pasted my transform below, you may have to modify properties or remove items you don't need. Some things to note: The service control doesn't auto-start the service on install, I had issues with assembly refs not being populated by the time the msi tried to invoke them A key part of the XSLT adds an ""include"" statement at the top of the heat.exe file so that I can reference variables from my .wxi file This assumes the variable name you told heat to inject as your -var parameter is ""var.SourcePath"" I never extracted the name of the .exe file or settings file out as variables that can be injected into the transform because they were fairly stable and it seemed...difficult"
3300957,generate a random number between 1 and x where a lower number is more likely than a higher one,3301142,3,,There are basically two (or more?) ways to map uniform density to any distribution function: Inverse transformation sampling and Rejection sampling . I think in your case you should use the former.
68864353,"Why does C# 9.0 have a ""with"" keyword instead of using existing syntax?",68864576,4,,"How would you implement this method? Let's make a try: The problem with this approach is that we are not able to set a field to null as in Therefore another approach is required. We could add overloads of every possible parameter combination The problem is that the number of required overloads grows exponentially with the number of parameters: 2 n - 1. Yet another approach would be to let the compiler handle a call like . It would be syntactic sugar for compiler generated code. This introduces other problems: It does not behave as we would expect from other methods. How would Intellisense display the parameters of this pseudo method? As in our first attempt? This would be misleading because of this nulling problem. It could conflict with a user defined method of the same name. Some interesting links relating to the implementation of Non-destructive mutation ( keyword): Records as a collection of features #3137 ( MadsTorgersen, 1 Feb 2020) . Nominal records #3226 (MadsTorgersen , 22 Feb 2020) . C# 9.0 has introduced Records and Nondestructive mutation through with-expressions."
52256315,What does this Visual Basic code do? Microsoft word macro,52257219,3,,"Delete it! The code gets activated, whenever you open your document. It seems like some kind of a virus indeed. It is a malicious. If you wanna see what it does, replace the following line: with: and see the . Or better delete it , there could be some other code somewhere else, which is calling some command as well. And then you would most probably need to reinstall your PC."
19639703,Image cleaning before OCR application,21315879,5,,"Not sure if your intent is for commercial use or not, But this works wonders if your performing OCR on a bunch of like images. http://www.fmwconcepts.com/imagemagick/textcleaner/index.php ORIGINAL After Pre-Processing with given arguments."
70338535,Mark the record with the lowest value in a group in SQL,70338573,3,,The window functions should to the trick . Use if you want to see ties. I should add... The window functions can be invaluable. They are well worth your time experimenting with them.
27659790,Python Sympy MathML: mathml vs print_mathml,27659939,3,user3679917,"I do not have enough reputation points to comment yet, so i answer then instead. According the Sympy doc's. Sympy.printing.mathml's function is expecting a expression. But in string format? http://docs.sympy.org/dev/modules/printing.html#sympy.printing.mathml.mathml Code part: - Which error did you get? Did you got this: I guess it's something wrong with the library. You could take a look here http://docs.sympy.org/dev/_modules/sympy/printing/mathml.html to see the file."
50938476,Relation “users” does not exist. PostgreSQL,50938505,13,,"This will happen if the psql user does not have schema level privileges . This error message can be misleading. To solve this issue, try connecting using psql with an admin user and run: 1."
4238866,Is it possible to lose data if a sqlite DB is not closed?,4239490,4,,"For the most part, no; sqlite3 writes everything to ""disk"" (and calls fflush/fsync/etc as appropriate) before returning. There's one big exception: If there's an uncommitted transaction when you close the database, it'll be rolled back the next time you open it. Exactly what happens depends on PRAGMA journal_mode : if it's ""memory"" or ""off"", the database is likely to be corrupt if your app crashes during a write. I think PRAGMA locking_mode only affects what happens when locks are released, not transactional integrity. Note that -applicationWillTerminate: is not sufficient anyway! If you haven't set UIApplicationExitsOnSuspend, the default behaviour on iOS 4 and a new-enough device (i.e. newer than iPhone 3G/iPod 2g) is to send -applicationWillEnterBackground: and then suspend your app (apparently with SIGSTOP). If the OS later decides that your app needs to exit, it sends SIGKILL without giving your app any more CPU time. You need to save state in both and ; the main difference is that you can start a background task in the latter. (The other difference is that you might do some ""cleanup"" in -applicationWillTerminate: that shouldn't happen when you're just moved to the background, even though freeing memory when your app is about to exit is largely a waste of CPU time.)"
57246580,Operation Queue not executing in order even after setting priority and dependency on Operations,57247869,7,,"There are several issues: If you’re trying to manage dependencies between operations, you cannot use the operation’s for the code that the dependencies rely upon. The completion block isn't called until after the operation is complete (and thus defeating the purpose of any dependencies). So the following will not work as intended: But if you define the operations like so, it will work: (But this only works because I redefined operations that were synchronous. See point 3 below.) It’s worth noting generally you never use directly. As the docs say : An abstract class that represents the code and data associated with a single task. ... Because the class is an abstract class, you do not use it directly but instead subclass or use one of the system-defined subclasses ( or ) to perform the actual task. Hence the use of , above, or subclassing it as shown below in point 3. One should not use priorities to manage the order that operations execute if the order must be strictly honored. As the docs say (emphasis added): This value is used to influence the order in which operations are dequeued and executed... You should use priority values only as needed to classify the relative priority of non-dependent operations. Priority values should not be used to implement dependency management among different operation objects. If you need to establish dependencies between operations, use the method instead. So, if you queue 100 high priority operations and 100 default priority operations, you are not guaranteed that all of the high priority ones will start before the lower priority ones start running. It will tend to prioritize them, but not strictly so. The first point is moot, as you are calling asynchronous methods. So you can’t use simple or . If you don’t want a subsequent network request to start until the prior one finishes, you’ll want to wrap these network request in custom asynchronous subclass with all of the special KVO that entails: Then you can do: And because that’s using subclass (shown below), the operations won’t complete until the asynchronous request is done. As very minor observation, your code specified GET request with JSON parameters. That doesn’t make sense. GET requests have no body in which JSON could be included. GET requests only use URL encoding. Besides you’re not passing any parameters."
27599606,Sort month names,67202699,3,,"In my case, I needed to tweak Chance Smith 's answer a bit as suggested by RTF in the comment of the accepted answer to get it working. The modification was changing '>' into '-' . I'm pasting the working code here in case anyone needed."
10970347,How to move file pointer to previous line in php?,10970434,5,,"You read out a line from the file, but only forward to the next line when the dice is not 1. Consider to use the for that, which offers an interface that is better for your scenario I'd say:"
1184879,Setting up a sandbox dev environment for Sharepoint,1185162,3,,"Just want to point out that there are more problems with 32-bit SharePoint than the fact that you can’t use all your memory. Read this blog post for more info. I guess you are talking about SharePoint 2007, but 2010 is around the corner and its 64-bit only (probably due to the problems described in that blog post). So I'd recommend you to do it properly and set up an x64 environment from the beginning."
72656551,React check if element is visible on viewport,72656784,4,,"You can install the 'react-intersection-observer' module from the npm to do the trick. Read more from here. They have the 'inView' hook that could solve your problem. First import the hook. here, we can ref our element by and the inView returns true when it is visible on the viewport and false when it is not."
57058395,When will Google Cloud Serverless VPC be available in Europe?,57070612,3,,Serverless VPC Access currently supports the following regions via API and CLI: us-central1 us-east1 europe-west1 You can try it with the following command:
1069,Heap corruption under Win32; how to locate?,1073,29,user2189331,"My first choice would be a dedicated heap tool such as pageheap.exe . Rewriting new and delete might be useful, but that doesn't catch the allocs committed by lower-level code. If this is what you want, better to Detour the s using Microsoft Detours. Also sanity checks such as: verify your run-time libraries match (release vs. debug, multi-threaded vs. single-threaded, dll vs. static lib), look for bad deletes (eg, delete where delete [] should have been used), make sure you're not mixing and matching your allocs. Also try selectively turning off threads and see when/if the problem goes away. What does the call stack etc look like at the time of the first exception?"
56119753,How to write an EasyNetQ auto subscriber dispatcher for the ASP.NET Core services provider?,56120211,9,,"So, here's what I came up with. A couple of notable points... The dependency is the ASP.NET Core DI container. This may be unclear at first, because, throughout , you're registering types using the other interface, . In order to resolve scoped services, you need to create and manage a scope's lifecycle around creating and using the consumer. And I'm using the extension method because I really want a nasty exception here and not a null reference that might leak for a while before we notice it (in the form of a null reference exception). If you only used the directly, as in , you'd see an error like this when attempting to resolve a scoped consumer or a scoped dependency for a consumer. Exception thrown: 'System.InvalidOperationException' in Microsoft.Extensions.DependencyInjection.dll: 'Cannot resolve scoped service 'Example.Messages.ConsumeTextMessage' from root provider.' In order to resolve scoped services and maintain their lifecycle properly for async consumers, you need to get the async/await keywords in the right place. You should await the call, which requires that the method be async. Use breakpoints on the await line and in your consumer and step line-by-line to get a better handle on this! OK, now that we have the dispatcher, we just need to set everything up properly in Startup. We need to resolve the dispatcher from the provider so that the provider can provide itself properly. This is just one way of doing this. Startup.cs"
16032778,How to set unique row and column names of a matrix when its dimension is unknown?,16033003,24,,"You can use and and setting in order to create names dynamically, as in: you can change to name the rows/cols as you want to."
79669101,How to avoid use of long in C++?,79669454,3,,"Rather than redefining as a , you could instead redefine it as a custom / type that has all of its constructors and assignment operators 'd, eg: Demo"
38295609,install maven on mac,50103429,3,,"Please follow below steps on terminal Create bash profile (will be created under home folder and will be hidden file) Edit bash profile in editor and put next 2 commands in file, save file. Then check Maven version If needed please see detailed steps on my blog on How to install Maven on MAC OS?"
22606222,Comparing Boolean Value,22606358,4,,"It depends.... if the return type of is , the 3rd one is ok. But if it was (Big B), I would do: to avoid the NPE during autoboxing."
24143559,Method Naming Issues Swift,24144055,5,,"I do not believe this is a bug, in fact, this is how the language was designed to work: From Apple's Stuff ( https://developer.apple.com/library/prerelease/ios/documentation/Swift/Conceptual/Swift_Programming_Language/Methods.html#//apple_ref/doc/uid/TP40014097-CH15-XID_300 ): This incrementBy method has two parameters—amount and numberOfTimes. By default, Swift treats amount as a local name only, but treats numberOfTimes as both a local and an external name. You call the method as follows: You don’t need to define an external parameter name for the first argument value, because its purpose is clear from the function name incrementBy. The second argument, however, is qualified by an external parameter name to make its purpose clear when the method is called. This default behavior effectively treats the method as if you had written a hash symbol (#) before the numberOfTimes parameter Basically, for Methods inside a class, the first parameter defaults to an internal parameter name only. All subsequent parameter names default to external names where the external name is the parameter name by default. Thus, the is redundant. Is equivalent to For Methods , not for Functions . This is why you are getting a warning."
39831961,Are tests inside one file run in parallel in Jest?,63887282,14,,"You can use if you want to run them in parallel inside one file is too slow. It is a bit buggy and not well documented, but at least there's a way there. One thing I notice is it does not wait for stuff in the so you need some of your own trick(like to wait) to make it work as expected."
12934744,Calling a child method from the parent class in PHP,12934959,17,,Other posters already pointed out that the mehods need to be protected in order to access them. I think you should change one more thing in your code. Your base class relies on a method that is defined in a child class. That is bad programming. Change your code like this: creating an abstract function ensures that the child class will definitely have the function because all abstract functions of an abstract class must be implemented for inheriting from such a class
7164249,Strange space behavior of Haskell program,7165541,3,,"First of all, it looks to me like , , and never actually decrement . So they're using lots of memory because they're going into an infinite loop that does allocation. After correcting that, I've run each of your tests again with the following results, where ""allocation"" refers to approximate peak memory use: : Stack overflow, after allocating very little memory : Success, allocating similar amounts to what you saw : Stack overflow, after allocating similar amounts of memory as . : Success, similar allocation as the above : Same : Success, about 70% as much allocation as : Success, about 50% as much allocation as : Stack overflow, with little allocation : Success, about 50% as much allocation as : Success, about 50% as much allocation as : Stack overflow, with about 80% as much allocation as : Success, with almost no allocation So that's mostly what you expected, with the exception of why makes such a difference between vs. ."
46102499,internal assert failed reference.ts has not been loaded,46859902,3,,"Unfortunately, it looks like this is a bug affecting IE10 (and also Nativescript on Android), that won't be fixed. Take a look: https://github.com/firebase/firebase-js-sdk/issues/125"
12456183,Memory allocation error in R,12456584,3,,"The error is often misunderstood. It means that R is unable to allocate an additional chunk of 3.9Gb of memory space. If you were to look at the R process, it would have been using a very large amount of the available RAM before it issued the error you saw and you'd have realised that the error meant additional RAM. You will have to expand upon this in another question to explain what it is you are trying to do as if you can't read data into R with 32Gb of RAM available you will probably need to look at incremental processing of that data. For that we need details of what you are trying to achieve."
6550285,What API is used by Google+ Android app?,6550504,10,,"You are talking about ""reverse engineering"" a network protocol. Full sniffing Get a market enabled emulator: How to install Android Market App on the emulator? Get a network sniffer: tcpdump, wireshark, ... Start to sniff what's going over the wire http://www.thoughtcrime.org/software/sslstrip/ - an ssl stripping proxy Inject your ca: http://www.mcbsys.com/techblog/2010/12/android-certificates/ This should, in theory, enable you to sniff any https or plain text connection. Already available APIs I would not try to hijack the connection. There is already a contacts API, it's called xmpp. You should be able to use the talk integration to pull your friend list. Future APIs You may also want to sign up for the upcoming API . UPDATE It appears that the Android client uses (at least partially) XMPP. The regular client requires an open XMPP connection and you can see a ""RealTimeChat"" in your logcat. It looks like the connection is encrypted because you get a ""TLS required"" message (the client seems to go through the XMPP connection states). I'm not sure if that's used for client based posts or just for server push. You can see the open connections with the help of ""netstat"". The connection goes away when google plus terminates. I'd thus expect the API to be really open once released (or rev.eng). UPDATE 2 (06. Jul. 2011) Hangout is build on XMPP/MUC+JINGLE (muc == multiuser chat, jingle is roughly a SIP alternative on top of XMPP). And yes, they'll release the the details of it :-) UPDATE 3 (06. Jul. 2011) Multiple XMPP components for gtalk/gplus have been revealed by reading the JS code. It also emphasizes that they have build a great deal of features on XMPP."
7355429,RemoteException java.rmi.UnmarshalException: error unmarshalling return,11856185,9,,"I had a working and for my Java class. I decided to place these into their own packages rather than running as a default package. After I placed them in their own Packages the error started happening on connection,. I put the programs back into the default package and it all started working again. I realize that there is probably a technical reason for this, but this worked for me!"
67072608,How to save entire Docker content into tar file?,67074851,3,,"Inlined with @ halfer comment, You need to perform simple export and import. Please perform the following steps. Start the container Update and install the jdk Validate that java is up and accessible Export the image to tar from another command line. First, do a docker ps and note down the container id of the container in which you have installed java, lets say it is 4719ab149ee2. Export the container into a tar using the command. Stop the container. Remove the ubuntu image from your local registry by executing the following commands. Now import the image from the tar file using the command. Now check that image has been imported into your local registry by executing the command. Now create a container from this image using the command. Now check that java is present by using the command. Note: Step 5,6,7,8,9 are validation steps."
30567752,load content with Jquery together with sending variable in to it,30567822,4,,"You could append a GET parameter to the URL you are loading and then within that file you can insert your variable in the appropriate place. There are no redirections, or naviagations to other pages, the variable will be passed as part of the request for the content. Your PHP file will then have access to the variable via the 'superglobal' variable :"
15312529,Resolve circular references from JSON object,20050983,3,,"I had trouble with the array correction in the answer of Alexander Vasiliev. I can't comment his answer (don't own enough reputations points ;-) ), so I had to add a new answer... (where I had a popup as best practice not to answer on other answers and only on the original question - bof)"
14487888,Windows Azure: Error when deleting brokered message,14763195,3,,"The UUID that appears in the URL is a random token that the server uses to track which message is locked; it is not supposed to the be same as the message id. You can access the lock URL using . The code you have looks correct, I cannot see any obvious reason why it would fail, especially in the say you describe. Some things to check: Check that the message you get is a valid message. If you peek-lock an empty queue, it will return an empty message. Then the lock location should be . (But that would not cause the failure you see.) You could get the error if you are trying to delete the same message more than once. That could happen if you have code that notices when the service returns an empty message, and substitutes the previous message. (But that would not explain why trying to delete the message eventually works, unless it is a different message that is getting deleted.) Hopefully that will help!"
70417414,Can't open existing semaphore from another process C++,70417468,4,,"If you ever feel the need to use C-style casting (like in ) you should take that as a sign you're doing something wrong. Like you do here: is a narrow character (i.e. ) string, while you use the wide characer ( ) functions. That means the names won't be what you expect. If you continue using you must use the ""ANSI"" functions (e.g. ). Otherwise switch to which uses wide characters."
7345259,Using helper: 'original' with sortable() and draggable() doesn't appear to work,7793318,4,,"I have modified your fiddle here : http://jsfiddle.net/3wCHu/5/ As jquery documentation says that it not possible to connect to a sortable list when using . We can have a workaround. First thing you can put helper code in your #itemlist as - Secondly, in your #dropTarget code add an option as - Here ui.item refers to the item that is dragged."
15527034,Regular expression to allow only one space between words,15528160,3,,Assuming there must be either one or two 'words' (i.e. sequences of non-space characters) Change to if you want to allow only letters.
16143704,Japanese (or non-ASCII) urls and curl,16143871,3,,"If I visit the url directly from the browser, it's fine That means your browser encode ""伊勢"" (like %E4%BC%8A%E5%8B%A2) and send request in background. But still keep the look in your browser address box. My suggestion is use http debugger, like ""firebug"" in firefox or ""developer tools"" in chrome. Check the ""network"" tab and find the REAL request parameters in its detail page. Then you can find what your browser sent. Hope this helpful."
18293594,Is it possible to set an Object to be null from within itself?,18293727,5,,"As everyone else has said, this simply isn't possible. If it's cleaning up resources you're after, then you might consider using a pattern such as: And then using it like so: A better solution might be to implement the or interfaces depending on your circumstance: In which case you can use a try-with-resources statement: Or you could even combine the two and do it that way, whichever you prefer. Or lastly you could do it the way William Morrison explained (though I'd probably cheat and just use instead of making my own class, and it comes with the added benefit of being a generified type), which, depending on your circumstance, may really be unnecessary. After all, you could always just do (even though it might seem a little odd):"
61027257,Get all milliseconds from LocalTime Java,61027406,4,,Try getting nano seconds or seconds and converting to milliseconds (depending on what precision you're dealing with).
32179247,Can I run cordova app in background,32192497,10,,"You have to keep in mind that Cordova apps run in a webview in the main (GUI) thread of your app. In practical terms, your app will run minimized only until the OS decides it wants to halt it for whatever reason (typically to preserve RAM and/or battery). For Android applications, you can create your own Cordova plugin that implements a background service. Instead of doing this from scratch, you can use Red-Folder/bgs-core as a starting point. You'll have to write the logic of your bg service using java and the Android SDK. For iOS applications it's trickier. Apple only allows background code for a number of use cases: Audio playback, GPS tracking, others. The cordova-plugin-background-mode fakes background Audio playback to keep the app alive but it won't be accepted to the app store. My (very superficial) testing on iOS showed that when using the cordova-plugin-background-mode and actually playing background audio, my Javascript callbacks inside my app would be called erratically (called late and sometimes not called at all). For my use case, I ended up implementing an Android service as mentioned and an iOS plugin that uses Apple's AVQueuePlayer to play background audio and video while the app is minimized."
697866,Dilemma: Should I learn Seaside or a Python framework?,698677,10,Göran Krampe,"Disclaimer: I really don't like PHP, Python is nice, but doesn't come close to Smalltalk in my book. But I am a biased Smalltalker. Some answers about Seaside/Squeak: Q: Which I guess runs on a squeak app server? Seaside runs in several different Smalltalks (VW, Gemstone, Squeak etc). The term ""app server"" is not really used in Smalltalk country. :) Q: From what I've heard it would permit good compartmentalization of users as each would have their own little private VM independent of all the systems other users which sounds wonderful from a security, scaling and redundancy standpoint. Yes, each user has its own WASession and all UI components the user sees are instances living on the server side in that session. So sharing of state between sessions is something you must do explicitly, typically through a db. Q: I've not done any Smalltalk since Uni 15 years back and I never dug too deep into it then. I don't see much entry level help for seaside or that many projects using it. Smalltalk is easy to get going with and there is a whole free online book on Seaside. Q: I suspect setting a server up to run it is hard for the same reason i.e. not because it's inherently hard but just cause there will be less help online and a presumption you are already rather au fait with Sqeak/Smalltalk. No, not hard. :) In fact, quite trivial. Tons of help - Seaside ml, IRC on freenode, etc. Q: Is Seaside as good as I think in terms of insulating users from each other? I would say so. Q: Might I be better off, security wise, sticking to the languages I'm most familiar with so I don't make any n00b mistakes or will Seaside be worth worth scaling the learning curve and prove more secure, comprehensible and maintainable in the long run? The killer argument in favor of Seaside IMHO is the true component model. It really, really makes it wonderful for complex UIs and maintenance. If you are afraid of learning ""something different"" (but then you wouldn't even consider it in the first place I guess) then I would warn you. But if you are not afraid then you will probably love it. Also - Squeak (or VW) is a truly awesome development environment - debugging live Seaside sessions, changing code in the debugger and resuming etc etc. It rocks."
32291851,How to define constants in ReactJS,39457120,49,,"You don't need to use anything but plain React and ES6 to achieve what you want. As per Jim's answer, just define the constant in the right place. I like the idea of keeping the constant local to the component if not needed externally. The below is an example of possible usage."
28345340,Android Studio - JAVA_HOME doesn't point to a valid JVM installation,36708374,13,,"As you told you have 64 bit system then copy this path C:\Program Files\Java\jdk1.8.0_31 Step 1 :- Create JAVA_HOME variable by clicking new and past ( C:\Program Files\Java\jdk1.8.0_31) this path. Step 2 Then click path variable and edit then past it your path after add semicolon (;) C:\Program Files\Java\jdk1.8.0_31 I am using windows 10 so this windows look like this Note :- If above dialog not open then , select path variable and click on Edit…. Locate the end of the current variable value append the path of jdk, using a semicolon And click ok"
18073439,convert time span duration to decimal,18073529,3,,"If you subtract one from another, you get a - not a ""difference in HH:mm"". That may be how it's displayed, but it's not the underlying data. If you take the property, that will give you a value which would be what you want (3.5 for 3 hours and 30 minutes, for example)."
51361674,Is there a way to take screenshot of a window in pyqt5 or qt5?,51363003,5,,"Ref: http://doc.qt.io/qt-5/qscreen.html#grabWindow You say you require a screenshot of a window, therefore is not the appropriate call here, since it captures the entire screen, cropped according to the final 4 parameters. (the 100 parameters are width and height). captures the widget window. However, the reason you don't perhaps get what you expected on this call is that you don't create a solid widget and/or the widget hasn't been shown. Try the following example, making sure the app is on your primary display before clicking the button. I've tested this on Windows."
7156122,What is the complexity of this simple piece of code?,20123922,12,,"I think these text in the book must be a typo ,I think the right content is below,I fix it: =================================================================== Question: What is the running time of this code? Answer: O(n 2 ), where n is the number of letters in sentence. Here’s why: each time you append a string to sentence, you create a copy of sentence and run through all the letters in sentence to copy them over. If you have to iterate through up to n characters each time in the loop, and you’re looping at least n times, that gives you an O(n 2 ) run time. Ouch! With StringBuffer (or StringBuilder) can help you avoid this problem. ===================================================================== Am i right?"
7313573,JQuery: delegate and datepicker,7313723,16,,I used delegate on the body because I don't know if you have your code in other containers that you can target. Here is a fiddle that targets a specific with delegate: http://jsfiddle.net/MpqAy/
44420153,What is the unit for spark.network.timeout property without postfix? Seconds or milliseconds?,44421554,4,,"Given the lines in it seems that is in seconds. The official documentation of Spark in Spark Properties says: Properties that specify some time duration should be configured with a unit of time. Properties that specify a byte size should be configured with a unit of size. Hard to find, but hopefully it becomes easier with your question and my answer."
25546750,Merge huge files without loading whole file into memory?,25546890,3,,With you create a new Buffer everytime and it gets always reset in the first line. Replace with and the reader when done.
39379607,how to get angular2 formcontrol parent,45029470,15,,You can access the parent of a given with the same way you would be using . Here's the doc: https://angular.io/api/forms/AbstractControl#parent
4705675,How to program the OSI reference model in language,4707404,3,,"Since the OSI model has 7 layers: Physical Link Network Transport Session Presentation Application and you want to emulate it in a Java (or possibly C) environment, then you're going to need to do a moderate amount of work. For the purposes of your simulation, you'd probably treat the normal TCP/IP sockets layer as the physical layer - in your simulation, it achieves connectivity between endpoints. It is a remarkably reliable physical layer, but you can't have everything. You can then simulate each of the successive layers - Link, Network, Transport, Session, Presentation, Application - layers with appropriate code that puts data into packets, or splits up packets, and adds headers and check sums and so on. Each layer except the application has two interfaces: the downward interface (to the lower-numbered layer) and the upward interface (to the higher-numbered layer). You'll need to decide on appropriate operations for each layer. A minimal set is likely to be: open, close, read, write. I'd start simple - with either the bottom or the top (either direction could work). Since you'll need an application anyway (test code if nothing else), you might start there. You'll successively refine the code adding extra layers, ensuring the previous functionality continues to work. You'll have to work out how the application layer conveys to the data link layer the information that it needs - so that the correct socket calls can be made, etc. Have fun."
18154339,Gradle/Java replace text,18154920,5,,"Assuming you just want to format , this should do what you want: EDIT : forgot to escape some characters."
51092889,Receiving HTTP Error 403: Forbidden CSV download,51093473,7,,"There are two things wrong with your code: You are passing a response object to pandas, when your actual csv data is in pandas cannot read from , only works with file objects. Thus to read your downloaded content, you need to create a file either using string writer to create a physical file or use An example of using io module is:"
46450225,Geofence events not always called,46538931,10,,"For starters, I would not put this code inside a BroadcastReceiver. Besides being bad practice, the component might be shutdown before the code has finished executing. Please consider starting a Service from your Receiver, if you need to run code that might take some time. Otherwise for a short execution time, you may use an IntentService . By looking at your code, I'm aware of two reasons your Geofences are not working as expected: 1) The nature of Geofences Geofences API retrieves your location mostly from WiFi / Cellular Data, which is often unavailable. I tried to use Geofences once, and I found them very inaccurate. I switched to LocationManager making it use pure GPS location and it met my expectations. Please see this answer , which advises to Poll the GPS hardware on an interval without doing anything with the result and you'll start getting more accurate geofences. I have never tried Google's FusedLocation API , but I have heard people saying it worked very well for them. If you use LocationManager, you will have to implement your 'Geofencing logic' yourself; you can easily do it with Location.distanceTo(Location) . Example: 2) CPU is not active The fact that the Geofences are active, does not necessarily mean that your phone is awake and computing location checks. To fix that, you can start a ForegroundService from your BroacastReceiver. The Service should hold a partial WakeLock as well. This guarantees that: The OS does not kill the service (or better: less chance to be killed...) The user is aware of the service and can dismiss it if necessary The CPU is running. Therefore you can be sure that the code that retrieves the location is running (please remember to to release the WakeLock when the service stops). Please note that Android may still kill your service if necessary. You can find plenty of examples on the web on how to start a ForegroundService from a BroadcastReceiver, how to hold a WakeLock and so on... Also, check out to the new Android O API , that brought some minor changes to the ForegroundService and other components. PS: I have developed and application that uses all the components mentioned above (except for the FusedLocation) and I was extremely satisfied. EDIT: Answering OP's questions Okey, let's try to make some order here, otherwise future readers may easily get confused. I'll start by answering what written in the original question and the 'bounty banner', then the OP edits, and finally the questions the OP placed in the comments. 1) Original question Is the triggering event also being dismissed, when the app is cleaned by the garbage collector? Most probably yes. See this answer where OP implemented a service that runs in a separate process, in order to make geofence be triggered even when the app is killed. I need to understand what causes the geofences not to get called, if enough time has passed Plenty of reasons. See my original answer. I saw an implementation of the geofence logic with an Service instead of a broadcast receiver, will that work better? A Receiver and a Service are two different things. Please read Android's documentation. You can start a Service from a BroadcastReceiver, which is usually the preferred way to 'receive' PendingIntents and do something with them. 2) Edits Please note that I did not tell you to replace the BroadcastReceiver with a Service, but that it might be a good idea to start a Service from your Receiver and handle all your logic there. Making your IntentService a Singleton class is not necessary as (from IntentService documentation ) All requests are handled on a single worker thread -- they may take as long as necessary (and will not block the application's main loop), but only one request will be processed at a time. Do not store Context into a Singleton class or some static references. I'm impressed Android Studio did not warn you. 3) Comments I need this to work 24/7 hence I cannot use the location all the time, cause of obvious battery issues. Please read Android Oreo Background Execution Limits . This might be an issue for you. Also now that I changed to a intentService, is that enough to ensure it should stay awake? No, as I said, you probably need a partial WakeLock in order to turn on the CPU. Do I need to initiate it another way, in order to keep it in the foreground? Yes. In order to start a Foreground Service, you need to call startForeground(int, Notification) Please note: IntentServices lifespan is limited to the end of the onHandleIntent() function. They are not supposed to live for more than a few seconds, typically. Use the Service class if you want to start a Foreground. Moreover, as said in the original answer, a new Foreground API is available and preferred for Android Oreo. Not a question, just a notice: I need to use here Geofencing. (Geofencing will start if necessary the gps Ok perfect. See what works best for you."
