QuestionId,QuestionTitle,AnswerId,AnswerScore,AnswerAuthor,cleaned_comments
17228801,Math operations inside where claue of rails,17229433,5,,"As it is common to write String conditions in clause in ActiveRecord, would the following be considered as ""a sql statement""?"
7192842,"HTML5 - localStorage, Cookies, and SQL",7193143,6,,"localStorage is a great place to store application settings that you'd like to persist between sessions (as opposed to sessionStorage) and not be transmitted to the server (as opposed to a cookie). Previously, to avoid having cookie based settings transmitted to the server needlessly, you'd have to use a different subdomain just for cookies. The next important advantage is that although under the hood localStorage uses SQLite, all localStorage values are cached in memory by the browser. So while with the database API each statement is async and would require a callback function to grab the data, localStorage is completely synchronous as it fetches data straight from a memory cache. This means that storing and retrieving large chunks of data from localStorage is extremely fast. The way the localStorage object has been implemented also makes really easy and intuitive to use in your code. Did you know for example, that instead of using and you can use localStorage like any other object? Compare this to the amount of code required to retrieve a single record from the database: Real-world example The Guardian web app at g.joeblade.com stores all article content in localStorage. This means that page loading is instaneous. If the content were to be stored in the database, it wouldn't be nearly as fast as each article would have to be fetched asynchronously from the database, and then there's the overhead of invoking the SQLite query engine, running the callback, and so on."
11056420,Does dequeueReusableCellWithIdentifier: call an initializer in my UITableViewCell subclass?,11444135,11,,I probably didn't phrase my question properly but I was looking for here was actually . Gets called once when the cell is dequeued and not on reuse. Allows me to do some setup programmatically that it doesn't make sense to do in the storyboard.
16079464,How to control the rpmbuild buildroot and install directory,16082931,7,,"You create the subdirectories yourself in or wherever. Example: You want to install all your files in but also want a config file . So in the section you: So you are re-creating the tree that you want installed, all with as the equivalent of the target's ."
1550212,Proper cleanup of WPF user controls,14074116,10,,"I was looking for this too and after testing differents options I implemented the solution of venezia I realized that when parent call Method and had already items added to Children, DependencyObject had a value. But when parent added an item ( ) and children was empty DependencyObject was null."
18463048,structure variable doesnot get initialized in c,18463113,10,,"You are using the format specifier to print a , which is undefined behavior. You should use for floats and for integers. For your code, that should be: because is a float. In a later you are also using to print the string . It should be changed to instead."
23418875,C# SyndicationFeed - RSS parsing date issue,23423980,5,,"This problem occurs because of the date format that is used in the second feed. The SyndicationFeed.Load method expects to receive feeds that are in standard format. The following is an example of standard format: Mon, 05 Oct 2009 08:00:06 GMT However, the lastBuildDate in the feed is: Fri, 02 May 2014 04:58:16 UTC To work around this problem, create a custom XML reader that recognizes that format. Copy entire code of MyXmlReader and replace by Now use it as That code will work for both feeds. Hej da"
59383456,Error: Unable to find an element with the text when I try a test with Jest in React,59383565,11,,"looks by text content . attribute is not text content but just one of attributes. So it will not find input by this approach. Also it's kind of not idiomatic to search by thing you are going to assert for. Better find element by it's static properties and then check for dynamic value: PS To be more ""RTL-approach"" I'd also suggest to use instead of ."
2890347,Are there any purely functional Schemes or Lisps?,2902644,26,,"The new Racket language (formerly PLT Scheme) allows you to implement any semantics you like with s-expressions (really any syntax). The base language is an eagerly evaluated, dynamically typed scheme variant but some notable languages built on top are a lazy scheme and a functional reactive system called Father Time. An easy way to make a purely functional language in Racket is to take the base language and not provide any procedures that mutate state. For example: makes up a language that has no ."
48053736,Is there a name for this algorithm? (I've been calling it changeBinary),48053801,6,,"It may be interesting to know that this is on a BigInteger (or, if you limit the length of the strings, the same thing but on a fixed-size integer), also describable as . Carryless multiplication, which is essentially just like normal multiplication, but instead of adding the partial products you XOR them, has some fairly nice properties, such as being commutative and associative. The associative property is especially of interest since it allows you to reason easily about what composing your algorithm with itself a couple of times does: for example is That it's a carryless multiplication by 3 also explains why it ""undoes"" itself when applied often enough, as the carryless multiplicative inverse of 3 is the number with all bits set, which with 32 bits is 0xffffffff, which can be formed as 3 31 (with carryless exponentiation). This also follows from the equivalence of a carryless square to a ""bit-spread"", so it takes a bit string abcd to a0b0c0d, and thus - 5 spreads have spread the bits so far apart that only the original lsb is left over, the rest does not fit in a 32bit number. And that also gives a faster inversion, because the number with all bits set can be decomposed into small number of (carryless) factors: With a number of factors that is the base two logarithm of the number of bits (rounded up). Since converts a number to Gray Code, I suppose you might call this a ""mirrored"" Gray Code. The same trick with the factors is used ""in the mirror image"" to convert a Gray Code back to binary: Here we just flip the direction of the shift to get: Which is and has also been called"
261599,Why can I use a function before it's defined in JavaScript?,261640,15,doofledorfer,"The browser reads your HTML from beginning to end and can execute it as it is read and parsed into executable chunks (variable declarations, function definitions, etc.) But at any point can only use what's been defined in the script before that point. This is different from other programming contexts that process (compile) all your source code, perhaps link it together with any libraries you need to resolve references, and construct an executable module, at which point execution begins. Your code can refer to named objects (variables, other functions, etc.) that are defined further along, but you can't execute referring code until all the pieces are available. As you become familiar with JavaScript, you will become intimately aware of your need to write things in the proper sequence. Revision: To confirm the accepted answer (above), use Firebug to step though the script section of a web page. You'll see it skip from function to function, visiting only the first line, before it actually executes any code."
37377472,"Why can't you get the length of (,,)?",37377635,6,,"This is a consequence of the FTP (Foldable-Traversable in Prelude) proposal. With that, is now defined for anything that is Foldable, and it turns out there is a Foldable instance for pairs: will always return 1. There is no Foldable instance defined for tuples of higher order. For instance, if you check the classes defined for triples: you don't see a Foldable or Traversable instance, and that's why isn't defined for those values. Update So is considered to be a container of the single value . You can see this by observing the output of this code: Evaluating returns ."
4705292,how to count bytes sent and received per TCP connection (system-wide)?,4826438,8,,"all, I have basically fully reverse tcpview 3.0.2 and implement the same feature as its according to what I have learnt. tcpview use ETW for monitoring network activity. The key APIs are StartTrace , OpenTrace, ProcessTrace. Use the KERNEL_LOGGER_NAME and enable EVENT_TRACE_FLAG_NETWORK_TCPIP flags. Then you can retrieve network activity data from EventCallback , then parse it as TcpIp_TypeGroup1 and other structures. According to the document, these structures are only supported from vista. However you can call and use it in xp(guess from reverse) and 2003(My environment is 2003, no test on xp). Certainly you have to define all these structures by yourself. From vista, win provides some APIs for retrieving every connections statistic information. Such as GetPerTcpConnectionEStats, GetPerUdpConnectionEStats, you can get more details from MSDN. Also, from vista, you can use RAW Socket to finish the same work(more precise I think). Before vista, RAW Socket can't retrieve SEND packets, it's a pity."
10573654,Installing play framework,11803013,10,,"Muhammad is correct. The only thing I would add is this: After saving the environment variables, I noticed that one must: close ALL explorer windows open a new one open a new cmd prompt and then I saw the play_home in the path and play worked everywhere. For some reason, updating the environment variables didn't refresh existing windows. UPDATE: If you're in a hurry and feeling rebellious, open a cmd prompt window first, then kill explorer.exe, then restart explorer.exe in the cmd window. That should refresh everything but be careful..."
51007113,Delete app from play console,51007137,27,,"You cannot delete your app from Google Play. Instead, you can unpublish an app and it will no longer appear in the store. Go to the Play Store console for your app, click , , then switch to ."
56142512,Switch database in a connection pool in nodejs MySQL,56146932,12,,"I suggest giving the pooling documentation a thorough read. You've said you're using , but then you've said you're using to initialize that constant. That means is a pool , not a connection; it's not surprising that it doesn't have a method. If you want to change database, you need to do it on the connection, not the pool. Instead of using the shorthand form, you'd do / / / . First, call your variable , not : then That said , if it were me, I'd be more comfortable having a connection pool per database, rather than a common pool where you change the database. That could be pure paranoia on my part, but it's what I'd do. But if you don't use separate pools, I suggest always do the so you're sure what database you're using, or test thoroughly to see what the module does to handle this (and repeat that testing on every dot release of the module, unless the maintainer documents the behavior)."
32477863,R: Run t-test on previous years by group using dplyr,32479304,9,,"Another option is to summarise the data frame, storing all the values in one cell as a list (yes, you can do that - data frames can have nested lists inside!) Using dplyr:"
21251242,is it possible to call overridden method from parent struct in Golang?,21253765,36,,"As you wrote, what Go has is not really inheritance, the method that allows inheritance like features is called Embedding. http://golang.org/doc/effective_go.html#embedding What it means basically is that the embedded struct has no idea that it is embedded, so you cannot override anything that is called from it. You can actually take the embedded struct and take a reference for it only from the embedding struct. So your best way to do it is more or less like your second example - through some sort of dependency injection using interfaces. i.e - A has a reference to some interface that does the actual work, say , that writes to a file or whatever. Then when instantiating B, you also replace A's with another worker (you can do it even without embedding A of course). The A just does something like without caring what worker it is."
404040,How do you like your primary keys?,408545,12,Portman,"Slightly off-topic, but I feel compelled to chime in with... If your primary key is a GUID, do not make it a clustered index . Since GUIDs are non-sequential, the data will be re-arranged on disk during almost every insert. (Yuck.) If using GUIDs as primary keys, they should be nonclustered indexes."
21260209,Spring: Convert String from View to a Calendar Object,21261018,8,,I'm assuming your class has the field (fields should start with a lowercase character). Annotate it with like so Your client will then need to send the appropriate pattern.
7501945,Android: ContentProvider for each table / handling one-to-many relationships,7857356,15,,"A ContentProvider is not a database A ContentProvider is a way to publicly (or semi-publicly) access data as content. This may be done in a number of ways, via file access, SQLite or even web access. A ContentProvider in and of itself is not a database, but you can program a database for it. You may also have multiple ContentProviders accessing the same database, but distributing different levels of access, or the same content in different ways according to the requestor. What you are really asking is not a ContentProvider question, but a database question ""How to handle relationships in an SQLite database"" because the ContentProvider doesn't use any database code unless you tell it to via an and other similar classes. So, you simply have to program your database access correctly and your SQLite database will work as desired. A database is a database In the old days, databases were simply flat files where each table was often its own entity to allow for growth. Now, with DBMS, there is very little reason to ever do that. SQLite is just like any other database platform in this regard and can house as many tables as you have space to hold them. SQLite There are certain features that SQLite handles well, some that it handles - but not well, and some that it does not handle at all. Relationships are one of those things that were left out of some versions of Android's SQLite, because it shipped without foreign key support. This was a highly requested feature and it was added in SQLite 3.6.22 which didn't ship until Android 2.2. There are still many reported bugs with it, however, in its earliest incarnations. Android pre 2.2 Thankfully being SQL compliant and a simple DBMS (not RDBMS at this time), there are some easy ways to work around this, after all, a foreign key is just a field in another table. You can enforce database and statements by creating s when you use your statement. You can query the other table for the appropriate to get your foreign key. You can query your source table with any appropriate statement using an , thus enforcing a pseudo-relationship. Since Android's version of SQLite does not enforce relationships directly, if you wanted to you would have to do it manually. But this can be done via another simple SQL statement. I have essentially written my own library to enforce these kinds of relationships, as it all must be done manually. I must say, however, the efficiency of SQLite and SQL as a whole makes this very quick and easy. In essence, the process for any enforced relationship goes as follows: In a query that requires a foreign key, use a . In an use a on the foreign key field of In an on the primary key field that is a foreign key in another , run a second on the related that has the foreign key. (CASCADE UPDATE) For a with the same parameters, do another with the where being (make sure you get the before you the row, first). Android 2.2+ Foreign keys is supported, but is off by default. First you have to turn them on: Next you have to create the relationship . This is done when you create the , rather than a separate statement. See below: For further information on SQLite and its capabilities, check out SQLite official site . This is important as you don't have all of the s that you do in other RDBMS. For specific information on the SQLite classes in Android, read the documentation ."
14782232,How can I avoid 'cannot read property of undefined' errors?,54857628,9,,"If you use Babel , you can already use the optional chaining syntax with @babel/plugin-proposal-optional-chaining Babel plugin . This would allow you to replace this: with this:"
28437073,Scala - recursive function not returning the object,28437380,6,,"Function really should return to account for searches for an missing in the tree. And in that case you can compose Options of recursive calls: In imperative case you don't need the check for list length: just return / after the loop where you check every child (or don't check if there aren't any children). For Java you can of course replace with , but in Scala this idea is naturally modelled by"
25290044,"How can you make a ""page not found"" feature using Flask?",25290264,5,,"This is described in the docs about Error Handlers . Decorating a view with instead of will treat it as the view for the given type of error. In your case, a 404 handler might look like this: Now the 404_not_found.html template can use the cool image you picked in the handler to show an interesting page. You can handle any error status code this way, but you can also handle Python exceptions that would otherwise cause 500 errors. In this way you can make really detailed error pages that are specific to the type of error. For example:"
137487,Null vs. False vs. 0 in PHP,5700831,54,,"is . is . Sad but true. there's not much consistency in PHP (though it is improving on latest releases, there's too much backward compatibility). Despite the design wishing some consistency (outlined in the selected answer here), it all get confusing when you consider method returns that use / in not-so-easy to reason ways. You will often see null being used when they are already using false for something. e.g. filter_input(). They return false if the variable fails the filter, and null if the variable does not exists (does not existing means it also failed the filter?) Methods returning false/null/string/etc interchangeably is a hack when the author care about the type of failure, for example, with you can check for or if you care why the validation failed. But if you don't it might be a pitfall as one might forget to add the check for if they only remembered to write the test case for . And most php unit test/coverage tools will not call your attention for the missing, untested code path! Lastly, here's some fun with type juggling. not even including arrays or objects."
34879258,"Android Studio hangs on ""Tip of the Day""",66864567,17,,"I am on MacOs Big Sur and resolved the issue by going to System preferences >> General >> Prefer tabs ""never"" when opening documents."
70583705,Matplotlib share x-axis between imshow and plot,70584247,6,,"Constrained_layout was specifically designed with this case in mind. It will work with your gridspec solution above, but more idiomatically:"
33517997,How do I delete PHPSESSID on client computers,33653665,6,,You can change the cookie name for your new session using session_name() before session_start() and let the problem solve itself in a few days.
24345270,AI Pathfinding using 2D polygons instead of waypoints - Is there a recommended algorithm?,24345661,7,,"In general, all shortest-path segments will have, as end-points, either polygon vertices or the start and goal points. If you build a graph that includes all those segments (from the start to each ""visible"" polygon vertex, from the goal to each ""visible"" polygon vertex, from the start to the goal, and from each polygon vertex to each other polygon vertex) and run A* on that, you have your optimal path. The cost of building the graph for A* is: For each vertex, a visibility-test to find visible vertices: the simple algorithm (for each pair of vertices, see if the segment from one to another lies inside the polygon) is O(n^3). Building convex polygons and processing them independently, or using a smarter ""radial sweep"" algorithm can greatly lower this, but I suspect it is still around O(n^2). For each query (from a start-point to a goal-point), O(n) for the visibility-test to find all vertices that it can see. If you are only going to apply A* once, then the price of building the fixed part of the A* graph for a single traversal may be somewhat steep. An alternative is to build the graph incrementally as you use it: Java code implementing the above approach can be found here ."
47145068,Android: Different permissions for different flavors,47145109,16,,"For the purposes of this answer, I assume that you have two product flavors, and . The one is the one that needs the additional permissions. Step #1: In , put the elements that are in common between all the flavors Step #2: Create , a source set that will hold source that will only be used for builds, not builds Step #3: In , inside an otherwise-empty element, put the elements that needs that does not Now, your builds will have all of the permissions, while builds will only have those from the manifest."
32892113,Android cluster and marker clicks,36981514,8,,"One more way to receive the click event for is using interface. Call and make your class implement Then inside the method, you will get the ClusterItem which is the marker that was clicked,"
15228272,What would cause a ConnectionReset on an UDP socket?,15232187,10,,"Microsoft explain the true meaning of SIO_UDP_CONNRESET: SIO_UDP_CONNRESET (opcode setting: I, T==3) The problem is in fact not connection reset but reachability . MSDN explain the error WSAECONNRESET: WSAECONNRESET The virtual circuit was reset by the remote side executing a hard or abortive close. The application should close the socket; it is no longer usable. On a UDP-datagram socket this error indicates a previous send operation resulted in an ICMP Port Unreachable message ."
25465703,In abscence of move constructor the copy constructor is called ? Why is that?,25465753,7,,"If the return type of myfunction is But it isn't! The return type is . And happily binds to a rvalue. Hint: ""rvalue"" and ""rvalue reference"" are two related, but distinct concepts. (Remember that C++ already had rvalues for decades before rvalue references were introduced into the language.)"
27031663,Default binding of `this` is different from Chrome browser and Node.js,27031770,8,,"NodeJS behaves differently than browsers. The top-level scope is not the global scope, it's the scope within that file or module. Drop the ""var"" and your code will work (a will become truly global) in a node environment and it will console.log the string 'foo'. See the following page for a full reference: http://nodejs.org/api/globals.html OR How to use global variable in node.js?"
11429463,Why is sizeof(a) 16? (sizeof int is 4 ),11429495,5,,"On 64-bit machines, pointers are usually 8 bytes. So the size of an array of two pointers is usually 16 bytes."
239002,How to duplicate components at Run-Time using Delphi?,239321,10,Fran&#231;ois,"You can propably use the CLoneProperties routine from the answer to "" Replace visual component at runtime "", after you have created the dup components in a loop thru the parent's controls. Update : some working code.... . I assume from your question that you want to duplicate the Controls that are contained in a WinControl (as a Parent is a TWinControl). . As I did not know if you also wanted to hook the duplicated controls with the same Event Handlers as the originals, I made an option for that. . And you may want to give a proper meaningful Name to the duplicated controls."
39132128,PHP area inside wordpress page,39180349,5,,"If you simply want to render the restricted area in like developed in and not to integrate another framework ( in your case) with , you can simply achieve that by: First, create a that the restricted area logic. Ref: https://developer.wordpress.org/themes/basics/template-files/ https://developer.wordpress.org/themes/template-files-section/page-template-files/page-templates/ Second, create a using the created and set for this page in your . Ref: https://codex.wordpress.org/Pages Now if you wish to handle the authentication as well with Wordpress, either you can use many available plugins out there, e.g.: https://wordpress.org/plugins/advanced-access-manager/ https://wordpress.org/plugins/wpfront-user-role-editor/ Or you can custom code your own, to know more you may ref here: https://codex.wordpress.org/Roles_and_Capabilities Your template file may look like (as a starting point): Note: You can break your restricted area logic in many nested and can use them within your as per requirements. Put them under your active theme directory: Hope this helps."
16721221,jQuery UI Tabs Caching v1.10.3,18358261,6,,"With default Ajax tab loading, every time you switch back to a tab it reloads the Ajax. The ""cache"" parameter was there to prevent that, but it's been deprecated now but as jQueryUI point out you can roll your own with beforeLoad. You seem to be trying to get the browser to cache the Ajax itself. However the tab's contents are already there in the DOM, so really you don't need to make an Ajax request at all, when you return to a previously loaded tab. You just want to stop jQuery re-loading that tab's content. So something like this will prevent that: That's entirely inside jQueryUi/ jQuery so isn't dependent on any browser Ajaxy stuff."
5072059,Polygon Drawing and Getting Coordinates with Google Map API v3,26241774,17,,"If all you need is the coordinates here is a drawing tool I like to use - move the polygon or re-shape it and the coordinates will display right below the map: jsFiddle here . Also, here is a Codepen JS HTML CSS"
12199487,Converting from byte array to short producing wrong negative value,12200014,5,,I would use ByteBuffer prints If you read into a ByteBuffer you don't need the at all. To fix your example
38753312,await asyncio.wait(coroutines) invalid syntax,38755741,9,,"will raise a when used anywhere other than inside of a function defined using the keyword, regardless of whether or not it has been made a coroutine using the decorator."
16588385,Disable C++ Builder exporting unit names?,16590506,9,,"If you delete the automatically generated line from the top of your .cpp file, then C++Builder won't export per-unit and methods. I think that is only needed if you plan on putting your files in a package (instead of directly in an exe). So I think it's safe to delete in your case, The docwiki has more details. With that said, I don't think this is worth worrying about: Unless you've determined that these are having a measurable impact on your file size and / or loading time, there are more important things to worry about. (""Premature optimization is the root of all evil,"" ""always measure performance"" before optimizing, etc.) The design of Delphi and C++Builder already leaks plenty of information for reverse engineering. Delphi's RTTI means that any __published properties are embedded in the executable, and there are utilities to extract DFMs from executables. Leaking unit names from exported and methods is relatively minor compared to this. Reverse engineering is probably not as big of a worry as programmers often make it out to be; the consensus is that (a) a sufficiently motivated and skilled hacker can reverse engineer anything he wants to and (b) your and your company's knowledge, customer relations, and support are worth far more than any algorithms in your code."
64896897,Blazor scrolling to new section,70242179,8,,"You need to do the JavaScript call from . See ASP.NET Core Razor component lifecycle for all the details. I would actually simplify the JavaScript to be just: And then the C# code would be something like this, without using any hardcoded ids:"
6684451,Executing a Java class at application startup using Spring MVC,6684519,22,,"Assuming your context is loaded on startup, create a bean in your spring application context with an init method explicitly called out in the XML config (or implement Springs InitializingBean). If you have lazy-loading enabled you will need to make sure this bean is not lazy. (please double-check the params in the docs). If your context is not loaded on startup you can register an server context listener (part of Servlet API, not Spring)."
15496,Hidden Features of Java,1807455,16,,"A feature with which you can display splash screens for your Java Console Based Applications. Use the command line tool or with the option eg: the content of will be displayed at the center of your screen, whenever you execute the class ""com.my.package.MyClass"""
31542753,Web.config transform is running twice on publish,31542754,8,,"The files for web projects include the following by default: This file in turn imports , also under the VSToolsPath (on my dev machine, this corresponds to ). The interesting segment of this file looks like the following: The double transform was happening as a result of running, which is conditional on , which only defaults to false if the and are equal. I added the following target to all three of my projects: For the problematic project, this target output the following: Since these two values were different, the double transform was occuring for the reasons described above. The reason the ProjectConfigTransformFilename was set to Web.Release.config was that the in my file was incorrect. The file's Configuration|Platform pair of was being mapped to for this project. I think it was actually applying the UAT and Release transforms as a result (due to the exact nature of my transforms and the order in which they were applied, this was indistinguishable from applying the UAT transform twice). Updating the mapping in the solution file resolved the issue for me."
40675821,What happens when JavaScript variable name and function name is the same?,40675880,5,,"If you use a as , its value is replaced by . So becomes your and thus your alert displays function . Edit But if you assign value to like . Then it will be replaced by . As per Order of precedence Variable assignment takes precedence over function declaration Function declarations take precedence over variable declarations"
59786048,Is there anyway to build a dependency graph for an Azure Subscription,59797621,6,,"There is nothing built into Azure itself, but there are a few options that may help depending on your requirements. There is an open source ARM visualizer at http://armviz.io/designer . You can import an ARM template and then it will create the diagram of your resources. There is a walkthrough available at https://blogs.msdn.microsoft.com/azureedu/2016/03/09/how-can-i-map-my-existing-azure-arm-resources-visually/ . There is another more fully featured resource visualizer that covers multiple cloud platforms at https://www.cloudockit.com/ , but it is not free to use. There are some other similar visualization tools that you might be interested in for helping visualize and manage your applications and infrastructure rather than just your Azure resources. Application Map in Application Insights - https://learn.microsoft.com/en-us/azure/application-insights/app-insights-app-map . It provides a more application centric architecture view rather than an infrastructure view and provides additional runtime insights such as performance and errors. Service Map in Operations Management Suite - https://learn.microsoft.com/en-us/azure/operations-management-suite/operations-management-suite-walkthrough-servicemap . This provides a more machine oriented infrastructure view showing the different connections and dependencies that a VM has. You can also use Azure Resource Graph for this, but there isn't a list or built-in way to automatically detect all of the dependencies so you would have to build out this logic yourself. There is a starter sample at https://learn.microsoft.com/en-us/azure/governance/resource-graph/samples/advanced?tabs=azure-cli#list-virtual-machines-with-their-network-interface-and-public-ip ."
44057958,Go: Unmarshalling JSON with multiple types,44058033,13,,"The package provides the type to do this: https://play.golang.org/p/PIKSh2c6Mm If you needed to do this yourself without the nested struct, you can declare the type the same way as , with as the underlying type"
55048567,Check if varchar() is an int,55048620,6,,"I would suggest using , which will return if the value cannot be converted: If you prefer the syntax, you also have ( )."
1076600,Rails Recaptcha plugin always returns false,1078126,5,,"Just as a note, make sure you didn't accidentally switch around the public and private keys; they are different. I can't tell if you're already handling the possibility that it is correct, in which case you would want to have something like this: And remember to use: If you are using SSL."
2090578,Determine Object Type,2090618,14,,"VBA has two functions: TypeName and TypeOf (TypeOf does not have a VBA documentation article, but the function exists nonetheless). However, for a good example of their use, you can refer to the Determining Object Type article from the VB.NET documentation. Generic object variables (that is, variables you declare as Object) can hold objects from any class. When using variables of type Object, you may need to take different actions based on the class of the object; for example, some objects might not support a particular property or method. Visual Basic provides two means of determining which type of object is stored in an object variable: the TypeName function and the TypeOf...Is operator. TypeName and TypeOf…Is The TypeName function returns a string and is the best choice when you need to store or display the class name of an object, as shown in the following code fragment: The TypeOf...Is operator is the best choice for testing an object's type, because it is much faster than an equivalent string comparison using TypeName. The following code fragment uses TypeOf...Is within an If...Then...Else statement:"
46477712,Reading tiff image metadata in Python,46910779,23,,"_getexif() is only meant to be used with JPEG. JPEG requires unpacking of the metadata, TIFF does not. That said, PIL does not naively read Exif tags or directory (less straightforward) TIFF metadata."
42460846,When I try to login using AWS Cognito I get an AccessDeniedException about my custom Lambda trigger,42460847,110,,"This was happening because I recreated my API Gateway & Lambdas (using serverless) and it turns out that the Cognito console sneakily adds permissions to contact a given Lambda function when added as a trigger through the console. To fix this in your CloudFormation / serverless.yml file : To fix this in the AWS console : Go to the Cognito Console Choose your user pool Go to ""Triggers"" Remove your custom trigger (set it to None) and click ""Save"" Now reset it back and click ""Save"" again Here's an interesting Amazon forum post that led me down the right track."
4060212,How to run a shell script when a file or directory changes?,38229197,77,,"You may try tool to run arbitrary commands when files change. Example for files: or: or print when file is saved: For directories use , but you've to use it in the loop, e.g.: or:"
22595446,Missing Operator or Semicolon error,22595634,8,,"You declared a local variable named . This local variable hides the function of the same name declared in the unit (Delphi, as a Pascal derivative, is case-insensitive). So when you wrote: the compiler sees as the variable rather than the function. And that leads to your compiler error. Possible solutions: Use a different name for the variable, e.g. . Use the fully scoped name for the function: ."
9639690,"ERROR: no match for 'operator<<"" in 'std::cout",9639727,8,,"Why the error? The compiler reports an error because there is no overloaded version of operator to handle the type which your function returns. is overloaded only for most of the built-in data types and not for custom classes. How to output the vector using cout? There are two ways: Solution 1: A two step procedure: Step1: You will have to iterate through the vector and each contained . Step 2: You will have to overload for the class as well. Solution 2: One step Solution. Alternately, You can overload for vector type itself: I would personally prefer the Solution 1. It is more readable & Usually more often than not one would already have an overloaded for the vector type being used and it could be leveraged."
36841158,Fine Tuning of GoogLeNet Model,39305005,6,,"Fine-tuning is a very useful trick to achieve a promising accuracy compared to past manual feature. @Shai already posted a good tutorial for fine-tuning the Googlenet using Caffe, so I just want to give some recommends and tricks for fine-tuning for general cases. In most of time, we face a task classification problem that new dataset (e.g. Oxford 102 flower dataset or Cat&Dog ) has following four common situations CS231n : New dataset is small and similar to original dataset. New dataset is small but is different to original dataset (Most common cases) New dataset is large and similar to original dataset. New dataset is large but is different to original dataset. In practice, most of time we do not have enough data to train the network from scratch, but may be enough for pre-trained model. Whatever which cases I mentions above only thing we must care about is that do we have enough data to train the CNN? If yes, we can train the CNN from scratch. However, in practice it is still beneficial to initialize the weight from pre-trained model. If no, we need to check whether data is very different from original datasets? If it is very similar, we can just fine-tune the fully connected neural network or fine-tune with SVM . However, If it is very different from original dataset, we may need to fine-tune the convolutional neural network to improve the generalization ."
54929,Hidden Features of ASP.NET,1205724,44,,"One little known and rarely used feature of ASP.NET is: Tag Mapping It's rarely used because there's only a specific situation where you'd need it, but when you need it, it's so handy. Some articles about this little know feature: Tag Mapping in ASP.NET Using Tag Mapping in ASP.NET 2.0 and from that last article: Tag mapping allows you to swap compatible controls at compile time on every page in your web application. A useful example is if you have a stock ASP.NET control, such as a DropDownList, and you want to replace it with a customized control that is derived from DropDownList. This could be a control that has been customized to provide more optimized caching of lookup data. Instead of editing every web form and replacing the built in DropDownLists with your custom version, you can have ASP.NET in effect do it for you by modifying web.config:"
1200562,Difference in JSON objects using Javascript/JQuery,9211374,10,,"Maybe it's already answered enough, but let me add my shameless plug :) A JSON (actually any javascript object or array structure) diff & patch library I open sourced at github: https://github.com/benjamine/jsondiffpatch it generates diffs (also in JSON format, and with a small footprint), which you can use client (check the test page) & server side, and if present, it uses http://code.google.com/p/google-diff-match-patch/ for long strings automatically. check the DEMO page to see how it works."
6717282,"Multiple Gestures for UIGestureRecognizers (iPhone, Cocos2d)",6899738,27,,"Just implement gestureRecognizer:shouldRecognizeSimultaneouslyWithGestureRecognizer: in your delegate. I have a , a and a set up and I want them all to work at the same time. I also have a which I do not want to be recognized simultaneously. All I did was this:"
27593560,How to pass class constructor parameters in Spring bean Autowired by annotations,27593783,5,,I doubt that is what you really want to do . My guess is that is some kind of model object that should not be handled by Spring's dependency injection. Dependency injection (which is greatly explained here ) creates and wires beans together typically when the container is started or for Spring MVC when a request is executed. The object must therefore be created before the instance of is created. If this is part of a request using Spring MVC the together with and are likely to be your friends. For some great documentation of this please check the Spring docs
12256566,Conflict in jar with multi-library project,12256659,6,,Please go to libs folder of your main project and copy / replace the android-support-v4.jar file to the libs folder of all attached to your project libraries projects. It should solve the library conflict issue.
46690640,Force S3 PDF to be viewed in browser instead of download,46690909,47,,Check you file's metadata and remove Content-Disposition entry from that file. and set content type according to the file type. Like for text file Content-Type ='text/plain' image png Content-Type ='image/png' pdf Content-Type =application/pdf pdfxml Content-Type =application/vnd.adobe.pdfxml If your file's Content-Type is binary/octet-stream then it will download instead of display. Thanks
57920523,How to explain the huge difference between Fabric crashes and Xcode crashes?,57922200,6,,"To see the Xcode crashes, users have to explicitly enable a setting ""Share crash reports with Apple and developers"" (I think that's what it's called) either during phone setup or later on via iOS settings app. If they don't enable it, you won't see anything. Most people I know don't enable it as they are worried about privacy. Crashlytics doesn't require users to agree to sending reports. So it's extremely likely Crashlytics will report a higher volume of crashes."
5022894,phpunit - wrong path,5754360,7,,"The PEAR channel (pear.phpunit.de) that is used to distribute PHPUnit needs to be registered with the local PEAR environment. Furthermore, component that PHPUnit depends upon are hosted on additional PEAR channels. This has to be done only once. Now the PEAR Installer can be used to install packages from the PHPUnit channel:"
38856534,"Execute SQL file with multiple statements separated by "";"" using pyodbc",44089843,9,,"The more correct approach is to parse comments and quoted strings, and only consider s outside of them. Or else your code will be broken immediately after you comment out several SQL statements with a block comment. Here is a state machine based implementation I made for myself - this code is probably ugly and could be written much better, so please feel free to improve it by editing my answer. It doesn't handle MySQL-style -starting comments but it is easy to add. And use it like this:"
49393712,Elixir - Deadlock between library dependencies,49395440,6,,"You have circular dependencies. Generally speaking, you should avoid child modules ( , ) from calling their parent ( ). It sounds like you need to extract those functions out of and put them elsewhere. Note : Elixir does not actually have a concept of parent and child modules. I am just using the words here because that is how I think about it."
63327441,Calling Get Request with Json Body using httpclient,63328018,7,,almost search all over and trying all the variant of using GET Method finally the solution which worked for me in this case was this Got QueryHelpers from Microsoft.AspNetCore.WebUtilities package
12702952,How to convert text of a TextView to bitmap in Android?,12703064,11,,Try this Add to your onCreate() Then in your onClick() http://developer.android.com/reference/android/view/View.html#buildDrawingCache(boolean) http://developer.android.com/reference/android/view/View.html#getDrawingCache(boolean) [EDIT] The problem you now have is that you are trying to enable the drawing cache before tv1 exists. You should do this:
61189762,Django static url with digitalocean spaces,61192316,5,,Ok figured this out by actually re-reading the docs: https://django-storages.readthedocs.io/en/latest/backends/amazon-S3.html Adding the following worked immediately: AWS_S3_CUSTOM_DOMAIN = 'cdn.mysite.com' Hope it helps someone else.
27891229,"Is there an equivalent of ""let"" vs. ""var"" in PHP?",27891297,6,,"No, you can't have locally scoped constants in PHP. All PHP constants are always globally visible. There is also no concept like immutable/mutable variables. You can implement immutable object members ( PHP: immutable public member fields ), but it's a different thing. Actually there is a keyword in the language, but the docs say: Note: As opposed to defining constants using define(), constants defined using the const keyword must be declared at the top-level scope because they are defined at compile-time. This means that they cannot be declared inside functions, loops, if statements or try/ catch blocks. (from http://php.net/manual/en/language.constants.syntax.php ) Interpreted languages with a dynamic type systems can have something like the swift statement, so this is not because swift is compiled and PHP is interpreted (for example, there is a javascript proposal to introduce that feature: https://developer.mozilla.org/de/docs/Web/JavaScript/Reference/Statements/const )"
29948789,How to parse nested JSON objects in Spark SQL?,30313766,5,,Try this: Source: https://databricks.com/blog/2015/02/02/an-introduction-to-json-support-in-spark-sql.html
18548224,How to get the source of an image from upload form?,18548614,7,,"Rather than going via Blob , convert your 's File to an ObjectURL directly, saving yourself a lot of trouble by keeping your code synchronous and requiring fewer lines of code. This works because a File is a Blob per spec (as pointed out by Ray Nicholus ) It's not advised (as File inherits from Blob already) and highly unusual to want to convert between them, but not impossible. I'm including this so you can see how to structure FileReader code if you need it in future, not as a solution to your problem. To convert 's first file to Blob , you would do Where takes a Blob as it's first parameter. Remember that since the caused us to use a , we had to write this so it would work in an asynchronus environment."
328107,How can you determine a point is between two other points on a line segment?,328142,10,Sridhar Iyer,"Here's another approach: Lets assume the two points be A (x1,y1) and B (x2,y2) The equation of the line passing through those points is (x-x1)/(y-y1)=(x2-x1)/(y2-y1) .. (just making equating the slopes) Point C (x3,y3) will lie between A & B if: x3,y3 satisfies the above equation. x3 lies between x1 & x2 and y3 lies between y1 & y2 (trivial check)"
24330263,Lifetime of retained memory in Swift closures,24336449,12,,"In C/Objective-C Blocks terminology, is a variable (in Swift, you don't need to explicitly write to capture variables by reference). The variable can be assigned to in a block (closure) and all scopes that see that variable will see changes from any other variable (they share a reference to the variable). The variable will be valid as long as some block (closure) that uses it (there is just one block that uses it in this case) is still alive. After the last block that uses it is deallocated, the variable goes out of scope. How that works is an implementation detail. If this variable had object pointer type, then the object pointed to would be retained by any blocks that capture it. However, in this case, the variable is , a struct type, which is a value type. Thus there is no memory management to worry about. The variable is the struct, and the struct lives for as long as the variable. (The struct itself may allocate memory elsewhere, and free it in its destructor, but that's completely internally handled by the struct and the outside should not know or care about it.) One generally does not need to worry about how variables work internally. But basically, the variable is wrapped in a simplified ""object"" kind of thing, with the actual ""variable"" being a field of this ""object"", which is memory-managed through reference counting. Blocks that capture them hold ""strong references"" to this pseudo-object thing -- when a block is created on the heap (technically, when they are copied from stack blocks to the heap) that uses this variable, it increases the reference count; when a block that uses it is deallocated, it decreases the reference count. When the reference count goes to 0, this pseudo-""object"" is deallocated, invoking the appropriate destructor for its variable type first. To answer your question, the ""memorized fibonacci function"" is a Block (closure). And it is that that holds a strong reference to whatever holds the variable. ""Invocations"" don't have strong or weak references to it; when a function is invoked, it uses the reference that the function itself has. The lifetime of the variable is the lifetime of the ""memorized fibonacci function"" in this case, because it is the only closure that captures this variable."
17428621,Python: Differentiating between row and column vectors,45339142,55,,"Use double when writing your vectors. Then, if you want a row vector: Or if you want a column vector:"
18754942,cannot get PUT to work on Nodejs / express,18777390,12,,"Kept at it and finally figured it out! Here is my PUT function. I'm going to try and figure out how to auto detect what fields need to be updated, as just for testing i stored one var."
8528590,What is the advantage of using memset() in C,8528625,8,,"It depends on the quality of the compiler and the libraries. In most cases memset is superior. The advantage of memset is that in many platforms it is actually a compiler intrinsic ; that is, the compiler can ""understand"" the intention to set a large swath of memory to a certain value, and possibly generate better code. In particular, that could mean using specific hardware operations for setting large regions of memory, like SSE on the x86, AltiVec on the PowerPC, NEON on the ARM, and so on. This can be an enormous performance improvement. On the other hand, by using a for loop you are telling the compiler to do something more specific, ""load this address into a register. Write a number to it. Add one to the address. Write a number to it,"" and so on. In theory a perfectly intelligent compiler would recognize this loop for what it is and turn it into a memset anyway; but I have never encountered a real compiler that did this. So, the assumption is that memset was written by smart people to be the very best and fastest possible way to set a whole region of memory, for the specific platform and hardware the compiler supports. That is often , but not always , true."
3188156,Difference between classes and namespaces?,3188190,7,,"A namespace is a way of grouping identifiers so that they don't clash. A class is defeinition of an object that can be instantiated (usually) and which encapsulates functionallity and state. Namespaces and classes are entirely different, and serve different purposes. They have some syntactic similarity. Structs are classes, with a different default access specifier (public for struct, private for class) - in all other aspects they are the same."
18015397,How can I map a tag to an ID value with TagIt for jQuery?,19658503,9,,"It is possible to have label and id pairs and integrate it with TagIt. Since, the list is predefined you can declare id-label pairs. This jsfiddle will give you an idea."
9741788,Why does this cast from short to int fail?,9741836,20,,"What you have in your hands is an instance of unboxing . Specifically when unboxing, you can only unbox to the type of the value that was originally boxed; if that type is A and you are unboxing to B, it does not matter if an implicit conversion from A to B exists (the unboxing will still fail). See Eric Lippert's classic blog post on the subject for an involved explanation."
15470560,What factors help to decide between memory allocators in the Linux kernel?,15483160,62,,"On Quora Robert Love answered : I'm assuming you are asking this from the point-of-view of the user of a system, or perhaps someone building a kernel for a particular product. As a kernel developer, you don't care what ""slab"" allocator is in use; the API is the same. First, ""slab"" has become a generic name referring to a memory allocation strategy employing an object cache, enabling efficient allocation and deallocation of kernel objects. It was first documented by Sun engineer Jeff Bonwick 1 and implemented in the Solaris 2.4 kernel. Linux currently offers three choices for its ""slab"" allocator: Slab is the original, based on Bonwick's seminal paper and available since Linux kernel version 2.2. It is a faithful implementation of Bonwick's proposal, augmented by the multiprocessor changes described in Bonwick's follow-up paper 2 . Slub is the next-generation replacement memory allocator, which has been the default in the Linux kernel since 2.6.23. It continues to employ the basic ""slab"" model, but fixes several deficiencies in Slab's design, particularly around systems with large numbers of processors. Slub is simpler than Slab. SLOB (Simple List Of Blocks) is a memory allocator optimized for embedded systems with very little memory—on the order of megabytes. It applies a very simple first-fit algorithm on a list of blocks, not unlike the old K&R-style heap allocator. In eliminating nearly all of the overhad from the memory allocator, SLOB is a good fit for systems under extreme memory constraints, but it offers none of the benefits described in 1 and can suffer from pathological fragmentation. What should you use? Slub, unless you are building a kernel for an embedded device with limited in memory. In that case, I would benchmark Slub versus SLOB and see what works best for your workload. There is no reason to use Slab; it will likely be removed from future Linux kernel releases."
29175877,JSON.stringify throws RangeError: Invalid string length for huge objects,69548872,15,,"As mentioned by @sandeepanu, there's a great little solution by @madhunimmo for if you're trying to stringify a huge array. Just stringify one element at a time: If you're trying to stringify an object with a very large number of keys/properties, then you could just use on it first to turn it into an array of key/value pairs first: If that still doesn't work, then you'll probably want to use a streaming approach, although you could slice your array into portions and store as multiple (one object per line) files: One streaming approach (new, and currently only supported in Chrome, but will likely come to other browsers, and even Deno and Node.js in some form or another) is to use the File System Access API . The code would look something like this:"
35901012,How to version javascript files in a Bundle?,35901139,14,,"MVC will automatically add a version parameter for release builds (i.e. if debug=""false"" in web.config); see ""Bundle Caching"" here: http://www.asp.net/mvc/overview/performance/bundling-and-minification You can explicitly enable this in debug builds (described in the same article), but your scripts will be minified as part of the same action; there's no separate method to do so."
50426,Preventing accidental double clicking on a button,50439,14,Ryan Lanciaux,See this example for disabling control on postback. It should help you do what you're trying to achieve. http://encosia.com/2007/04/17/disable-a-button-control-during-postback/
67315266,How to fix this build error for capacitor in android studio,68940350,8,,"sometimes this happens when yours distributionUrl=https://services.gradle.org/distributions/gradle-x-x-x.zip incompatible with yours project build.gradle classpath 'com.android.tools.build:gradle:y.y.y' Good luck resolving this, android studio will not give you any clue about it smilyface"
66889558,rotate ggplot2 maps to arbitrary angles,66890024,5,,"In order to preserve the shape of the map when we rotate, we first need to transform from lat-long to a conformal coordinate system where local angles are preserved. We will use a Lambert conformal conic projection , specifically ESRI:102004 for contiguous USA . We coerce the object to a object and apply the CRS transformation. The result looks like this: Next we modify the procedure in the sf documentation on affine transformations to rotate the geometry around its centroid. The following function defines the transformation matrix. Extract the geometry from the transformed object and then get the centroid. This will return ten points because there are 9 large islands included in addition to the mainland. (e.g. Long Island). Therefore we take which is the centroid of the mainland polygon, subtract it, apply the rotation of 45 degrees counterclockwise, and add back the centroid. The result looks like this: Finally if desired you can back-transform to lat-long again before plotting. Result:"
15394459,web.py obtain request headers,15394493,9,,"The structure gives you access to the WSGI environment variable . In WSGI apps, the content type header is named :"
10760789,Text Stroke and Shadow CSS3 in Firefox,37898707,5,,"Firefox 48 now supports text strokes ( with the prefix), as well as some other webkit-specific properties (like ). Just be wary that the specification isn't really there, and it will probably change in the future. Here's an example that now works in Firefox: See the Mozilla website: https://developer.mozilla.org/en-US/docs/Web/CSS/-webkit-text-stroke"
15975870,Odd equality result with a HashSet of an Enum type?,15975912,8,,"doesn't override . Even if two hash sets contain exactly the same values they are still unequal if they refer to different objects. The method you want is . Tim Schmelter makes an excellent point though. and are not the same thing either. The sets x = and y = are not equal, but is true. is equivalent to ."
11191028,Boost::asio - how to interrupt a blocked tcp server thread?,11195223,32,,"In short, there are two options: Change code to be asynchronous ( and ), run within the event loop via , and cancel via . Force blocking calls to interrupt with lower level mechanics, such as signals. I would recommend the first option, as it is more likely to be the portable and easier to maintain. The important concept to understand is that the only blocks as long as there is pending work. When is invoked, it will try to cause all threads blocked on to return as soon as possible; it will not interrupt synchronous operations, such as and , even if the synchronous operations are invoked within the event loop. It is important to note that is a non-blocking call, so synchronization with threads that were blocked on must use another mechanic, such as . Here is an example that will run for 10 seconds and listens to port 8080: While running, I opened two connections. Here is the output:"
10631677,HttpSession API,10631710,5,,"The reason is that the last value you set for the attribute is : From the javadoc : If an object of the same name is already bound to the session, the object is replaced."
3250155,"Java - Expected “""” but found unknown token",3250400,9,,"A guess based on experience... Maybe the escaped space in the pathname is your show stopper. Try to call a script from a location where the path has no spaces or try to 'double-escape' the escaped space, like so: A common reason for strange errors are those whitespaces in pathnames. So it was my first guess, that this causes trouble in your script. Then I remembered that sometimes we have to 'escape escaped backslashes'. This article doesn't explain, why it solved exactly your problem, but it shows how many backslashes may be needed..."
65355548,Tailwind CSS change text color of placeholder option,65356961,15,,"It can be a tricky one using vanilla CSS too but there is a workaround. If it's a required field, you can add the attribute to your element and use the pseudo class to style it as a placeholder. The idea is that if the first option is used as a placeholder, it's and by default, that form field is invalid so you can style it a such. In the snippet below I only add a attribute and style the class directly, which is not really Tailwind-y, but it works: Custom Tailwind 2 variants The following is only relevant to Tailwind 2, Tailwind 3 has added utilities Although Tailwind has utilities like , , , etc, unfortunately it doesn't have an one. If you want to use the variant, you need to create a plugin. Luckily, the docs has a nice example which can be used as a base for ours: Now you can use the class as in your element, and get rid of the custom CSS style: Vue conditional classes As you're using Vue, a third option would be to use conditional classes. Just toggle between the two classes, and based on the value of ."
5335381,Removing duplicate entries from MySQL database,5335886,6,,"Here are two strategies you might think about. You will have to adjust the columns used to select duplicates based upon what you actually consider a duplicate. I just included all of your listed columns other than the id column. The first simply creates a new table without duplicates. Sometimes this is actually faster and easier than trying to delete all the offending rows. Just create a new table, insert the unique rows (I used min(id) for the id of the resulting row), rename the two tables, and (once you are satisfied that everything worked correctly) drop the original table. Of course, if you have any foreign key constraints you'll have to deal with those as well. The second strategy, which just deletes the duplicates, uses a temporary table to hold the information about what rows have duplicates since MySQL won't allow you to select from the same table you are deleting from in a subquery. Simply create a temporary table with the columns that identify the duplicates plus an id column that will actually hold the id to keep and then you can do a multi-table delete where you join the two tables to select just the duplicates."
54459337,How method-overloading and primitive types works?,54459633,8,,"Method invocations occupy a pretty length chunk of the spec. To summarize, the compiler proceeds as follows: Identify classes on which the method might be invoked. Identify methods on those classes which might be invoked. If more than one method was identified, pick the most specific one. Step 2 is the most interesting one here: this proceeds in a number of steps. To summarize: If there is a non-varargs method on the class with the exact same parameter types (strict invocation), choose that. If there is a non-varargs method on the class with parameter types for which automatic conversions from the actual parameters (loose invocation), choose that. If there is a varargs method on the class with parameter types that match with automatic conversion, choose that. You're supplying parameters that don't exactly match any of the parameter types of the overloads, so you need check if you can convert that parameters to allow strict invocation. The conversions in strict invocations are : an identity conversion (§5.1.1) a widening primitive conversion (§5.1.2) a widening reference conversion (§5.1.5) An can be converted by identity conversion to . A can be converted by widening primitive conversion to a . Hence is applicable. and are also applicable, since can be widened to and ; and can be widened to . However, these are less specific than , since can be widened to and , and can be widened to . Hence, by the informal intuition laid out in JLS Sec 15.12.2.5 , these methods are less specific than . As such, is the one that is invoked."
1011714,Bounce Email handling with PHP?,1012050,5,,Let the emails bounce to an address that is really an emailadress (with login details etc.). Make a php script which runs ever x minutes (for example with a cron job). This php script must do the following. - Retrieve all email from the box (use for example Zend Mail ) - Check for the error in the message (e.g. by searching it with regular expressions) - Do what ever is necessary. If you want to know specifically who has bounced back you can use user specific bounce addresses. (See for example this site )
30272610,Moq return same delegate as parameter,30272763,5,,"To return the result of the passed as argument you can make use of from Moq . In the example below, for simplicity, I choose to be a , it can be changed based on your needs."
899917,Why do people use enums in C++ as constants while they can use const?,899986,5,,"Before compiler vendors implemented the ISO/IEC 14882:1998 C++ standard, this code to define a constant in a class scope resulted in a compile error: If the constant is an integer type, a kludgy work around is define it in an enum inside the class:"
6694162,Update external libraries with intellij and java,31091923,36,,"You can go to -> -> -> -> and check the box that says . In Mac, you can do , then enter the action , then click on ."
10762445,iOS: Push same view controller,10762540,7,,"Instead of pushing self, you need to instantiate a new instance of the same class, and push that in replace of . You can then get the relevant data and parse it into the interface in your method."
33660235,Comparing By Value in Java8 returning weird results,33660277,8,,"You are collecting the results into a . Not all s guarantee order. So the sort works fine, but afterwards it is stored in a container that does not bother about the order of the Strings. Use a container like to store your data, after the sort has finished. This will guarantee the order of your items. A simple example to demonstrate the difference: which outputs:"
298314,"Find files in git repo over x megabytes, that don't exist in HEAD",15842667,7,,"You want to use the BFG Repo-Cleaner , a faster, simpler alternative to specifically designed for removing large files from Git repos. Download the BFG jar (requires Java 6 or above) and run this command: Any files over 1M in size (that aren't in your latest commit) will be removed from your Git repository's history. You can then use to clean away the dead data: The BFG is typically 10-50x faster than running and the options are tailored around these two common use-cases: Removing Crazy Big Files Removing Passwords, Credentials & other Private data Full disclosure: I'm the author of the BFG Repo-Cleaner."
9278909,.NET Short Unique Identifier,65081176,19,,Just in case merely removing hyphens will do for anyone: This generates perfectly unique strings of 32 characters:
41029903,Google Sign In not working after published in playstore,41034093,8,,"This is due to different SHA1 keys for debug and release version. The thing is that for google sign in you must add SHA1 key in your google account which you can get from programming or from command prompt. SHA1 key is different for signed apk. So you have two SHA1, one each for debug and release version. The SHA1 for release version can be obtained from keystore file. if you want to read more about this you can check this link . It is very well explained there."
11146279,Unexpected conversion from java.sql.Timestamp to joda's LocalDate,12117555,5,,"This indeed has to do with the different types of calendars. , like , don't have any calendar information, as they are stored solely as a number, the number of milliseconds since 1970, with the implied assumption that there was a jump between October 4 and October 15 1582, when the Gregorian calendar was officially adopted, replacing the old Julian calendar. So, you can't possibly have a Date (or Timestamp) object representing October 7, 1582. If you try to create such a date, you'll automatically end up 10 days later. For example: In other words, Date objects have an implied Julian+Gregorian chronology, automatically switching between those two. JodaTime is a bit smarter, it supports several Chronologies, including a continuing Julian, a proleptic Gregorian, a mixed Julian+Gregorian, and a standard ISO Chronology which is almost identical to the Gregorian one. If you read the JavaDoc of the method , you'll see that it mentions that: This factory method ignores the type of the calendar and always creates a LocalDate with ISO chronology. The mixed Julian+Gregorian chronology behaves like the implicit Java dates, with an automatic switch between the two different calendars. The pure chronologies assume that their calendar system is forever in use, so for example it assumes that the Gregorian calendar has been used since the start of time. Let's see how each Chronology treats the 1111-11-11 date: Ends up as: As you can see, the two modern chronologies (ISO and Gregorian) report the correct date if they would have been in use since from the start , while the two that use the Julian calendar report the date as it was known back then , although in hindsight we know it to be off by 7 days compared to the true equinox date. Let's see what happened around the switch: ends up as: So the only one that's left behind is the Julian calendar. That was a valid date in all the countries that didn't accept the Gregorian calendar yet, which back then was a lot of countries. Greece made the switch in 1923... One millisecond before that, the date was: Meaning: The ISO and Gregorian chronologies report a date that didn't actually exist in the Gregorian calendar, since there was no Gregorian calendar before October 15, yet this date is valid in an extended, proleptic Gregorian calendar. It's like finding a BCE date inscribed on a BCE monument... Nobody knew that they were before Christ before Christ was even born. So, the root of the problem is that a date string is ambiguous, since you don't know in which calendar you're measuring. Is the year 5772 a year in the future, or is it the current Hebrew year? Java assumes a mixed Julian+Gregorian calendar. JodaTime provides extensive support for different calendars, and by default it assumes the ISO8601 chronology. Your date is automatically converted from the Julian calendar in use in 1111 to the ISO chronology that we currently use. If you want your JodaTime-enhanced timestamps to use the same chronology as the class, then explicitly select the when constructing JodaTime objects."
67128207,something in docker-compose.yml does not match any of the regexes: '^x-'?,69100902,5,,"The question is getting old, but here is an answer for anyone else getting in the same situation. The is a container and therefore should be in the block with the , like this : The order of the services doesn't matter, you just need the as you figured out."
22366322,Entering insert mode automatically when editing git commit messages,22367514,14,user2404501,"An alternate approach: or add in the end to start from the end of message (useful, when using git hooks for message completion)"
26993675,How can I create an Exception in Python minus the last stack frame?,26994617,6,,"You cannot tamper with traceback objects (and that's a good thing). You can only control how you process one that you've already got. The only exceptions are: you can substitute an exception with another or re-raise it with (i.e make the traceback point to the re-raise statement's location) raise an exception with an explicit traceback object remove outer frame(s) from a traceback object by accessing its property (this reflects a traceback object's onion-like structure) For your purpose, the way to go appears to be the 1st option: re-raise an exception from a handler one level above your function. And, I'll say this again, this is harmful for yourself or whoever will be using your module as it deletes valuable diagnostic information. If you're dead set on making your module proprietary with whatever rationale, it's more productive for that goal to make it a C extension."
223249,Can I create a file that sits next to a .Designer.cs file in Visual Studio?,223264,5,Jon Skeet,"Yes, but it's a bit of a hassle - basically you need to edit the project file by hand. Here's an example from a project that Marc Gravell and I both work on: Note the ""DependentUpon"" element in each of the dependencies. This displays appropriately in VS, with DataProducerExt.cs as the parent."
12133894,Rails: Open link in new tab (with 'link_to'),60534294,8,,To add on to the previous answer the format below is what is being suggested by rubocop. This can be a security risk as the loaded page will have control over the previous page and could change its location for phishing purposes. To prevent this one needs to add on the 'rel' attribute to the code. Now the link_to should be: rubocop docs
48120697,Reshape large dataset with multiple columns from wide to long,48193208,8,,"There are several other ways to approach this that would be a bit more streamlined than the ""tidyverse"" options already suggested. All of the following examples use the sample data from JMT2080AD's answer with (for reproducibility). Option 1: Base R's It's not always the easist function to use, but the function is pretty powerful once you figre it out. In this case, you don't have a , which makes things a little bit trickier in the sense that you have to be more specific about things like your resulting variable names and the values that should show up as ""times"" (by default, they would just sequential numbers). That's pretty much what you're looking for, maybe with a bit of difference in the date formatting. Option 2: If performance is what you're after, you can look at from ""data.table"", with which you should be able to do something like the following. As with the approach, you'll need to store the ""times"" to reintroduce the dates after ing the data. (Note: I know this is very similar to @Uwe's approach .) Option 3: My ""splitstackshape"" pacakge has a function called that tries to make this particular kind of reshaping easier to do. With it, you could try: One day, I'll get around to updating the function, which was written before in ""data.table"" could handle a semi-wide output format. I've already come up with a partial solution , but then I stopped fiddling with it. In fact, using the above linked function, the solution would be a simple: Option 4: from the ""tidyverse"" The other solutions using the tidyverse seem to be going about things in a very strange manner. A better solution would be to use to get the data you need into new columns. You'll have to first the data into a very long format and then the data into a wide format. Here's the approach I would use:"
19453293,ASP.NET MVC 5 (VS2013 final): Facebook login with OWIN fails (loginInfo is null),21439834,14,,"I had this problem while authenticating to Google (OpenID , not OAuth). So there really was nothing to mess up, but sure enough it stopped working after some simple code changes around session variables. Using fiddler I determined that Google was indeed returning valid information. Someone smarter than me figured out my issue and describes the fix here. ASP.NET_SessionId + OWIN Cookies do not send to browser All I had to do was add to the Account/Login controller, and viola it magically started working perfectly. Not sure if this is your exact issue, but this was mine."
17386846,where and when an xvalue is used?,17386968,11,,"In your example, you defined a function which returns a prvalue, and a function which returns an xvalue. What these have in common is that if you pass the result of the function call, and respectively, to another function , they will both prefer the overload of that takes an rvalue as argument (if there are multiple overloads of ). The difference between and is that has no dynamic type (i.e. the dynamic type is the same as the static (=declared) type), whereas has dynamic type (possibly different from the static type), in other words, if it's defined to return an rvalue reference to a base class, it will enable polymorphic behaviour. (It's this characteristic that xvalues share with lvalues, which is why xvalues and lvalues together form the larger group of glvalues, whereas prvalues are only rvalues.) For examples of use cases, I'll just refer to this existing question: Is there any case where a return by rvalue reference is useful ."
2397528,"MOV src, dest (or) MOV dest, src?",2397543,72,,"is called Intel syntax . (e.g. ) is called AT&T syntax . (e.g. ) UNIX assemblers including the GNU assembler uses AT&T syntax, all other x86 assemblers I know of uses Intel syntax. You can read up on the differences on wikipedia ."
284477,Anybody knows any knowledge base open source?,5269243,5,,"Since I don't have enough reputation points to comment on Bruno Shine's answer, I'll add this note as a new answer. KBPublisher 2.0 is still available on Sourceforge: http://sourceforge.net/projects/kbpublisher/ The project hasn't been updated for years. I've been running it since v1.9 or something, and it works fine."
8780775,Text files in the path configuration file,8837830,7,,"The reason it isn't working is because RequireJS plugins are designed to be used as part of a require command, not in the config. Try: and in your module:"
39851566,Using pip on Windows installed with both python 2.7 and 3.5,39852126,12,,"You will have to use the absolute path of . E.g: if I installed python 3 to , I would use: Or if you're on linux, use If you don't specify a full path, it will use whichever is in your ."
36984193,"Definition of ""pattern"" for parameter pack expansion, especially within a function call",36985664,7,,"A pattern is defined in the standard under [temp.variadic]/4 : (via @t.c. ) A pack expansion consists of a pattern and an ellipsis, the instantiation of which produces zero or more instantiations of the pattern in a list (described below). The form of the pattern depends on the context in which the expansion occurs. Pack expansions can occur in the following contexts: In a function parameter pack ([ dcl.fct ]); the pattern is the parameter-declaration without the ellipsis. In a template parameter pack that is a pack expansion ([ temp.param ]): if the template parameter pack is a parameter-declaration ; the pattern is the parameter-declaration without the ellipsis; if the template parameter pack is a type-parameter with a template-parameter-list ; the pattern is the corresponding type-parameter without the ellipsis. In an initializer-list ([ dcl.init ]); the pattern is an initializer-clause . In a base-specifier-list (Clause [ class.derived ]; the pattern is a base-specifier . In a mem-initializer-list ([ class.base.init ]) for a mem-initializer whose mem-initializer-id denotes a base class; the pattern is the mem-initializer . In a template-argument-list ([ temp.arg ]); the pattern is a template-argument . In a dynamic-exception-specification ([ except.spec ]); the pattern is a type-id . In an attribute-list ([ dcl.attr.grammar ]); the pattern is an attribute . In an alignment-specifier ([ dcl.align ]); the pattern is the alignment-specifier without the ellipsis. In a capture-list ([ expr.prim.lambda ]); the pattern is a capture . In a expression ([ expr.sizeof ]); the pattern is an identifier . In a fold-expression ([ expr.prim.fold ]); the pattern is the cast-expression that contains an unexpanded parameter pack. The above quote from the standard draft talks about what part of the grammar described in the links is the ""pattern"" that is being expanded. To understand it, you need to know how the C++ grammar is described and the exceptions about how it is used in the standard text itself; however, if you have basic BNF knowledge and a bit of patience, you can work it out. The names are often useful as well. However, you can use and mostly understand it without going nearly that deep. The general rule is simple: you have some bit of C++ grammar (called the pattern ) parsed in the usual way, where a pack of types is treated like a single type, and a pack of literals is treated like a single literal. Then, at the end of it, you have a ... expander. It then takes all of the unexpanded packs in the bit of C++ grammar immediately before (the pattern ) and expands it. How this works in each context is different ; it isn't just a macro expansion. The contexts in which is valid are enumerated above; the effects of the expansion are listed in the standard at each point where it is valid. In the most mundane use cases of , the pattern is an expression, and the expression gets expanded as-if it was each copy separated by (not , but the other ""normal"" one), usually in a context where a list of things is expected (function call, initializer list, etc). There are function parameter declaration contexts (where both expands the types of the function parameters, and introduces a new pack of the paramter names), in template parameter lists (where it introduces a pack usually), etc. is a bit strange: for it counts how many elements are in the pack passed in the . This works differently, as the does not apply to the ""structure on the left"". For , we end up with (where is my pseudocode for the first element of the pack), as is not valid C++ (again @T.C. in comments below). For inheritance, it creates a set of base classes. For mem-initializer-lists, it lets you pass ctor arguments to said pack of base classes. For lambdas, it gives you limited capture of packs (not full on expression capture with expansion last I checked). The pattern is the thing expanded. Importantly, an expanded pattern is not expanded by another pattern expander: so is a pack of arrays of various types, each one with a number of elements determined by how big the pack itself is. ""counts as expanding"" the in its , even though isn't to ""its right"", because the language defines the in the as the pattern that is expanded by the . The pattern in the general case cannot be called an expression, because types are not expressions, and some patterns are expressions (or at least expand into lists of expressions). And in some cases, expands a type-pattern into an expanded package of types (like in the throw expression). The general rule, that you treat as expanding the thing on the left in an appropriate way in the local context, works for almost everything except (which is a magical operator that tells you how many elements are in a parameter pack). It is only going to be in corner cases where this doesn't produce a decent model. And in my experience, at worse it will result in code that doesn't compile when you think it should; you can learn workarounds in that case. Like, remembering that a bare statement ""has no local context"", so you cannot do , but rather the workaround (might have to typedef that ) where we provide a context (creating an array) for the pack expansion to work in. C++1z's fold expressions are another quirky spot where does not apply on the left; here, they wanted to have an expansion of a binary operator, so ""on the left"" doesn't make as much sense as the usual ""unary"" expansion."
2308646,Different ways of constructing an object in C++,2308656,30,,"This is one of those gotchas of C++. is the way that a function prototype is defined in C++, so the compiler thinks you are trying to declare another function in the middle of another function. If you want to invoke the default constructor (i.e. the one which takes no arguments), use this syntax instead: See also Garth Gilmour's answer to the now-deleted question What is your (least) favorite syntax gotcha? : In C++"
58362750,How to make a text in the textbox both bold and italic?,58362805,5,,"You're setting the font twice rather than combining the values. If you look at the definition of FontStyle you will see that it is a bitfield (it has the flags attribute). Just OR the values. (Note that we use the bitwise OR rather than the Boolean OR) It would, however, be better to structure your code slightly differently :"
11357740,java creating object suggestion,11357768,5,,"I have heard that objects should not be created in the loop. Whats wrong with the creation of objects inside the loop? There's nothing wrong with creating objects in a loop. Sometimes it's the only way to create a number of (related) objects. In your example, you can simply do:"
1274792,Is returning null bad design?,1274822,229,,"The rationale behind not returning null is that you do not have to check for it and hence your code does not need to follow a different path based on the return value. You might want to check out the Null Object Pattern which provides more information on this. For example, if I were to define a method in Java that returned a Collection I would typically prefer to return an empty collection (i.e. ) rather than null as it means my client code is cleaner; e.g. ... which is cleaner than:"
52513097,Indexing freeze with message: Indexing paused due to batch updated,54456468,5,,"This is an issue in Android Studio since v3.2, I have posted an issue in Android Studio Issue Tracker, it's being finally accepted. Waiting for them to solve it. Here is the issue tracker , you can follow up from here. please star the issue as well to help solving it."
2724708,Is it a good practice to pass struct object as parameter to a function in c++?,2724815,8,,"There is nothing wrong with passing structs as parameters. Everything is passed by value in C++ so a full copy is indeed made. The struct you gave in your example is small so it's probably not a problem if you pass it by value. But if you work with bigger data structures, you may want to pass it by reference. Beware though, passing by reference means that if you modify the struct inside your function, your original struct will be modified. Be sure to use the const keyword in every case where you don't modify the struct. This will give you an immediate information about if your functions do modify the information or not. Your example could be modified to work with references this way :"
36647286,Are C multidimensional arrays contiguous without holes?,36647342,15,,"Yes, it can be obtained by induction. ( Just to add, as a suggestion, if that helps, try to think of multi-dimensional arrays as array of arrays. ) For example, consider an array like . So, , and are elements of and they will be contiguous. Next, and are elements of , so it will be contiguous an so on. Taken together, and will be residing next to each other, thereby continuing the contiguity. For better visual representation, see the below illustration. The array, say , has four rows , , , and and they are contiguous. Now each of those rows have five columns , like , , , , and they are contiguous. So, the all the elements (and elements of elements) of the array are contiguous."
13635429,Git rename from index.lock to index failed,43107413,50,,"In my case, this was caused by using the same Git repo from both admin and non-admin command prompts. When last was from admin cmd, the was created by it, and then non-admin cmd had insufficient permissions to modify it. My solution was re-creating the (while keeping the worktree intact):"
20666420,Separately loading in Bootstrap components,20667845,6,,"If you go to the https://github.com/twbs/bootstrap/tree/master/js all the js is separated out in the js folder. The dist folder has the compiled files. However, one file is less http requests and faster loading. The bootstrap.min.js file is small. Plus once it's cached by the browser you don't need to worry about loading. Fewer files, faster loading because there are fewer http requests. And for that matter, you can use Bootstrap's CDN for their js and their respond.js. It's the CSS that needs slimming down if you don't use certain components. I never use their navbar (two levels only), modal (no images, iframes etc), and other things, so I don't use those things. I use the buttons, grid, panels, and other stuff. I use LESS and CodeKit. Just // comment out the components you are not using and recompile. that's where you'll see the biggest gains in slimming it down. In bootstrap.less if you do this: Then all the resulting CSS won't be part of the final bootstrap.css file"
8479469,Call Non-Static method in Reflection,8479517,9,,"You have two problems: Your BindingFlags are incorrect. It should be: Or you can remove the binding flags all together and use the Default Binding behavior, which will work in this case. Your method as declared takes zero parameters, but you are invoking it with one parameter ( ). Either add a string parameter to Handle: Or don't pass in any parameters."
2408541,Align the values of the cells in JTable?,17966893,5,,"A simple way is using DefaultTableModel and override method getColumnClass() Ex: If you return Integer, your column will align right anh if return String your column will align left."
60445072,"In .NET Core 3.1, the RequestCookieCollection can no longer be used to create cookies in unit tests",63132794,19,,"By manipulating some foundation classes, I am able to produce a mock cookie collection. However it is more like a workaround and might not work in future releases. You might want to give it a try and see how long it can go ... With the helper function: Now your unit test code shall become"
13983728,Android: using getIntent() only within onCreate?,13984384,10,,"You can't before -- there's simply no available at that point. I believe the same is true for anything that requires a . Your anonymous inner class can still call , however, so you don't need to declare this as a variable at all."
55741735,Docker-Compose and Postgres Extensions,58014086,8,,Try this and remove db from your file. OR you can write then create directory scripts put your .sql or .sh file remove created containers docker-compose rm -v start docker docker-compose up --build in logs you must see something like this: created_extension
9735183,Put php inside of javascript thats inside of php,9735235,5,,"You can't do that, PHP is a server-side language, that means it renders when the page loads and not after that. The solution can be to call a PHP via AJAX, that PHP can have the case conditions and then it will render what you want. Example: The javascript (using jQuery): What this does is place a click event into something with a class named ""yourbutton"", and when you click that, it will call an external PHP via an AJAX post, sending a var (in this example), you can send something dynamic, change the ""somethingdiynamicpassedviajavascript"" with some var. PHP (yourPHP.php): Here you get that var, and depending on the case, send a different output. Notice that this may need to add a test for POST and other anti-vandalism methods..."
11698911,why does the redis memory usage not reduce when del half of keys,53951865,11,,"Since Redis 4.0.0 there's a command for this: Should do the trick: https://redis.io/commands/memory-purge Note however that command docs state: This command is currently implemented only when using jemalloc as an allocator, and evaluates to a benign NOOP for all others. And the README reminds us that: Redis is compiled and linked against libc malloc by default, with the exception of jemalloc being the default on Linux systems. This default was picked because jemalloc has proven to have fewer fragmentation problems than libc malloc."
75284279,Java sorting by spread between two BigDecimal,75284332,5,,does some math that makes little since since it subtracts the ask from the bid of two different quotes. Instead you should calculate the spread of and then subtract the spread of : Generally this could be expanded into the following to make it more clear what is going on: But starting with the first snippet IntelliJ suggest the arguably far cleaner solution And going from there it might make sense to have a on : which would then allow And finally without the need for .
54106333,How to divide two Int a get a BigDecimal in Kotlin?,54106423,79,,"and are both , and dividing one by another gives an : that's why you get back 0. To get a non-integer value you need to get the result of the division to be a non-integer value. One way to do this is convert the to something else before dividing it, e.g.: will now be a with a value of , which you can format as a string as you wish."
39000349,How to process the different graph files to be processed independently in between the cluster nodes in Apache Spark?,39058995,5,,"TL;DR Apache Spark is not the right tool for the job. The main scope of Spark is data parallelism but what you're looking for is task parallelism. Theoretically core Spark engine is generic enough to be used to achieve limited task parallelism as well, but in practice there are better tools out there for job like this and it definitely not the goal of the libraries like GraphX and GraphFrames. Since data distribution is the core assumption behind these libraries their algorithms are implemented using techniques like message passing or joins what is reflected in multistage job structure and shuffles. If data fits in the main memory (you can easily process graphs with millions of edges on single node using optimized graph processing libraries) these techniques are completely useless in practice. Given the piece of code you've shown, in-core graph processing library like igraph or NetworkX (better documented and much more comprehensive but unfortunately memory hungry and slightly slowish) combined with GNU Parallel should be more than enough and much more efficient in practice. For more complex jobs you may consider using full featured workflow management tool like Airflow or Luigi."
5551288,IE8 and IE9 select boxes closes themselves when hovering,13185577,33,,I had this problem in IE8 only and here's how I solved it: In my CSS I was applying a font-family to the . Instead I applied it to the . So instead of this: I did this: And the menu stopped closing erratically. Hope this helps someone.
66771818,I can't get Makefile ifeq syntax to work (checking age of a file),66772129,5,,"Your understanding of is fundamentally flawed :) A makefile is a combination of two different syntaxes: the makefile itself is written in make syntax, and the recipes are written in shell syntax. Those two syntaxes are not in any way compatible: you can't use make syntax when you are writing recipes and you can't use shell syntax when you are writing makefiles. How do you know which is which? The simplest way to think about it is that if the first character on your line is indented with a TAB character, it's shell syntax and if it's not, it's make syntax. The reality is more subtle but that rule is always true. I'm sure you can now see what's wrong with your makefile AND also why you get the errors you do: you are trying to pass make syntax to the shell."
27980706,JavaScript function composition by chaining,27982062,6,,"Let's look at what happens here: And inline just a bit: So we're returning a function which accepts a function , and returns a function which does logic and returns . Quite a mouthful! Your question is why does Log . I did away with the since going to 3 is enough to show your described case. To answer that let's play compiler and do the inlining game! Simple substitution. I took each instance of , replaced it with the contents of the function, replaced the argument with the value passed. Let's do it again! This one is a bit trickier to follow: I expanded the first function call. The topmost function received an argument to which we just supplied a value, so I went into the function and replaced every occurrence of with the given value (the result of ), just like with the argument. Look over what happened here again if you still don't follow, but my suggestion is doing it yourself: Copy the snippet into your favourite code editor and do the expansion yourself. Now you may see why the was called. The next thing we, the compiler, need to do is take care of the next function call. And whadya know, the first line in that function is a ! Better do it! What can we do!? I don't know Haskell or the IO Monad, but as you currently planned, I do not think you can do what you want with basic functions, not like that. If you can say what problem you want to solve using this...erm...pattern, maybe we can help!"
39980171,Symfony 3.1.5 Warning: SessionHandler::read(): Session data file is not created by your uid,45985073,16,,AVOID change prod configuration for troubles that only occurs in development environment Had the Same trouble when using Vagrant (PHP-FPM 7 + Nginx) with a sync folder (/vagrant ~ default) Solved just put on config_dev.yml inside framework entry Just choose some place that Webserver and PHP can read/write without permission issues.
24972879,undefined method `add_foreign_key',24975103,9,,"Foreign keys constraints are not something that rails supports out of the box (at least not until rails 4.2, which isn't out yet) The easiest way is to use the foreigner gem which adds support for this in migrations and in schema dumping."
12575311,Using SimpleMembership with EF model-first,13037854,24,,"SimpleMembership can work with model first. Here is the solution. 1. from MVC 4 Internet Application templete should look like this 2.Delete CodeFirst Classes from 3.Fix to work with your Model-first DbContext ( method) 4.Define your connection string which is not same as that funky conn string for model-first db access, notice that we use provider not"
3669883,"Hibernate: Where do insertable = false, updatable = false belong in composite primary key constellations involving foreign keys?",9442483,90,,"Let me answer step by step. 1. When do you need ` insertable = false, updatable = false`? Let's look at the below mapping, Here we are referring to the same column in the table using two different properties. In the below code, What will Hibernate do here?? To prevent these kind of inconsistency, Hibernate is asking you to specify the update point of relationships. Which means you can refer to the same column in the table number of times but only one of them can be used to update and all others will be read only . 2. Why is Hibernate complaining about your mapping? In your class you are referring to the Embedded id class that again contains the country code. As in the above scenario now you have a possibility of updating the column from two places. Hence the error given by Hibernate is proper. 3. How to fix it in your case? No. Ideally you want your class to generate the id, so you should not add to the countryCode inside the . So the fix is as below modify the mapping in your class as below, Hope this helps your understanding."
57879150,"How can I solve error ""gypgyp ERR!ERR! find VSfind VS msvs_version not set from command line or npm config""?",75699040,10,,"I wanted to give a recent update. After dealing with this problem for some time, it has become pretty clear to me that some versions of node (currently using 14.19.1) are not able to properly detect build tools for Visual Studio 2022. However, they have no problem detecting build tools for Visual Studio 2019. I was able to get everything working by having Visual Studio 2019 installed alongside Visual Studio 2022. First, you have to undo all the fixing you've been trying to do: Then, download Visual Studio 2019 Community, and during install you must select ""Desktop development with C++"". At this point, when running npm install, node-gyp will still find your Visual Studio 2022 installation directory and attempt to use it (even if you set msvs_version to 2019), so you must add VCINSTALLDIR into your User environment variables (Start, System Properties, Environment Variables) using this directory: After this, run ""refreshenv"" at the command prompt, then run npm install, and feel refreshed that the suffering is over. These kind of problems are very unfortunate for us programmers. Hope this works for you."
13464407,Model change in post action not visible in Html.TextBoxFor?,13465488,10,,"This is by design. The helper methods are using the ModelState, thus if the response of your request is using the same Model, it will display the value that was posted. This is to allow you to render the same view in the situation where the validation would have failed. To make sure you display the new information add : before you return. Read more here : http://blogs.msdn.com/b/simonince/archive/2010/05/05/asp-net-mvc-s-html-helpers-render-the-wrong-value.aspx"
26119041,What is the structure of Field No. 54 (P54) in the the ISO 8583 Standard,26270400,5,,"The values of the types of accounts and amount types and the conditions in which they are allowed vary by each instance and variation of ISO-8583 but the standard format is the following: The data element breakdown, occurring up to six times for a total length up to a total length of 120. Position Data 1-2 Account Type (n 2) 3-4 (Must match DE003 format) Amount Type (An 2) 5-7 (See Table Below for a sample of SOME of the values) Currency Code (n 3) 8-20 (ISO-3166-1 Numeric, just like DE049-DE051) Amount (x + n 12) The amount must not be greater than 999999999. ""X"" must be 0, C, or D. C or 0 = Credit amount and D = Debit Amount Some of Amount Types others really vary by specification and though these are all numeric the Healthcare transactions are AlphaNumeric values in the VISA specification for example. Note that most of these are actually not commonly used in PIN or Debit transactions except 01, 02, 40-43, 57, 58, and 91. ISO Code Description 00 Unknown 01 Account ledger balance 02 Account available balance 03 Amount owing 04 Amount due 05 Available Credit Line 06-10 Reserved for ISO use 11-15 Reserved for national use 16 Credit line 17 POS balance 18-19 Reserved for private use 20 Amount remaining this cycle 21-30 Reserved for ISO use 31-35 Reserved for national use 36-39 Reserved for private use 40 Amount Cash / Cash Back / Negotiable Item including Scrip 41 Amount goods and services 42 Amount Check (Deposit Only) 43 Amount Cash (Deposit Only) 42-50 Reserved for ISO use 51-55 Reserved for national use 56 Hold amount 57 Pre-Authorized Amount. 58 Authorized amount. (Used for Response Code DE039 = 10 Authorized for a Different Amount) 59 Floor Limit 60-79 Reserved for ISO use 80-89 Reserved for national use 91 Originally Requested Amount transaction in the currency amount of DE049. 92-93 Reserved for private use Let me know if you need more explanation. Christopher"
5102865,ASP.net load XML file from URL,5102892,8,,"try this : LoadXml is waiting for an xml string directly, where Load can use an uri to grab the xml data. With your code, the xml parser was actually trying to parse the adress as xml, not the content at the uri location. [Edit] you may take a look at the builtin feed processing classes of the .Net Framework. These classes are in the System.ServiceModel.Syndication namespace. They can to the parsing job for you quite easily."
48641904,Can't activate Visual Studio with product key,48641905,5,,"After I spent some more time with Google, I found an official MS article . And there was an interesting detail: Start Visual Studio in Run as Administrator mode. I tried and it worked. The ""Unlock with a Product Key"" option appeared instantly. Sorry if I'm doing something wrong. I wasn't sure if it's okay to answer my own question, but I really dissappointed when I hadn't found any similar questions on SO."
7777030,get website ip using php,7777103,14,,"The problem is not the HTTP redirect (which is above the level operates), but that does not resolve to any IP address and therefore can't be loaded in any browser. What your browser did was automatically try prepending . You can reproduce that behavior in your code. Also note that multiple IPs (version 4 and 6) can be associated with one domain:"
25553868,Current file path in webpack,54217326,5,,"Try with . It gives real constants, which can be used in ES6 and . Webpack configuration: Source file:"
1316703,Loop Scope and Memory Issue,1316725,5,,"You are seeing a ""feature"" of garbage collection in .net. The objects will be destroyed once out of scope and each myObj is out of scope on each iteration BUT you don't know when since the GC is non-deterministic. Here's a bit of this explained: Loops and Garbage Collection Also, here's an interesting study done on the GC for .net. It suggests avoiding using ""new"" inside the loop if possible. http://nerds-central.blogspot.com/2008/10/net-garbage-collector-pain.html"
48692283,Django CreateView autofill custom user,48692505,5,,To fix the particular error you're seeing should be able to use the self.request.user directly as shown in the example you linked. (Assuming the custom user model is correctly set up.) The get_user_model function is generally used like this to access the User class: generally in place of
297303,PrintWriter and PrintStream never throw IOExceptions,297649,12,erickson,"I think that since and are instances of , some more relaxed error handling was provided. This was probably, as other posters have mentioned, to smooth the way for those transitioning from C/C++ circa 1995. When the Reader/Writer API was added, was created to parallel the existing . One application where this behavior is extremely desirable is logging. Logging is ancillary to a larger application. Typically, if logging fails, one doesn't want that the entire application to fail. Thus, it makes sense for , at least, to ignore exceptions."
1530702,Don't touch my shebang,1719991,13,,"Distutils will automatically replace the shebang with the location of the Python binary that was used to execute setup.py. To override this behavior you have two options: Option 1: Manually You may pass the flag --executable=/path/to/my/python to setup.py. Arguments are accepted. Example: Option 2: Automatically Your other option is to add a line to setup.cfg. If you aren't using setup.cfg, create it in the same directory as setup.py. Setup.py looks for this on startup. Any options specified here can still be overridden with flags at the command-line."
19682013,PayPal IPN sends multiple notifications hours after payment completed,19682273,12,,"No need to worry about the multiple notification. First send back the IPN message then process it. While processing check the check that txn_id has not been previously processed. If it is already processed, it is a duplicate IPN message from the Paypal and you can ignore the processing. For more info refer the pdf file: IPNGuide.pdf EDIT: Do I need to print anything upon receipt of the notification? No need to print anything but if you want to log the details you can log them. From the pdf file I mentioned above(Page number 10) Your listener must respond to each message, whether or not you intend to do anything with it. If you do not respond, PayPal assumes that the message was not received and resends the message. PayPal continues to resend the message periodically until your listener sends the correct message back, although the interval between resent messages increases each time. The message can be resent for up to four days. This resend algorithm can lead to situations in which PayPal resends the IPN message while you are sending back the original message. In this case, you should send your response again, to cover the possibility that PayPal did not actually receive your response the first time. You should also ensure that you do not process the transaction associated with the message twice. IMPORTANT: PayPal expects to receive a response to an IPN message within 30 seconds. Your listener should not perform time-consuming operations, such as creating a process, before responding to the IPN message See page number 19-20 Your listener software must Wait for an HTTP post from PayPal. Create a request that contains exactly the same IPN variables and values in the same order, preceded with cmd=_notify-validate. Post the request to paypal.com or sandbox.paypal.com, depending on whether you are going live or testing your listener in the Sandbox. Wait for a response from PayPal, which is either VERIFIED or INVALID. If the response is VERIFIED, perform the following checks: Confirm that the payment status is Completed. PayPal sends IPN messages for pending and denied payments as well; do not ship until the payment has cleared. Use the transaction ID to verify that the transaction has not already been processed, which prevents duplicate transactions from being processed. Typically, you store transaction IDs in a database so that you know you are only processing unique transactions. Validate that the receiver’s email address is registered to you. This check provides additional protection against fraud. Verify that the price, item description, and so on, match the transaction on your website. This check provides additional protection against fraud. If the verified response passes the checks, take action based on the value of the txn_type variable if it exists; otherwise, take action based on the value of the reason_code variable. If the response is INVALID, save the message for further investigation"
1157839,SimpleJdbcTemplate and null parameters,1158237,7,,"They have a point - JdbcTemplate isn't a SQL interpreter, it just replaces your placeholders. I suggest you construct your clause with a utility method, and concat it to the query string: Not very pretty. Alternatively, perhaps you can configure MySQL to allow ""= NULL"", but I don't think that's an option."
201621,How do I see all foreign keys to a table or column?,18825955,15,,"This solution will not only display all relations but also the constraint name, which is required in some cases (e.g. drop contraint): If you want to check tables in a specific database, at the end of the query add the schema name: Likewise, for a specific column name, add and table_name = 'table_name at the end of the query. Inspired by this post here"
9961262,How to include a template.tmpl as a here-doc of a script,14870510,7,,"The following bash function evaluates arbitrary files as here documents, allowing bash to be used as a mini-template language. It does not require any temporary files. Variables will be expanded from the environment or can be passed directly, e.g. for the template file and snippet the output will be Note that arbitrary code in the template file will be executed as well, so make sure you trust whoever wrote it."
3381108,Java & Merge Sort,3381118,6,,"The documentation gives the answer to both your questions: This algorithm offers guaranteed n log(n) performance. Merge sort doesn't have the pathological cases of quicksort One further advantage of merge sort over quicksort is that merge sort is stable; quicksort is typically unstable. (Obviously with enough effort you can make it stable, but I believe it's relatively expensive to do so.) This avoids the n 2 log(n) performance that would result from attempting to sort a linked list in place. Copying into an array first means you're not relying on the complexity of the original collection's access to individual elements. I suppose it could look at whether the list implements and sort in place if so, but was only introduced in 1.4."
18263815,How to handle thousands of threads in Java without using the new java.util.concurrent package,18263892,7,,"I'd say give up now and figure another way to do it. Default stack size is 512K. At 30k threads, that's 15G in stack space alone. To fit into 2G, you'll need to cut it down to less than 64K stacks, and that leaves you with zero memory for the heap, including all the Thread objects, or the JVM itself. And that's just the most obvious problem you're likely to run into when running that many simultaneous threads in one JVM."
14718231,Can I limit the methods another class can call in Java?,14718272,29,,"No, it is not possible to assign per-class access. Consider separating your class into separate interfaces so that each class only gets an object with the interface it needs. For example: Of course, there are security implications but this should get you thinking in the right direction."
55174588,Wait for state to update when using hooks,68552790,6,,"Don't forget useRef as a possibility in situations like this - useState and useEffect have their place of course, but your logic to track and manage the state can be a bit of a pain, as well as causing probable unnecessary re-renders of your component (when that state doesn't form part of the render output). As an example from the OP:"
24747034,want the background to change every 3 seconds,24747044,5,,"Check your developer console when viewing your own Fiddle link, and you'll find Uncaught SyntaxError: Unexpected token - is a syntax error. You need to quote your property name, as literal property names cannot contain hyphens. You also have an extra at the end of your code, which is another syntax error."
61927004,Conda install some-package hangs with (Solving environment: failed),67568385,10,,"Favor Specifying Constraints at Creation Iteratively installing packages is a real choking point for Conda. If you know up front that the env will require certain packages, then specify them at creation: This solves in seconds for me. If you have many packages, then use a YAML . Use Mamba Sometimes ad hoc installations are unavoidable. For tough solves (or just generally), try using , a compiled (fast!) drop-in replacement for . Mamba will shine where Conda struggles."
39808218,Background color of required field,39808238,5,,"You can use CSS attribute selector like so: This will select s with attributes. Now, you can apply this with some simple JavaScript to achieve the desired effect: What this does is add an event listener when the submit button is clicked. When it is, it uses to get all the inputs that match the CSS attribute selector, . Next, it does a for-each loop over the returned list of elements. Finally, it checks each inputs value, trimmed, to makes sure there's some content in there (spaces don't count). If there's nothing in the input, it sets the background color to red. Notes: You can tweak it as you like, make sure to cancel whatever event you are handling if the inputs are invalid, and you can add classes for styles instead of using"
44005531,Azure - Logging Request Details to EventHub from API Management,44006118,5,,"Here is how you can get the body: For more information, see the , and sections in the Context variable table."
23460980,How to set npm credentials using `npm login` without reading from stdin?,35831310,58,,"TL;DR: Make an HTTP request directly to the registry: Rationale Behind the scenes makes an HTTP request to the registry. Instead of forcing to behave the way you want, you could make the request directly to the registry without going through the cli and then set the auth token with . The source code suggests that you could make a PUT request to with the following payload and that would create a new user in the registry. Many thanks to @shawnzhu for having found a more cleaner approach to solve the problem."
12251750,Can media queries resize based on a div element instead of the screen?,12319280,397,,"The original question asks about media queries as they were the only way to ""query"" a document at the time. Today, after a decade of work by the CSS Working Group and the community, we now have what's known as container queries , described in the CSS Containment Module , which do exactly what is described: apply styles to an element based on another element's containment styles. Djave has updated their answer to add usage examples. You can check browser support here . You can read more about how the updated specification was put together, including proposals, proofs-of-concept, discussions and other contributions by the broader web developer community here . For even more details and examples, check out Miriam Suzanne's extensive explainer . The following paragraphs were written before container queries were added, but still serve to explain why media queries aren't/weren't the tool for the job and why a new feature had to be created in the first place, and offer insight into the workarounds we used to have to make do with. Media queries aren't designed to work based on elements in a page. They are designed to work based on devices or media types (hence why they are called media queries). , , and other dimension-based media features all refer to the dimensions of either the viewport or the device's screen in screen-based media. They cannot be used to refer to a certain element on a page. If you need to apply styles depending on the size of a certain element on your page, you'll have to use JavaScript to observe changes in the size of that element instead of media queries. Alternatively, with more modern layout techniques introduced since the original publication of this answer such as flexbox and standards such as custom properties, you may not need media or element queries after all. Djave provides an example."
37780639,'Bullet' object has no attribute '_Sprite__g' when adding Sprite to Group,38966443,6,,You need to remember that when you derive a new class you must call the . init (self) from your own class. So after you call your Bullet class you need to add: pygame.sprite.Sprite. init (self) : after that as you probably did for your other classes. http://www.pygame.org/docs/tut/SpriteIntro.html
7135482,"MSpec, what should I put in my [Subject()] attributes?",7137686,11,,"You don't need to apply to have ReSharper recognize contexts and specifications, a class containing an field will suffice. However, if you want ReSharper to support custom naming conventions for MSpec types and fields ( et al) you need to apply the : Define custom naming conventions in ReSharper | Options | Languages/Common section | Naming Style | Advanced Settings When you add a User defined naming rule scroll down the list to see MSpec entities. Enable MSpec annotations in ReSharper | Options | Code Inspection/Code Annotations section Annotations + (even without custom naming rules) prevent ReSharper from marking MSpec's fields as unused. Alternatively, disable warning 169 in the project settings. serves as metadata describing you context, for example you can use the System Under Test (when writing a unit test), a string of your choice, or both. These information will be reported in the HTML and in the ReSharper output. It doesn't work as of now, I suspect this is a bug in the ReSharper runner for 6.0. As with strings, you can basically put anything you want there. I would recommend using the subject to group your specs by feature. Subject: Login Contexts: When logging in with valid credentials, When logging in with invalid credentials, etc. There's an example in my GitHub repository ."
31974837,Can doubles or BigDecimal overflow?,31974947,5,,"The reason you do not need a function for floating point digits is because instead of wrapping around, it overflows to . Consequently you can very easily check at the end of the operation whether it overflowed or not. Since is NaN you also have to check for NaN in case of more complicated expressions. This is not only faster but also easier to read. Instead of having to add 3 doubles together, you can instead write: on the other hand will indeed overflow and throw a corresponding exception in that case as well - this is very unlikely to ever happen in practice though."
5998565,How to add multiple theme attributes to the same activity on Android Manifest?,29868236,5,,"You'll need at least 2 styles, best inheriting from base styles, e.g. variants, or if you use then variants. In each style override values such as colours, drawables etc with theme-specific values. values/styles.xml This will be sufficient if you only use framework or attributes (e.g. , etc) in your layouts. But if you need your own attributes (e.g. a drawable with color that is different per theme), then you will need to define custom attributes . values/attrs.xml Specify theme-specific values for your custom attributes: values/styles.xml Then refer to your custom attributes with prefix in layouts, menus etc: menu/my_menu.xml Check out my blog post for the complete guide."
17582313,Correct way to select from two tables in SQL Server with no common field to join on,17582371,54,,You can (should) use . Following query will be equivalent to yours: or you can even use INNER JOIN with some always true conditon:
6874793,Passing a vector to a template function,6874844,7,,"First and foremost, you pass by value, which means that it gets copied and your global is left unchanged. Do it like this: As for the compilation issue, there's a typo, you're applying one time too much, change the usages to Or you could even rely on compiler's type inference and just write But the idea as a whole is pretty much a bad one, because if you have a already, you don't want to do by hand. Just create a and use it, it gets removed automatically."
27898178,Why does nameof return only last name?,58190566,12,,I had the same problem and implemented a class that acts as a replacement of the keyword in order to get the full name of the expression being supplied. It's greatly inspired from OK HOSTING answer. It's just all baked and ready to use: Using it in your code would look like:
9888920,How to add two Google charts on the one page?,24527695,5,,"Based on @Dominor's answer, but if you are registering your charts from arbitrary, just build a function stack that gets executed in the callback function like so: Then, somewhere else in your template, you can push to this stack. In my example, I was iterating through some template snippet."
50791354,Running AWS SAM projects locally get error,51138017,15,,"I had trouble installing it on Fedora. When I followed the Docker postinstall instructions I managed to get past this issue. https://docs.docker.com/install/linux/linux-postinstall/ I had to: Delete the ~/.docker directory; Create the ""docker"" group; Add my user to the ""docker"" group; Logout and back in again; Restart the ""docker"" daemon. I was then able to run the command:"
55783219,How to fix Invocation failed Unexpected Response from Server: Unauthorized in Android studio,71506522,7,,"I faced the similar. Here are the steps that resolve my problem. Go To https://bitbucket.org/account/settings/app-passwords/ Create a app password Then execute Run Then it will ask for password, enter the password that created from bitbucket console. Then it work."
20424111,How do I know python path on linux ubuntu?,20424283,15,,"First, I hope you don't really set , is for configuration files, not python libraries. You can see what an environment variable is set to by using , e.g.: . If the variable has not been set it will be blank. You can also use to get a list of all environment variables, and couple with to see if a particular one is set, e.g. ."
16636173,How can I run ctags in a large code base?,16636586,9,,"Your file should be generated in the first common ancestor of your code (that would be , in your case) with . I'd suggest you add this line to your in order to make Vim always find your file, no matter where you are in your project and no matter what the ""current directory"" is: It works like the one in @glts's answer with an interesting twist: because of the part, Vim looks up and up until for a file. Supposing you are editing , Vim will correctly use your file located in ."
10128201,"Subversion stuck due to ""previous operation has not finished""?",57072050,11,,"I use tortoise SVN. When clean up failed, check cleanup option Make sure the option to Break Locks is checked. Cleanup step left mouse button in explore folder select 'Tortoise SVN' -> 'Clean up...' menu check ' Break Locks ' checked and press 'ok' It already answered ,but sometimes picture helps"
16073519,"How to fix ""NSURLErrorDomain error code -999"" in iOS",54178807,17,,"Just wanted to add here, when receiving a the problem usually is one of two things: You're executing the exact same request again. You're maintaining a weak reference to your object that gets deallocated prematurely. (Create strong reference)"
245742,Examples of good gotos in C or C++,245761,87,Greg Rogers,Heres one trick I've heard of people using. I've never seen it in the wild though. And it only applies to C because C++ has RAII to do this more idiomatically.
17626667,why function objects should be pass-by-value,17626712,19,,"In a typical case, a function object will have little or (more often) no persistent state. In such a case, passing by value may no require actually passing anything at all -- the ""value"" that's passed is basically little or nothing more than a placeholder for ""this is the object"". Given the small amount of code in many function objects, that leads to a further optimization: it's often fairly easy for the compiler to expand the code for the function object inline, so no parameters get passed, and no function call is involved at all. A compiler may be able to do the same when you pass a pointer or reference instead, but it's not quite as easy -- a lot more common that you'll end up with an object being created, its address passed, and then the function call operator for that object being invoked via that pointer. Edit: It's probably also worth mentioning that the same applies to lambdas, since they're really just function objects in disguise. You don't know the name of the class, but they create a class in the immediately surrounding scope that overloads the function call operator, which is what gets invoked when you ""call"" the lambda. [Thanks @Mark Garcia.]"
28796805,Superscript inside a p:after content tag,28796917,9,,"You can't style generated content partially (with the exception of combining and ), so no. You could use U+00B3 SUPERSCRIPT THREE instead: ... but I would recommend putting this as actual content and either using U+00B3, or the element if it is semantically important."
3380628,Fast Arc Cos algorithm?,26030435,27,,"nVidia has some great resources that show how to approximate otherwise very expensive math functions, such as: acos asin atan2 etc etc... These algorithms produce good results when speed of execution is more important (within reason) than precision. Here's their acos function: And here are the results for when calculating acos(0.5): That's pretty close! Depending on your required degree of precision, this might be a good option for you."
9873930,Why Are AsObservable and AsEnumerable Implemented Differently?,9874141,17,,"Your question is answered by the documentation, which I encourage you to read when you have such questions. The purpose of AsEnumerable is to hint to the compiler ""please stop using IQueryable and start treating this as an in-memory collection"". As the documentation states: The method has no effect other than to change the compile-time type of source from a type that implements to itself. can be used to choose between query implementations when a sequence implements but also has a different set of public query methods available. If you want to hide the implementation of an underlying sequence, use or or if you don't care that you're making a mutable sequence. The purpose of AsObservable is to hide the implementation of the underlying collection. As the documentation says: ... Hides the identity of an observable sequence. Since the two methods have completely different purposes, they have completely different implementations."
314540,"When are API methods marked ""deprecated"" actually going to go away?",314577,25,VonC,"Regarding the APIs, ... it is not specified they will be removed anytime soon. Incompatibilities in J2SE 5.0 (since 1.4.2) : Source Compatibility [...] In general, the policy is as follows, except for any incompatibilities listed further below: Deprecated APIs are interfaces that are supported only for backwards compatibility. The javac compiler generates a warning message whenever one of these is used, unless the -nowarn command-line option is used. It is recommended that programs be modified to eliminate the use of deprecated APIs, though there are no current plans to remove such APIs – with the exception of JVMDI and JVMPI – entirely from the system. Even in its How and When To Deprecate APIs , nothing is being said about a policy regarding actually removing the deprected APIs... Update 10 years later, the new JDK9+ Enhanced Deprecation clarifies the depreciation policy. See Jens Bannmann 's answer for more details. This is also detailed in this blog post by Vojtěch Růžička , following criticisms on JEP 277 . The convention for JDK is that once a JDK API is marked as in a certain Java version, it will be removed in the directly following major Java release . That means - when something is marked as in Java 9, it is supposed to be completely removed in Java 10. Keep that in mind when using API marked for removal. Note that this convention applies only to JDK itself and third-party libraries are free to choose any convention they see fit."
7030288,C# IMAP client - multiple connections to mail server,7058792,5,user858224,"In general it's recommended that IMAP clients only have at most one connection to the server at all times. Not only does additional connections require valuable resources on the server but more important the IMAP specification does not guarantee that two connections can select the same mailbox at the same time. Relying on this capability being present on the server may render your client incompatible with those servers. Instead you should use the protocol as efficient as possible. Note that many commands can operate on a set or range of UIDs. This allows you to make one singe request where you specify every UID instead of making one request for each UID separately. Another good practice is to not request more data than what is currently needed. For example say that you have a list of messages. Then don't request detailed information for all of them, only request information for the messages that are currently visible. I highly recommend that you read RFC 2683, IMAP4 Implementation Recommendations . It covers this among other things. If you decide to use multiple connections anyway then a good approach is usually to use asynchronous operations and not use individual threads explicitly. Combination with some kind of run loop integration is often useful as well, that way your code is called when there is data to read instead of you code having to poll or explicitly check for it. This is often a good approach even if you're only using a single connection. Keep in mind that according to the IMAP protocol the server may send you responses even when you have not explicitly asked for them."
40567133,Cannot add PPA: 'ppa:ondrej/php5-5.6',40677790,83,,"add the right ppa first, do the following i had the same issue in installing the php5.6 then i did the above steps."
73458819,Codemagic IOS build failure | The relationship 'devices' is required but was not provided with this request,73460796,9,,"To use development certificates and profiles (for mobile applications), it is required that you have at least one existing mobile device on the Apple Developer Portal registered. Check if you have something on this list: https://developer.apple.com/account/resources/devices/list If not, then adding a device should fix the issue."
43272472,How to create multiple beans of same type according to configuration in Spring?,43274033,12,,"You could have a look at BeanFactoryPostProcessor , I tried with following code and it's working just fine, s depends on could also be d: Since you have complete control of creation process of instance, you can simply pass other beans in through constructor if it's necessary. Hope this could be helpful to you :-)"
7359362,Uppercase first letter in NSString,7359593,55,,"Since you want to remove diacritic marks, you could use this method in combination with the common string manipulating methods, like this:"
18823792,How to fix java.lang.IndexOutOfBoundsException,18823863,6,,You want to get an element from an empty array. That's why the from the exception So you cant do until you fill the array.
3408397,Asynchronously sending Emails in C#?,3408444,6,,"Just because this is a little vague...I will be brief... There are a lot of ways to do asynchronous or parallel work in c#/.net etc. The fastest way to do what you want is to use a background worker thread which will avoid locking up your UI. A tip with background worker threads : you cannot directly update the UI from them (thread affinity and Marshalling is just something you learn to deal with...) Another thing to consider...if you use the standard System.Net.Mail type stuff to send the emails...be careful how you craft your logic. If you isolate it all in some method and call it over and over, it will likely have to tear down and rebuild the connection to the mail server each time and the latency involved in authentication etc will still slow the whole thing down unnecessarily. Send multiple e-mails through a single open connection to the mail server when possible."
4345119,How to clear cache on Eclipse Android Emulator,4345384,13,,You can clear cache / data per application from settings (Applications -> manage applications). You can also uninstall your application from there which will cause everything to be cleared. This of course only clears data that your application is creating.
36730793,Can I dispatch an action in reducer?,39393436,18,,"You might try using a library like redux-saga . It allows for a very clean way to sequence async functions, fire off actions, use delays and more. It is very powerful!"
62342028,Adding image to iPhone simulator cause error (PHPhotosErrorDomain error -1.),64028659,8,,"Move your files into the folder and then drag them into the simulator. This will trigger the simulator to ask for permissions to access your files. Having them inside the folder, will not."
50229321,"Unable to call second subroutine ""func2""",50231336,5,,"There is no array, so makes no sense. will be set to which evaluates as zero in a numeric context Meanwhile, is , which also evaluates as zero in numeric context The operator compares numbers , so will compare zero with zero and always find a match You must have seen warning messages when you run your program. You must never ignore such messages as they are there to help you You must add and to the the top of every Perl program you write, and fix all resulting messages before asking others for help You must also lay your code out properly, including indentation, so that other people (and yourself) can read it easily. I have edited the code in your question: please do it yourself in future, at least before asking other people for help with your code"
32664,Is there a constraint that restricts my generic method to numeric types?,60022011,29,,"Beginning with C# 7.3, you can use closer approximation - the unmanaged constraint to specify that a type parameter is a non-pointer, non-nullable unmanaged type. The unmanaged constraint implies the struct constraint and can't be combined with either the struct or new() constraints. A type is an unmanaged type if it's any of the following types: sbyte, byte, short, ushort, int, uint, long, ulong, char, float, double, decimal, or bool Any enum type Any pointer type Any user-defined struct type that contains fields of unmanaged types only and, in C# 7.3 and earlier, is not a constructed type (a type that includes at least one type argument) To restrict further and eliminate pointer and user-defined types that do not implement IComparable add IComparable (but enum is still derived from IComparable, so restrict enum by adding IEquatable < T >, you can go further depending on your circumstances and add additional interfaces. unmanaged allows to keep this list shorter): But this doesn't prevent from DateTime instantiation."
49810845,Metal shading language IR format,49820193,6,,"The tool to compile MSL is a modified version of , but I don't think the modifications have been open-sourced. It accepts many of the same command-line options as to produce various output files. By default, it produces files, which are LLVM bitcode. You can use tools like to disassemble them. Metal apps can use precompiled shaders or they can compile from MSL source at run-time. An app would use one of the methods of for the latter."
12788217,How can I extract a single value from a nested data structure (such as from parsing JSON)?,35510074,8,,"Here is an example of loading a single value from simple JSON data, and converting back and forth to JSON:"
11834108,fatal: bad object xxx,66040177,15,,"I'm not sure how i got this error, This is the error i got. Tried pruning the git repo via . It did not help. This branch was stale and it was not important for me so i deleted the branch folder ran It did object Enumeration and clean successfully."
23833255,Does using Tasks (TPL) library make an application multithreaded?,23833635,108,,"Tasks can be used to represent operations taking place on multiple threads, but they don't have to. One can write complex TPL applications that only ever execute in a single thread. When you have a task that, for example, represents a network request for some data, that task is not going to create additional threads to accomplish that goal. Such a program is (hopefully) asynchronous, but not necessarily mutlithreaded. Parallelism is doing more than one thing at the same time. This may or may not be the result of multiple threads. Let's go with an analogy here. Here is how Bob cooks dinner: He fills a pot of water, and boils it. He then puts pasta in the water. He drains the pasta when its done. He prepares the ingredients for his sauce. He puts all of the ingredients for his sauce in a saucepan. He cooks his sauce. He puts his sauce on his pasta. He eats dinner. Bob has cooked entirely synchronously with no multithreading, asynchrony, or parallelism when cooking his dinner. Here is how Jane cooks dinner: She fills a pot of water and starts boiling it. She prepares the ingredients for her sauce. She puts the pasta in the boiling water. She puts the ingredients in the saucepan. She drains her pasta. She puts the sauce on her pasta. She eats her dinner. Jane leveraged asynchronous cooking (without any multithreading) to achieve parallelism when cooking her dinner. Here is how Servy cooks dinner: He tells Bob to boil a pot of water, put in the pasta when ready, and serve the pasta. He tells Jane to prepare the ingredients for the sauce, cook it, and then serve it over the pasta when done. He waits for Bob and Jane to finish. He eats his dinner. Servy leveraged multiple threads (workers) who each individually did their work synchronously, but who worked asynchronously with respect to each other to achieve parallelism. Of course, this becomes all the more interesting if we consider, for example, whether our stove has two burners or just one. If our stove has two burners then our two threads, Bob and Jane, are both able to do their work without getting in each others way, much. They might bump shoulders a bit, or each try to grab something from the same cabinet every now and then, so they'll each be slowed down a bit , but not much. If they each need to share a single stove burner though then they won't actually be able to get much done at all whenever the other person is doing work. In that case, the work won't actually get done any faster than just having one person doing the cooking entirely synchronously, like Bob does when he's on his own. In this case we are cooking with multiple threads, but our cooking isn't parallelized . Not all multithreaded work is actually parallel work . This is what happens when you are running multiple threads on a machine with one CPU. You don't actually get work done any faster than just using one thread, because each thread is just taking turns doing work. (That doesn't mean multithreaded programs are pointless on one cores CPUs, they're not, it's just that the reason for using them isn't to improve speed.) We can even consider how these cooks would do their work using the Task Parallel Library, to see what uses of the TPL correspond to each of these types of cooks: So first we have bob, just writing normal non-TPL code and doing everything synchronously: Then we have Jane, who starts two different asynchronous operations, then waits for both of them after starting each of them to compute her result. As a reminder here, Jane is using the TPL, and she's doing much of her work in parallel, but she's only using a single thread to do her work. Then we have Servy, who uses to create a task that represents doing work in another thread . He starts two different workers, has them each both synchronously do some work, and then waits for both workers to finish."
20245992,Getting enclosing document from aggregation,20246091,5,,"You need to do an and then a . If you do that, you can use : Your result is then: If you also need the original , then you could also do this in the :"
67611918,What is the precise difference between TryAddEnumerable(ServiceDescriptor) and other TryAdd{lifetime} calls,67655113,47,,"Ok, I found the difference: {lifetime} ... for example ... peeps into the DI container and looks for whether ANY implementation type (concrete class) has been registered for the given service type (the interface). If yes then it does not register the implementation type (given in the call) for the service type (given in the call). If no , then it does. (ServiceDescriptor) on the other hand peeps into the DI container , looks for whether the SAME implementation type (concrete class) as the implementation type given in the call has already been registered for the given service type. If yes, then it does not register the implementation type (given in the call) for the service type (given in the call). If no, then it does. Thats why there is the suffix in there. The suffix indicates that it CAN register more than one implementation types for the same service type!"
50607764,Flatten list to R dataframe,50608741,5,,"One approach is to row-bind the dataset, then use . Suppose your list of dataframes is , then where the cleans up to include only the ticker itself. The output looks like"
53866929,Unable to use Lombok with Java 11,53872074,50,,"TL;DR Upgrade Lombok as a dependency and as a IDE plugin ( IntelliJ , NetBeans , Eclipse ) and enable Annotation Processing in IDEs settings. Latest version of Lombok and/or IntelliJ plugin perfectly supports Java 11. https://projectlombok.org/changelog v1.18.4 (October 30th, 2018) ... PLATFORM: Many improvements for lombok's JDK10/11 support. ... https://github.com/mplushnikov/lombok-intellij-plugin Provides support for lombok annotations to write great Java code with IntelliJ IDEA. Last version (0.23) released on 17.12.2018 ... Tested and supports IntelliJ versions: 2016.2, 2016.3, 2017.X, 2018.X ... Lombok project dependency Make sure you have Lombok dependency added to your project. This plugin does not automatically add it for you. Please Note: Using newest version of the Lombok dependency is recommended, but does not guarantee that all the features introduced will be available. See Lombok changelog for more details. ... So please update your lombok/plugin version to the latest ones. Should work like a charm."
3238482,Pointer subtraction confusion,3238555,43,,"Because everything in pointer-land is about offsets . When you say: What you're actually saying in the second line is: Literally translated as: And if we can add 7 to make the offset point to the right place, we need to be able to have the opposite in place, otherwise we don't have symmetry in our math. If: Then, for sanity and symmetry:"
20830147,Unable to create self referencing foreign key in flask-sqlalchemy,22673402,9,,I had the same issue with the schema name argument. What I changed to get it to work was to reference the table class directly in ForeignKey and relationships instead of using a string. Example:
47602091,How to use react-router 4.0 to refresh current route? not reload the whole page,51332885,14,,"I solved this by pushing a new route into history, then replacing that route with the current route (or the route you want to refresh). This will trigger react-router to ""reload"" the route without refreshing the entire page. React router works by using your browser history to navigate without reloading the entire page. If you force a route into the history react router will detect this and reload the route. It is important to replace the empty route so that your back button does not take you to the empty route after you push it in. According to react-router it looks like the react router library does not support this functionality and probably never will, so you have to force the refresh in a hacky way."
2474839,Unable to login to SQL Server + SQL Server Authentication + Error: 18456,3375147,54,,"I had this same problem, however mine was because I hadn't set the Server authentication to ""SQL Server and Windows Authentication mode"" (which you had) I just wanted to mention it here in case someone missed it in your question. You can access this by Right click on instance (IE SQLServer2008) Select ""Properties"" Select ""Security"" option Change ""Server authentication"" to ""SQL Server and Windows Authentication mode"" Restart the SQLServer service Right click on instance Click ""Restart"""
16821564,How to: Add/Remove Class on mouseOver/mouseOut - JQuery .hover?,16821586,75,,You forgot the of class selector of result class. Live Demo You can use toggleClass on hover event Live Demo
13836606,Use table view disclosure indicator style for uibutton ios,52741762,31,,Since Apple provides official iOS design resources for different tools you can extract the chevron from there. Update Apple announced the icon font SF Symbols on the WWDC'19 keynote. The SF Symbols companion app contains an icon called ready for you to use. You can also Specify the thickness of the icon.
39016134,"geckodriver.exe not in current directory or path variable, Selenium 2.53.1 + Firefox 48 + Selenium 3 Beta",44702480,28,,Install the Selenium.Firefox.Webdriver NuGet package. This will copy geckodriver.exe to the bin folder.
64423944,How to npm login as a different user per scope on same registry?,64447728,11,,I contacted the npm support and got the following response: Users cannot mix-and-match auth for a single registry. We recommend having a single npm user that's granted access to all of the packages and to use the token for that user.
205736,Get list of all tables in Oracle?,1377725,69,,"Going one step further, there is another view called cols (all_tab_columns) which can be used to ascertain which tables contain a given column name. For example: to find all tables having a name beginning with EST and columns containing CALLREF anywhere in their names. This can help when working out what columns you want to join on, for example, depending on your table and column naming conventions."
9184702,SetTimeout not delaying a function call,9184730,46,,The problem is this line This doesn't schedule the invoking of but instead invokes the function directly and schedules the return value. To schedule the invocation of the function wrap the call in a lambda
18393166,how to download a pdf file stored in a server in client side in node.js server,18393179,5,,"Send the correct mime-type, and then the content of the pdf. I'm assuming is your response object. Ah but you are using Express. Use Jonathan's answer instead."
68986802,`multiprocessing.Process` are modifying non-shared variables they should not have access to,68987243,5,,"The issue is that you are creating instances that immediately go out of scope in the parent process, which makes them get garbage collected. Because of the way Python allocates memory for objects , the second ends up using the exact same shared memory location as the first , which means the second ends up stomping on the first. You can do some experiments to see this in action. For example, this does not print the warning: The we assign to is initialized to 1, which overwrites the anonymous we passed to process ""A"". Because we overwrite it with 1, no illegal state message is printed. if we instead initialize it to any other value, you will see the warning again. This prints an illegal state message about -2, , for example: Your code should really save the instances you create as local variables in your parent process, both to avoid this issue, and because it's pointless to create shared values that you don't actually share. Like this:"
14364752,How to avoid having (or delete) PDB files in TFS 2012 build result,14379282,6,,"PDB files hold debug information on your code and its not advised to disable them, they are valid output hence deployment shouldn't be messing with them. You can disable their generation in Visual Studio project Properties> Build > Advanced > Debug Info = none. If you absolutely want them gone then disable them for build specific configuration (relaese etc.)"
39205027,Is phaser capable of large multiplayer games?,44115651,9,,"Phaser (at least in its 2.0 version) is not a good candidate for implementation of real time game networking as explained here . If you're looking for a Javascript Multiplayer game engine you should check out Lance , which was written specifically for this purpose. You can then choose a renderer of your choice (Pixi.js, for example, if you're aiming to implement something like Agar.io. It's the same Renderer Phaser uses) Regarding PhasedEvolution's comment above - Firebase is a nice tool if you're doing turn based games. It's not up to par for real-time game development as it doesn't allow low level access for any game-critical features that mitigate latency like client-size prediction, bending, interpolation and extrapolation. Proper disclosure: I'm one of the co-creators of Lance :)"
11186588,Connection for control user as defined in your configuration failed. xampp,16688674,7,,Basically what is happening here is that you have wrong credentials in your[ .../phpMyadmin/config.inc.php] file .This occurs if you have another mysql instance installed and the username and the passowrd that you use in this file is different.You have to change the username and the password in the above file to match.
41773667,Android recyclerview adapter with multiple viewtype using databinding,46213102,27,,It is possible to use several bindings in one ViewHolder. Here is an example of the adapter with 2 types of items:
37642026,Does C initialize structure padding to zero?,37642061,27,,"In general, As per , for any uninitialized object chapter §6.2.6.1/6, When a value is stored in an object of structure or union type, including in a member object, the bytes of the object representation that correspond to any padding bytes take unspecified values. But, if the partial initialization is done, in that case, for rest of the members, the intialization happens as if an object that has static or thread storage duration, then, quoting the same standard, chapter §6.7.9/21 If there are fewer initializers in a brace-enclosed list than there are elements or members of an aggregate, or fewer characters in a string literal used to initialize an array of known size than there are elements in the array, the remainder of the aggregate shall be initialized implicitly the same as objects that have static storage duration. and regarding the implicit initialization of objects with static storage duration, paragraph 10 If an object that has static or thread storage duration is not initialized explicitly, then: if it is an aggregate, every member is initialized (recursively) according to these rules, and any padding is initialized to zero bits; So, in your case, padding for the remaining objects are guaranteed to be 0, but not for the members which has received the initializers. So, all over, you should not depend on an implicit initialization of 0, use . That being said, in anyway it's not recommended ( required ) to depend on padding bytes, if any. Use the exact member variables and calculate the hash based on those values."
45152426,create docker-compose file from Dockerfile,45152740,10,,You write following in file to run your docker container using compose: Docker compose file is made of multiple services but in your case it is enough to define one service. option specifies from where to pick up the Dockerfile to build the image and will allow port forwarding from the container to you host OS. To start the service you can use: And to stop the service: You can find more documentation about the compose file here
1359288,Unable to automatically step into the server when debugging WCF,1491763,11,,"I have just had the same problem. In order to be able to debug a WCF service, you should add the line in the server's config file inside the section. For more details, please check the link: http://msdn.microsoft.com/en-us/library/bb157687.aspx"
4759880,How can I make PHP's fgetcsv() to recognize the Classic Mac (CR) new line character?,4759909,19,,"From the manual : Note: If PHP is not properly recognizing the line endings when reading files either on or created by a Macintosh computer, enabling the auto_detect_line_endings run-time configuration option may help resolve the problem."
1790380,How can I sum large hexadecimal values in Perl?,1790422,6,,"If your is compiled with 32-bit integers, integer operations which result in numbers greater than will cause problems. For example: You will get: Use bignum to add transparent support for larger integers: Verify that the output matches you expectations: Without , I get:"
32502740,"Assigning to double underscore methods (__eq__, __lt__, __gt__)",32502813,5,,"Special Method Lookup : implicit invocations of special methods are only guaranteed to work correctly if defined on an object’s type, not in the object’s instance dictionary. If the goal is to use for comparisons, assign it at the class level, not per instance (which will also save memory by not bloating the per instance attribute dictionary):"
79122463,Is there a 64bit character constant in C++?,79122549,8,,"You could make your own for this purpose. The looks clunky, all unrolled like that and wordy. But it optimizes very well. Optimizers are amazing. If you want to accept sizes other than strictly 8 characters, you'd need to modify the code accordingly."
11318933,Listen to volume changes events on Android,30441548,30,,"Better, you can register a as follows: Your ContentObserver might look like this: When done: One caution, though - sometimes the notifications seem to be delayed if there are lots of button presses quickly."
189645,How can I break out of multiple loops?,61948529,12,,"There is no way to do this from a language level. Some languages have a goto others have a break that takes an argument, python does not. The best options are: Set a flag which is checked by the outer loop, or set the outer loops condition. Put the loop in a function and use return to break out of all the loops at once. Reformulate your logic. Credit Using Function Using flag"
23175809,"str.translate gives TypeError - Translate takes one argument (2 given), worked in Python 2",23306505,74,,"I suspect your issue has to do with the differences between and (these are also the differences between on Python 2 versus Python 3). I suspect your original code is being sent instances while your test code is using regular 8-bit instances. I don't suggest converting Unicode strings back to regular instances, since is a much better type for handling text data (and it is the future!). Instead, you should just adapt to the new syntax. With regular (on Python 2), you can pass an optional argument and the characters in it would be removed from the string. For (and on Python 3), the extra argument is no longer allowed, but translation table entries with as their value will be deleted from the output. To solve the problem you'll need to create an appropriate translation table. A translation table is a dictionary mapping from Unicode ordinals (that is, s) to ordinals, strings or . A helper function for making them exists in Python 2 as (and Python 3 as a method of the type), but the Python 2 version of it doesn't handle the case we care about (putting values into the table). You can build an appropriate dictionary yourself with something like ."
22498412,Error: Activity class {} does not exist,22524188,8,,The real problem was that there were another application with the same package name on device (I tried a sample and gave it my real app package name)! When I removed it everything became working right!
1515399,Can you make custom operators in C++?,30145780,25,,"There's a method thoroughly explored in 'Syntactic Aspartame' by Sander Stoks that would allow you to use the following format: In essence, you need a proxy object with the operators '<' and '>' overloaded. The proxy does all of the work; 'contains' can just be a singleton with no behavior or data of its own."
13441501,Datatables - how to prevent sorted column from changing color,22206115,51,,"v1.10+ As Mathieu indicates , order classes can now be disabled by setting to . v1.9- As shown in: DataTables:Features , this functionality can be disabled by setting to ."
2627650,Why JavaScript getTime() is not a function?,2627664,65,,"That's because your and variables are just strings. You should parse them to get a object, for that format I always use the following function: I use this function because the (or ) method is implementation dependent , and the yyyy-MM-dd format will work on modern browser but not on IE, so I prefer doing it manually."
12350519,using c# class files from another website on the same server,12350588,6,,"If I were you, I would take all the classes needed by both websites and create a Class Library Project (DLL). Then reference that project in each website and use the classes. This means each site will be deployed with the same DLL but you will have a single project for common classes. Hope this helps (I know it's not strictly the answer)"
51106934,My async call is returning before list is populated in forEach loop,51107013,122,,"This code returns the list and then processes the asyc callbacks If you change it to the function will not return before all filenames are processed. means that you can use inside the callback, but doesn't care about what returns."
32750619,sync two tables after insert,32759695,5,,"An updatable view is the best solution and is as simple as (Postgres 9.3+): However, if you cannot do it for some inscrutable reasons, use function (Postgres 9.2+) to ensure that the trigger function is not executed during replication. The trigger on main.datastore may look like this: The trigger on sec.datastore should be defined analogously."
11064897,var name and window.name,11064921,6,,"If is a global variable, then and are equivalent. Global variables and functions are members of the global object. In browsers, the global object contains a window member whose value is the global object."
35372700,What's 0xFF for in cv2.waitKey(1)?,63218825,13,,"**READ THIS IT WILL SAVE YOUR TIME ** Note 1: cv2.waitKey() will return the keyword that you press in case if u just click on the close button when the window is opened then it will return -1 Note 2: let us assume that you have pressed 'q' then cv2.waitkey() will return that 'q' but the format it returns will be in string data type in order to change it to binary we are performing bitwise AND operation with help of & symbol with 0xFF . 0xFF is in hexadecimal format also know as hexadecimal constant which is 255 in decimal format or 11111111 in binary format. Note 3: we all know that '&' in python is used to perform bitwise 'And' operation, Bitwise in the sense we perform the And operation at binary level AND operation logic: ** ** Below represents the small table of asci value and binary value of letter 'q' Note 4 : since we have given the hexadecimal constant 0xFF whose value in binary is 11111111 let's perform the bit AND OPERATION with the binary value of letter 'q' which is 01110001. Note 5: Since we are performing bitwise And operation with 0xFF which is a hexadecimal constant, once the bitwise operation is completed or performed, the result will change to the decimal format, so since we are using ord('q') function which will return the decimal value or ASCII value of 'q' so both will be equal the condition if condition becomes true and the loop will break"
71499080,Use filter on an array for a specific index?,71499104,5,,Just use as you mention in question for compare if value is of 0 like: Reference: Array.prototype.filter()
40778751,How to do spell-checking throughout my project in android studio,40778961,9,,"If I understood you correctly, then you want to find the words, that you misspelled (write incorrectly) in your project. To do this you can: In main menu of Android Studio: Analyze - Inspect code - select Whole project - click OK In the analyse results find Spelling Inside it there will typically be 1 sub-item - Typo Inside it you will find all found possible typos (misspelling) over the project including method\variable names as well as typos in the string resources. String resource typos can be found under the module name folders."
27122610,Why does the Java API use int instead of short or byte?,27123302,174,,"Some of the reasons have already been pointed out. For example, the fact that ""...(Almost) All operations on byte, short will promote these primitives to int"" . However, the obvious next question would be: WHY are these types promoted to ? So to go one level deeper: The answer may simply be related to the Java Virtual Machine Instruction Set. As summarized in the Table in the Java Virtual Machine Specification , all integral arithmetic operations, like adding, dividing and others, are only available for the type and the type , and not for the smaller types. (An aside: The smaller types ( and ) are basically only intended for arrays . An array like will take 1000 bytes, and an array like will take 4000 bytes) Now, of course, one could say that ""...the obvious next question would be: WHY are these instructions only offered for (and )?"" . One reason is mentioned in the JVM Spec mentioned above: If each typed instruction supported all of the Java Virtual Machine's run-time data types, there would be more instructions than could be represented in a byte Additionally, the Java Virtual Machine can be considered as an abstraction of a real processor. And introducing dedicated Arithmetic Logic Unit for smaller types would not be worth the effort: It would need additional transistors, but it still could only execute one addition in one clock cycle. The dominant architecture when the JVM was designed was 32bits, just right for a 32bit . (The operations that involve a 64bit value are implemented as a special case). (Note: The last paragraph is a bit oversimplified, considering possible vectorization etc., but should give the basic idea without diving too deep into processor design topics) EDIT: A short addendum, focussing on the example from the question, but in an more general sense: One could also ask whether it would not be beneficial to store fields using the smaller types. For example, one might think that memory could be saved by storing as a . But here, the Java Class File Format comes into play: All the Fields in a Class File occupy at least one ""slot"", which has the size of one (32 bits). (The ""wide"" fields, and , occupy two slots). So explicitly declaring a field as or would not save any memory either."
286565,"In a QTableWidget, changing the text color of the selected row",298160,9,J&#233;r&#244;me,"Answering myself, here is what I ended up doing : a delegate. This delegate will check the foreground color role of the item. If this foreground color is not the default WindowText color of the palette, that means a specific color is set and this specific color is used for the highlighted text color. I'm not sure if this is very robust, but at least it is working fine on Windows. Here is how to use it :"
36724255,Render ChoiceField options in Django template,44066798,22,,"By default, Django provides us with a simple drop-down list as a visual representation of the choice field. Just create and an instance of the form in your view, pass it in the context. Here is an example, let's say our example model is, and our model form, Just create an instance of the form in your view, pass it in the context: and then display it in the template using {{ form.my_choice_field }}."
70694552,How to set default values for a object in terraform?,78178435,10,,"I am using Terraform 1.3.0, this can be done using the optional function. I changed your example to demonstrate some more functionalities Creating an object id is mandatory, password is null by default result Creating object overriding default username and setting password result see also Optional with defaults"
41367955,Specifying Font and Size in HTML table,41368406,23,,Enclose your code with the html and body tags. Size attribute does not correspond to font-size and it looks like its domain does not go beyond value 7. Furthermore font tag is not supported in HTML5. Consider this code for your case
5997730,How should I organize a general-purpose programming library's directory structure?,6053413,8,,"Since it is multi-purpose library devoted to solve versatile problems or provide interfaces for common features, it is better to have structure by which may be DataType/Technology/Language/Protocol etc. like so: On top we have: Http which is a protocol so your would be an interface to perform Http request Html which is markup language, so will provide developer with features to create upload file forms JavaScript which is programming language, so your Javascript.JSON would solve problems of conversions from JSON to Arrays maybe Ajax which is technology XML which is markup language DataType which is ... well, data type. Notice, that remain under in . Every sub-library can have its own util features like lib may need datatype_cast_lib to know how to juggle with datatypes. This way of library organization mostly resembles organzation of PECL Good question, BTW! I asked the same question myself frequently. I've been organizing and reorganizing my directories structure for years. It really depends on project. I've adapted structure above corresponding to structure you've provided here ."
72466307,How to use URLSession in MainActor,72466921,5,,"The issue is not the code that you . That runs on a separate thread managed by . Whenever you see , that means that the current execution is suspended while the asynchronous task runs, and that the current actor is free to run other code. All is well. The only potential concern is code that runs synchronously on the main actor (i.e., everything besides what we ). In this case, the only relevant portion is the code after the , inside what is called the “continuation”. In this case, the continuation consists of the of the JSON and the updating of the property. That is modest and you are generally fine running that on the main actor. But if the continuation consisted of anything anything more substantial (e.g. decoding many megabytes of JSON or decoding an image or the like), then you would want to move that off the main actor. But in this case, you are fine. For more information, see WWDC 2021 video Swift concurrency: Behind the scenes ."
7653837,Delete rows from multiple tables at once,7653854,7,,"DELETE operations have to be done one table at a time. There's no way to combine them as you are trying to do. Depending on what you're trying to accomplish, you may want to use a transaction for the two operations."
11416613,emacs editor integrated on a browser,11416671,5,,"You could embed a JavaScript SSH client and run Emacs on a real machine, but you're probably better off with Ymacs — it's an Emacs-like editor but Web-native."
30103223,how to download hackerrank problems in pdf?,30104552,5,,"From a command line prompt you can do this with a simple one-liner: Just change and to the numbers of the first and last problems you want to download. This will save all the PDFs in the current directory with filenames of the form , , etc."
8238705,How to download a folder/directory from the FTP server using perl?,8238932,5,,"First of all, start all your perl scripts with: Second, you miss a after line: Third, I think you could try to use the method inherited by from and issue a ftp command, or emulate the with something like:"
4417379,is a NSMutableSet implemented like a linked list?,4417741,5,,"The source code is available, so you can have a look: CFSet.c . (This is a Core Foundation counterpart to , but they are basically the same.) It's a hash table. But you should also bear in mind that is, in fact, not implemented as an array. You can see the implementation here: CFArray.c . Maybe this blog article is easier to understand, although it's a bit dated (~5 years.)"
19634463,What is the srcset attribute in an IMG tag and how to use it?,64981785,11,,"Here is a detailed guide on srcset along with code samples. allows you to define a list of different image resources along with size information so that browser can pick the most appropriate image based on the actual device’s resolution. Each comma-separated item in has: Image URL, e.g. or relative path An empty space The actual width of the image or display density: Either using display density descriptor, for example, , etc. Or, using width descriptors, for example, . This is the width of the image in pixels. Using display density descriptor The syntax for display density descriptors is straightforward. provides a comma-separated list of image resources along with display density it should be used, for example , etc. Live demo - https://imagekitio.github.io/responsive-images-guide/srcset-density.html . Using width descriptor The syntax is similar to the display density descriptor, but instead of display density values, we provide the actual width of the image. This lets the browser pick the best image Using width descriptor allows the browser to pick the best candidate from based on the actual width needed to render that image on that particular display at runtime. Note that display pixel density is also taken into account by the browser while calculating the required width. 😎 For example, assuming an image takes up the whole viewport width - On a 300px wide screen with DPR 2, the browser will pick because it needs a 300x2=600px wide image. On a 300px wide screen with DPR value 3, the browser will select because it needs a 300x3=900px wide image. Demo - srcset with width descriptor Let see this in action with a live demo - https://imagekitio.github.io/responsive-images-guide/srcset-width.html ."
57923706,Retrieving list of employees with lowest salary using stream,57923737,14,,"First create a , whose key is the salary. sorts it's entries by it's key. Then grab the first entry, which is the entry with the lowest salary and get hold of the values associated with that. This solution iterates over the list only once. Here's how it looks. stores map elements in a Red-Black tree. The insertion cost for one element in Red-Black tree is . Since we are inserting elements, the total Time complexity of this solution is . For the , it takes constant time , since it maintains a pointer to the leftmost and rightmost leaf nodes in the tree respectively. The leftmost node represent the smallest value in the tree whereas the rightmost leaf node represents the highest value. Just by following this great answer , I thought of writing a custom collector that serves our purpose. This collector iterates over the List only once and it's runtime complexity lies at O(n), which significantly outperforms the above approach. Furthermore it allows you to write your client code in one single statement. Here's how it looks. And here's your client code."
8630457,rewrite urls for product name,8630466,18,,"First: you have a syntax error. is a character class that can match (i) digits in the range through , or (ii) a sign. To use the as a quantifier (as intended), move the after the , like so: . Second: You are using in your item which is the product name. If you want to use the ID, you have to use . Here's what you need to use: I added in the product numbers, dash and underscore in case you need it someday. Third: You should be aware of sql injections , your script is not safe. You can fix this by using mysql_real_escape_string ."
317679,What is preferred option for assignment and formatting?,317706,12,bradheintz,"I would probably go in-between: Option #2 seems like a lot to do in one line. It's readable, but takes a little effort to parse. In option #1, each line is very readable and clear in intent, but the verbosity slows me down when I'm going over it. I'd try to balance brevity and clarity as above, with each line representing a simple ""sentence"" of code."
63220508,How can I define a pointer to variable length array (VLA) in a struct (or equivalent)?,63220632,7,,"Declare the structure members to be pointers to arrays of unknown size (no size expression is supplied in the brackets): Such pointers are compatible with pointers to variable length arrays because pointers to compatible types are compatible (C 2018 6.7.6.1 2), and an array of unknown size is compatible with any array with a compatible element type, per 6.7.6.2: For two array types to be compatible, both shall have compatible element types, and if both size specifiers are present, and are integer constant expressions, then both size specifiers shall have the same constant value… Because the pointer type does not indicate the array size, you will not be able to use these members directly to access multiple dimensions. For example, if is the structure, will yield a compiler error. One way to use them is to assign them to temporary variables that include the type information:"
36220283,Anything *else* similar to Haskell's $ in F# other than <|?,36220753,8,,"There are some Haskell features, like optional infixing using backticks, and sections , which aren't available in F#. That makes certain constructs a bit more verbose. Usually, I'd simply write a pipe of functions as the above like this: This is, in my opinion, much more readable. For example, using , I'd intuitively read that as meaning 'all values greater than 2', but that's not what it does: If you leave the reader of the code in doubt of what the code does, you've just made everyone less productive. Using may look more verbose, but is unambiguous to the reader."
7236911,How to get both the start and end positions of regex matches in JavaScript?,7237427,7,,"no need at all to traverse the haystack two times (which would likely be less efficient) you can do either: or: both return this object : so if you want start and end positions, you just have to do something like: Note this simple example gives you only the first match; if you expect several matches, things get a little bit more complicated. Also, I answered for regex as it is in the title of the question, but if all you need is string match you can do nearly the same with indexOf()."
3907613,How is a JavaScript string not an object?,56212490,5,,"The most important difference between a string and an object is that objects must follow this rule for the operator : An expression comparing Objects is only true if the operands reference the same Object. So, whereas strings have a convenient that compares the value, you're out of luck when it comes to making any other immutable object type behave like a value type. (There may be other differences too, but this is the only one that causes JavaScript developers excitement on a daily basis). Examples:"
7633108,Which normal form does this table violate?,7633450,11,,"You say that the hobbies belong to the same domain and that they can move around in the columns. If by this you mean that for any specific the list of hobbies is in an arbitrary order and kriss could just as easily have dance, ball, swim as ball, swim, dance, then I would say you have a repeating group and the table violates 1NF. If, on the other hand, there is some fundamental semantic difference between a particular person's first and second hobbies, then there may be an argument for saying that the hobbies are not repeating groups and the table may be in 3NF (assuming that hobby columns are FK to a hobby table). I would suggest that this argument, if it exists, is weak. One other factor to consider is why there are precisely 3 hobbies and whether more or fewer hobbies are a potential concern. This factor is important not so much for normalization as for flexibility of design. This is one reason I would split the hobbies into rows, even if they are semantically different from one-another."
41075631,fetching from Coredata in ios app widget extension in ios 10,41302444,7,,"I solved it. After creating the App Group, I created a subclass of NSPersistentContainer and override the class method defaultDirectory() to return the shared app group directory. Also override the init(name: String, managedObjectModel model: NSManagedObjectModel). Then in the coredata stack you replace the boilerplate persistentcontainer code with a new instance of the PersistentContainer class created. Then in the CoreDataStack Code *wherever that maybe, either in the Appdelegate or or its own file. Mine was in its own file named CoredataStack Hope this helps out"
28671534,Can I force abstract methods to be protected when someone overrides them?,28671953,5,,You can't because increasing the visibility of a method does not break base class contract. Take a look at Why Java allows increasing the visibility of protected methods in child class?
17020298,android-sdks/build-tools/17.0.0/aapt: error while loading shared libraries: libz.so.1: cannot open shared object file: No such file or directory,20343041,27,,"Lukacsa, it works! simple and great suggestion Try this: This will resolve 64 bit machine's 32 bit compatibility issue~! (Tested with: CentOS 6.2 64-bit and Fedora 22 64-bit)"
64307077,Docker-Compose: Only one usage of each socket address (protocol/network address/port) is normally permitted,64311162,12,,"""Ports are not available: listen tcp 0.0.0.0:3306"" Port 3306 is already in use. In docker-compose file: Try to change mapping port on host to another port (ex: 3366):"
32743230,'Debug in Chrome' not work in react native for android,35765665,5,,Open file react-native/Libraries/Modal/Modal.js replace the following line with Modal only support in ios. so we need to apply the if condition
9769356,What do the curly braces mean in C# strings?,9769368,8,,"Those brackets are placeholders in strings for values. So, will be formatted into the first brackets of the string. And will be formatted in the second brackets of the string. Provided this: Then you will output to the console: Product: My Product Total: 2.98 After question update: The part if for alignment purpose. More information on formatting and alignment on C#'s official documentation ."
9468982,How using a smart pointer in C++ helps in below example,9469110,9,,"Smart pointers won't necessarily protect you if you dereference them without checking them first; what they give you is a guarantee that you can check whether they are valid before dereferencing. The problem with a dangling pointer is that it doesn't point to anything valid, but there's no way to tell: With a smart pointer, you'll never have that situation; either the pointer is valid, or you can tell that it's invalid before dereferencing:"
51847274,Memoizing functions with multiple parameters in Ruby,51847503,16,,"When you do not need to print than I would do something like this: Or if you need some output, but a is fine too: If you want to accept even more arguments you might want to use something like this:"
2372036,Attach File Through mailto URI,2372048,22,,"No, you can not add an attachment to a message with the URL scheme. only supports header values or content. See RFC 2368 for details."
55420468,How to modify the root context for NiFi's web UI,55423575,6,,"The best approach would be to run NiFi behind a reverse proxy that exposes your custom context-path as the public facing address and routes to NiFi backends that are running NiFi on the default context-path. NiFi supports URL rewriting for reverse-proxies using X-Forwarded-* headers passed from the proxy, including the context path, which can be passed in the or header. For more information, see the NiFi Admin Guide - Proxy Configuration . You may also find the configuration examples (both for NiFi and the Reverse Proxy) in this GitHub repository useful: ijokarumawak/nifi-reverseproxy"
66702185,"Why is reactor context throwing ""Context does not contain key"" when .block() is called?",71961584,6,,"When you call .block(), that line is subscribed to and evaluated immediately, without any connection to the context provided in the outer chain. When you return without .block, it becomes part of the larger chain which has the context, and isn't evaluated until something subscribes to the outer chain at which time the context is available."
5251507,How to succinctly write a formula with many variables from a data frame?,5251676,265,,"There is a special identifier that one can use in a formula to mean all the variables, it is the identifier. You can also do things like this, to use all variables but one (in this case x3 is excluded): Technically, means all variables not already mentioned in the formula . For example where would only reference as and are already in the formula."
13588022,Exclude property from serialization via custom attribute (json.net),16647343,29,,"Here is a method based on drzaus' excellent serializer contract which uses lambda expressions. Simply add it to the same class. After all, who doesn't prefer the compiler to do the checking for them? You can now ignore properties easily and fluently:"
16563234,OpenGL - Texture mapping in vertex or fragment shader?,16563593,6,,"Usually the texturing happens in the fragment shader. This is the place where triangle's fragments gain a color. Usually in the vertex shader you calculate texture coords (or simply pass them through from vertex attribs without special computation). I wrote usually because right now you can use textures in all shaders: vertex, geometry, tesselation. See here for further information."
48537186,The edge module has not been pre-compiled for node.js version v8.9.3,49114520,5,,Hopefully the error description is clear. So here what I did when I got this error : Go to https://github.com/tjanczuk/edge Download the repository and extract it Open a terminal and go to the folder run copy the generated files in the edge npm folder in my case : concrt140.dll msvcp140.dll vccorlib140.dll the folder edit the file Add an entry for your version in the versionMap variable. Enjoy !
26390119,Make parent div with absolute position take the width of children divs,33041271,6,,Use this trick to set children in single line and parent to get width from them. Don't apply floats to nothing. And remember about white-space: nowrap; if You need to keep single line in child elements. Here is fiddle .
62755119,How to cancel previous fetch request in new fetch request in react?,62780904,5,,I found a way to cancel the previous request and accept only the response from the latest request. I am using redux-thunk as the middleware. I can use a controller as AbortController and send a signal to the fetch request and then I can cancel the previous request using this controller. you can store a instance of AbortController in the reducer and beginning of the request you can simply abort the controller and set the new controller to the reducer and pass the signal to the fetch request.
26637592,"""An error occurred during Service Master Key decryption"" when trying to create SSIS catalog",26639061,11,,"When I checked the registry as this post advised , I found that I did not have any values under the key: When I checked a machine where the creation of the SSIS catalog succeeded successfully, it had an entry for . So I ran the following command as advised per the post in SSMS: When I refreshed, I now had an entry and the creation of the SSIS catalog succeeded."
9753105,Typedef in javascript,9753109,13,,"No, this is not possible. Period. Your example is also an impossible thing to want, even though I understand the motivation. JavaScript is dynamically typed. You cannot declare variables to be string. And in that light the whole statement is pointless. EDIT Yes, it's possible to achieve this effect with TypeScript. No, TypeScript is not JavaScript. The question was about the latter. That you can do a similar thing in a completely different programming language does not make this answer incorrect or obsolete. Declaring a variable as, e.g., will remain impossible in JavaScript until the day when the ECMAScript Standard adds static typing to the language."
12654140,"HttpWebRequest resp.Headers[""Set-Cookie""] is null",12656381,5,,"By default, automatically follows HTTP redirection responses, which prevents you from capturing the header in the original response. To disable this behavior, set to before sending the request:"
6796157,Unicode encoding for string literals in C++11,6797458,65,,"Are the \x/\u/\U character references freely combinable with all string types? No. can be used in anything, but and can only be used in strings that are specifically UTF-encoded. However, for any UTF-encoded string, and can be used as you see fit. Are all the string types fixed-width, i.e. the arrays contain precisely as many elements as appear in the literal, or to \x/\u/\U references get expanded into a variable number of bytes? Not in the way you mean. , , and are converted based on the string encoding. The number of those ""code units"" (using Unicode terms. A is a UTF-16 code unit) values depends on the encoding of the containing string. The literal would create a string containing 2 s plus a null terminator. The literal would create a string containing 1 plus a null terminator. The number of code units used is based on the Unicode encoding. Do u"""" and u8"""" strings have encoding semantics, e.g. can I say char16_t x[] = u""\U0010FFFF"", and the non-BMP codepoint gets encoded into a two-unit UTF16 sequence? creates a UTF-16 encoded string. creates a UTF-8 encoded string. They will be encoded per the Unicode specification. In (1), can I write lone surrogates with \u? Absolutely not. The specification expressly forbids using the UTF-16 surrogate pairs (0xD800-0xDFFF) as codepoints for or . Finally, are any of the string functions encoding aware (i.e. they are character-aware and can detect invalid byte sequences)? Absolutely not. Well, allow me to rephrase that. doesn't deal with Unicode encodings. They certainly can store UTF-encoded strings. But they can only think of them as sequences of , , or ; they can't think of them as a sequence of Unicode codepoints that are encoded with a particular mechanism. will return the number of code units, not code points. And obviously, the C standard library string functions are totally useless It should be noted however that ""length"" for a Unicode string does not mean the number of codepoints. Some code points are combining ""characters"" (an unfortunate name), which combine with the previous codepoint. So multiple codepoints can map to a single visual character. Iostreams can in fact read/write Unicode-encoded values. To do so, you will have to use a locale to specify the encoding and properly imbue it into the various places. This is easier said than done, and I don't have any code on me to show you how."
144985,Programming on a Nintendo DS,158909,22,Cristi&#225;n Romo,"No, there really isn't much of a limitation beyond that of the hardware, and even that can be overcome with enough effort. Quake has been ported to DS, for example, and particle games that utilize both processors have been made. There has also been discussion on how to make higher quality 3D scenes using a double pass renderer. There are multiple resources on the Nintendo DS section of the GBADev forums . I would say that the DS is an excellent route to embedded systems development; there is a large and active community that is willing to answer questions and give support, and there is so much hardware built straight into the thing. It saves you the time of building a system to test on. The CycloDS Evolution is a good card and is fairly common, so it shouldn't be difficult - if necessary at all - to make your homebrew compatable with other cards. However, be aware that other popular choices are the M3 line and the R4 line, which are pretty much the same thing. I have a TTDS, and it works well, but not out of the box. I would reccommend the other three mentioned. As for beginning DS devving, I would reccommend looking at the basic examples found in the folder of devkitPro and reading the GBA tutorial TONC , which covers many of the concepts that are used in both GBA and DS development. A more DS oriented tutorial, Patater's Introduction to Nintendo DS Programming , will help beginners get on their way in the DS world. There is also a very comprehensive documentation spec for the GBA and DS known as GBATek ."
18346609,How can I import javax.json in eclipse,18346694,7,,You need to get a hold of the Jar from https://java.net/projects/jsonp/ Then got to project folder -> clicked properties -> clicked Java build path -> Add External Jars... From here you can import the downloaded Jar (library) into your project.
9344667,IntelliJ IDEA code reformat options,9344748,21,,"First check: File | Settings | Editor | Formatting | Show "" Reformat Code "" dialog Then when you hit Ctrl + Alt + L pop-up dialog will appear. Uncheck Optimize imports and check Do not show this dialog in the future . Hit Enter or click Run . That's it!"
4981418,retain and autorelease in a getter method,4981490,10,,"This is from the Memory Management Programming guide: Technique 1 In technique 1, values returned by the getter are autoreleased within the calling scope: Because the object returned from the get accessor is autoreleased in the current scope, it remains valid if the property value is changed. This makes the accessor more robust, but at the cost of additional overhead. If you expect your getter method to be called frequently, the added cost of retaining and autoreleasing the object may not be worth the performance cost. Technique 2 Like technique 1, technique 2 also uses an autorelease technique, but this time does so in the setter method: The performance of technique 2 is significantly better than technique 1 in situations where the getter is called much more often than the setter. Technique 3 Technique 3 avoids the use of autorelease altogether: The approach used by technique 3 is good for frequently called getter and setter methods. It is also good for objects that do not want to extend the lifetime of their values, such as collection classes. Its disadvantage is that the old value may be deallocated immediately (if there are no other owners), which will cause a problem if another object is maintaining a non-owning reference to it. For example: If anObject was the only object that owned the original title string, then the string will be deallocated after the new title is set. The log statement would then cause a crash as oldTitle is a freed object. EDIT: Basically the point of retaining and then auto-releasing is to ensure that the object won't get deallocated if the property value is changed before the calling scope has a chance to retain it. This isn't usually an issue unless you've got asynchronous code. In most situations is just fine (plus it's faster)."
17271987,Server Error in '/' Application in ASP.NET MVC 3 with Razor engine,17272070,7,,"Could you check the App_Start/RouteConfig.cs, you must have this code for a controller called homController.cs : I suppose, your first controller name isn't 'Home', so you have to change the default controller name !"
17351869,C# concatenation strings while compiling,17351997,18,,"There are two important things going on here: First, The expression is evaluated at run-time while is evaluated at compile-time. Secondly, you're using reference comparison. The run-time generated strings actually reference different object while the compile-time generated strings reference the same object, so the first expression is and the second expression is . If you're interested, the generated IL is:"
23368984,Windows Azure Queue returns 403 Forbidden,23369575,8,,While most common cause for this 403 error is incorrect account key (so I would request you to check it again) however this error may also come if the clock on your computer is off (also known as ). Please check the clock on your computer and ensure that it is not off way too much. See this thread for more details: 403 error in production from WindowsAzure.Storage .
1579841,Decipher UIViewController property warning,1579855,14,,"By naming the property ""title"" in , you are actually overriding the property defined in . So either choose a different name for your subclass' property, or use the one defined by . I would suggest the second one, since it looks like you are simply trying to store a the title of your view. When you override a property in a subclass, there are certain attributes that cannot be different from the superclass' definition. Two of those things are type and copy vs. retain vs. assign (the ""copy attribute"", as the warning states). Since you've defined your version of differently in this areas than , you get the warnings."
54149046,Commit git to remote repository without cloning any local repository,54149170,10,,You can clone the repo with to not checkout any files. will truncate the history of each file to their last commit Checkout only the files you need to change for your commit Just be careful to only commit the file you're working on. If you do something like you will be committing the deletion of all files you have not checked out!
2455654,What 'additional configuration' is necessary to reference a .NET 2.0 mixed mode assembly in a .NET 4.0 project?,9240864,11,,"Once you set the app.config file, visual studio will generate a copy in the bin folder named App.exe.config . Copy this to the application directory during deployment. Sounds obvious but surprisingly a lot of people miss this step. WinForms developers are not used to config files :)."
31781137,How to join multiple rooms by just sending one <presence> message to ejabberd server,31782236,5,,"In XEP-0045 Multi User Chat , there is no way defined to join 20 chat rooms with a single presence packet. However, by combining other XMPP Extension with Multi User Chat, you can definitely achieve this in pure XMPP, without the need to write custom ejabberd extensions. You can rely on XEP-0033 Extended Stanza Addressing , you can send an XMPP packet to several recipient. It also works with presence as shown in this example . ejabberd configuration XEP-0033 Extending Stanza Addressing is supported as default since ejabberd 15.04 . Make sure you have enable the feature by adding mod_multicast in ejabberd configuration modules section: When the service is enabled, you should have a new service (as default named ) on the server supporting the feature : and response is: Usage Once enabled, it is easy to send a presence packet targeting several MUC rooms: You will thus see that you are joining several rooms at the same time. Issues XEP-0033 did not specifically mention that use case and the module had not been testing to join multiple rooms. While writing this example I found that when disconnecting, user does not properly leave the rooms he had joined. It means you have to wait for the following Github issue to be fixed before the feature is usable in production: Broadcast presence change after multicast presence packet ."
24985529,How to apply rounded borders to highlight/selection,25105512,8,,"I can assure you this has nothing to do with html, css border radius or highlighting. The proof? The whole selection appears as a single block with multiple edges and veritices and is not symmetric. There is no way to have multiple edged shape directly in html, without using SVG or Canvas. (well, that's a possibility open for discussion) If it is not a single block, but indeed multiple lines highlighted or marked with some kind of HTML or CSS or JS, then there cant be an outward facing curve like this: (there are always possibilities. For example you could cover the selection using a white rectangle with a border-radius, but this appears to be highly inefficient and unlikely... So...) Summary, they must be using the Canvas property and whole lot of codes to 'underlay' an interactive selection procedure. There are numerous different types of highlighting appearing in the editor, like 'same word highlighting', 'selected highlighting', 'out of focus highlighting', etc... For all these to happen efficiently, I can't find a better alternative than canvas. Don't be mad at me for posting this. But I didn't want to see my 4 hours of research as a waste. At least I got an observation and that's that. UPDATE : Though I thought covering the selection using a white rectangle with a border-radius at the end, is a rather inefficient and unnecessary way. Microsoft doesn't think so. They are using the curved edged rectangles to cover up the end of highlights to give that effect. They are using absolutely positioned, round-edged s to give the effect of highlighting. And at the end of that , they overlay an image of a rounded rectangle. And kudos to them, they have done a great job with it."
5599302,boost::asio async_write complex structure,5599323,8,,"You'll need to serialize the structure, some options include Boost.Serialization Google Protocol Buffers I've answered several similar questions when using Boost.Serialization with Boost.Asio, here is one that may be useful to you."
27677399,Julia: How to copy data to another processor in Julia,38449393,13,,"Just so everyone here knows, I put these ideas together into a package ParallelDataTransfer.jl for this. So you just need to do (after installing) in order to use the functions mentioned in the answers here. Why? These functions are pretty useful! I added some testing, some new macros, and updated them a bit (they pass on v0.5, fail on v0.4.x). Feel free to put in pull requests to edit these and add more."
11788786,JSF h tags not displaying,11789151,9,,"Add this to your : I think the cause of the problem is that the request is not being passed through the FacesServlet. The page URL did not match the url-pattern of the FacesServlet, thus it had not any chance to parse the tags."
7449772,How to retry a command in Bash?,35977842,15,,I found a script from: http://fahdshariff.blogspot.com/2014/02/retrying-commands-in-shell-scripts.html
51866262,How to turn off Preserve JavaScript console perseverance in Google Chrome,51866424,5,,"This issue has been fixed for me by doing the following: While inspect is open press F1. Scroll to bottom and click 'Restore defaults and reload' . Close Google Chrome. Reopen. Also, you may need to delete Google Chrome and reinstall."
18791827,Vim: Quickly select rectangular blocks of text in visual-block mode,18794191,5,,"I had some fun trying to make a function ""select Visual block around cursor"". You can try it with : It should select any contiguous non-whitespace rectangular block around the cursor. The vertical axis is preferred. Maybe I'll improve it later, but for now you can try if it solves your problem, if you like. As an alternative to my homegrown attempt, you could try the popular plugin textobj-word-column . It gives you text objects to select a column of words or WORDs."
8965349,How build Vaadin project with gradle?,24473903,5,,"While, as was already mentioned above, Vaadin app is a simple web application and does not require any additional plugins but ""java"" and ""war"" (and maybe ""jetty"" to run the app), currently there seems to be the first vaadin-specific gradle plugin available: https://github.com/johndevs/gradle-vaadin-plugin It will help you with Vaadin-specific task like building widgetsets, creating components skeletons, etc."
3786033,How to live with Emacs Lisp dynamic scoping?,3786234,10,,"First, elisp has separate variable and function bindings, so some pitfalls of dynamic scoping are not relevant. Second, you can still use to set variables, but the value set does not survive the exit of the dynamic scope it is done in. This isn't, fundamentally, different from lexical scoping, with the difference that with dynamic scoping a setq in a function you call can affect the value you see after the function call. There's , a macro that (essentially) imitates lexical bindings (I believe it does this by walking the body and changing all occurrences of the lexically let variables to a gensymmed name, eventually uninterning the symbol), if you absolutely need to. I'd say ""write code as normal"". There are times when the dynamic nature of elisp will bite you, but I've found that in practice that is surprisingly seldom. Here's an example of what I was saying about setq and dynamically-bound variables (recently evaluated in a nearby scratch buffer):"
2125702,How to suppress console output in Python?,60327812,7,,Building on @charleslparker's answer : Tests Use this to completely suppress output: Useful (e.g.) to signal completion of long-running scripts.
533256,Concatenate multiple rows in an array with SQL on PostgreSQL,5883122,114,,"This is a Postgres built-in since a few versions so you no longer need to define your own, the name is . (this is Postgres 8.4.8). Note that no is specified, so the order of the result rows depends on the grouping method used (here, hash) ie, it is not defined. Example: Now, I don't know why you get and , since should send the rows in order."
22156413,How to select rows with Chinese-Japanese characters?,22156759,10,,"When working with unicode string you will always need to prefix your string with to tell sql server explicitly that there can be unicode characters in the operation. INSERT, UPDATE, SELECT and DELETE its true for all operations. In your case when selecting data, in where clause you will need to prefix the Search string with . Something like this...."
37855971,HTTPoison upload file,52369322,6,,Some sites require multi-part form data. Try this if the above example does not work for your target.
22696067,Eclipse 4.3.2 with Java 8 patches doesn't recognize source level 1.8,23003292,8,,"If you don't want to use an early 1.5 milestone, please note that m2e 1.4.1 ALSO supports Java 8, and you can install it from this update site: http://download.eclipse.org/technology/m2e/releases/1.4/1.4.1.20140328-1905 It's also on the Eclipse Marketplace: https://marketplace.eclipse.org/content/java%E2%84%A2-8-support-m2e-eclipse-kepler And if you happen to be a fan of JBoss Tools, it's coming directly to JBoss Central: https://issues.jboss.org/browse/JBIDE-17002"
75773786,"Why can't I access GPT-4 models via API, although GPT-3.5 models work?",75778352,6,,"I'll add to Crypto 's answer that is not accessible yet. Currently, only the 8k GPT-4 models are available: One can list all available models as follows (run first): Output on 2023-03-18 if no GPT-4 access: If one has access to GPT-4, the following two models will be added to the list: Note that the access to GPT-4 is tied to both the OpenAI account and the organization ID (on https://openai.com/waitlist/gpt-4-api , one of the fields is the Organization ID)."
8339492,How to append new value to xts object without creating a new one,8340196,7,,"You can use or on an object to append row-wise: EDIT : Note that this produces a warning . To remove the warning, first coerce the value to numeric, e.g:"
8803451,"beginners guide to Amazon Web Services (EC2, S3, RDS, EBS etc)",14861365,9,,"Although all of those resources are good, the best way to dive into using AWS is in my experience CloudFormation . With CloudFormation you are able to script most if not all of your AWS resources in a single json script. By writing your cloudformation scripts and looking through the documentation and sample scripts , you will start to get aquatinted with how all of the AWS toolsets work. Most importantly are there any resources you can reconmend for a newbie like myself to quickly learn and understand the nuances to AWS? As mentioned above, CloudFormation However to make sure I answer your question: If I had to go for one of these what would you recommend? I have read all 3 resources listed and I found Programming EC2 to be the most useful in understanding the AWS toolset"
4403501,"How do I install both 32-bit and 64-bit versions of a COM DLL and ""auto-select""?",4403668,16,,"Both versions can (and indeed should) use the same GUIDs for everything. On a 32-bit machine you can't register or use the 64-bit DLL, so there's no problem there. The 64-bit DLL simply doesn't enter the picture. On a 64-bit machine the 64-bit DLL gets registered in HKLM/Software/Classes/CLSID (etc.) and the 32-bit DLL gets registered in HKLM/Software/Wow6432Node/Classes/CLSID. (I wonder where you got the advice that you can't register the 32-bit DLL on a 64-bit machine...) A 32-bit client running on the 64-bit machine will look in the normal place in the registry, but the OS will silently redirect it to the Wow6432Node key instead."
47191656,Doctrine - DQL- multiple ORs nested within one encapsulating AND,47196286,5,,"You would need to use the class with the query builder. You can read more about the class in the documentation . EDIT: Just realized your initial question asked specifically about DQL. You can use parens in DQL to group things, so something like this."
33869521,how can I enable PHP Extension intl?,55865030,89,,"I wrote this post if anyone come across this question for PrestaShop, I don't know if it will work for Magento2. I solved enabling PHP extension intl for the PrestaShop installation by: Open XAMPP Control Pane. Stop the Apache server if it was started. Then from Config button click on PHP (php.ini) item. Php.ini will open in Notepad (or a default text editor), click Ctrl + F and search for ;extension=intl and remove the semicolon. Then save and close Notepad and re-start the Apache server. These steps for me solved the issue. Note (2): I'm using XAMPP v3.2.3 and PrestaShop v1.7.5.1"
33916761,OpenCV 3.0 - How can I create a cv::Mat from CSV string?,33917946,6,,"Each row of the csv file represent a line. If your image is 1 channel each value is the grayscale value for the pixel: The resulting 3x3 1 channel image is: If your image is 3 channel, 3 consecutive values in each line represent a bgr triplet. For example this: results in a 3x2 3 channel image: The function accepts the string of the csv content, and the OpenCV image type, and returns the image: Take a look at the full code:"
45797663,Invalid data source names - PDO,45797834,6,,Your entire code is totally wrong. first fix : to Then change the following : To : Full correct code :
370976,What are some good computer science resources for a blind programmer?,371030,11,Simucal,"You might find the Experiences of a Blind Computer Scientist a good read. MIT's Open Courseware would be a good resource for you with the amount of videos/audio they have. Really though, for the core computer-science topics I find it pretty hard to beat some of the better textbooks out there. Some offer digital versions of their book with purchase and some don't. For those that don't, I would just purchase the book and then download via a torrent site a digital e-book equivelant. Since you already own the book I don't think this would be a major problem."
16356670,How to close a file using shell script,16356874,6,,"Instead of using vi, try using touch ? Touch is an easiest way to create new and empty files. It is also used to Update the time-stamp. Then update the file contents. In this case, you will not need to "" Close "" your file."
1077412,What is an idempotent operation?,70680999,5,,"An operation is said to be idempotent if executing it multiple times is equivalent to executing it once. For eg : setting volume to 20. No matter how many times the volume of TV is set to 20, end result will be that volume is 20 . Even if a process executes the operation 50/100 times or more, at the end of the process the volume will be 20. Counter example : increasing the volume by 1. If a process executes this operation 50 times, at the end volume will be initial volume + 50 and if a process executes the operation 100 times, at the end volume will be initial volume + 100 . As you can clearly see that the end result varies based upon how many times the operation was executed. Hence, we can conclude that this operation is NOT idempotent. If you think in terms of programming, let's say that I have an operation in which a function takes variable as the input and the output of function is set to variable back. If at the end of the process (that executes this operation 50/100 times or more), my variable holds the value that it did when the operation was executed only ONCE, then the operation is idempotent, otherwise NOT. curly brackets outline the operation if function f returns the square of the input then the operation is NOT idempotent. Because at the end of process will be if function f returns the absolute of the input then the operation is idempotent because no matter how many times a process executes the operation will be at the end of the process. In mathematical sense, idempotence has a slightly different meaning of: here output of is passed as input to again which doesn't need to be the case always with programming."
6142294,Object of class DOMNodeList could not be converted to string,6142364,17,,"Yeah, returns are always a , which is a bit of an odd object to deal with. You basically have to iterate over it, or just use to get a single item: Or you can loop through the values:"
3628899,Do I need to close InputStream after I close the Reader,3629116,11,,"Technically, closing the will close the . However, if there was a failure between opening the and creating the , you should still close the . If you close the [the resource] there shouldn't be a good reason to close the [the decorator]. There are also popular bugs where closing a decorator can throw an exception before closing the decorated. So: There are some complications to watch out for. Some decorators may actually contain native resources due to their implementation. Output decorators will generally need to be flushed, but only in the happy case (so in the not the block)."
17223802,What is the difference between a generator and an array?,17223883,12,,"An array has to contain each value that you're looping over before you start looping; a generator creates each value ""on the fly"" as it is requested, so a lot less memory; An array works with the values it contains, and has to be prepopulated with those values; a generator can create values according to special criteria to be used directly... e.g. a fibonnaci sequence, or letters from a non-A-Z alphabet (calculated by the UTF-8 numeric value) effectively allowing alphaRange('א','ת'); EDIT EDIT Just for fun, here's a generator that will return the Hebrew alphabet as UTF-8 characters"
1742323,TDD vs. Unit testing,1742378,13,,"TDD is about design! So if you use it, you will be sure to have a testable design of your code, making it easier to write your tests. If you write tests after the code is written they are still valuable but IMHO you will be wasting time since you will probably not have a testable design. One suggestion I can give to you to try to convince your team to adopt TDD is using some of the techniques described in Fearless Change: Patterns for Introducing New Ideas, by Mary Lynn Manns and Linda Rising ."
1561846,I want to know about blogger template language,1954881,5,,This: http://www.google.com/support/blogger/bin/answer.py?hl=en&answer=42095 is a fairly comprehensive guide to all the relevant tags in Blogger's template language.
622122,How can I change the css class rules using jQuery?,1827524,13,,You should take this approach only if: You need to set the value to something that is impractical to enumerate (i.e. varying width in pixels) with class names And you want to apply this style to elements that will be inserted in the DOM in the future There is a jQuery plugin that does that: http://plugins.jquery.com/project/jquerycssrule For a small project I worked on I extracted the bare essentials and created the following function:
15436774,How to create mongodb database collection without adding any data?,15436839,6,,http://docs.mongodb.org/manual/reference/method/db.createCollection/ A quick google would have revealed this. Edit The PHP method: http://php.net/manual/en/mongodb.createcollection.php
263965,How can I convert a string to boolean in JavaScript?,10033879,8,,"Like @Shadow2531 said, you can't just convert it directly. I'd also suggest that you consider string inputs besides ""true"" and ""false"" that are 'truthy' and 'falsey' if your code is going to be reused/used by others. This is what I use:"
20136368,how to get data from a form in angularjs/express app,20186182,6,,"It seems you are confusing Angular's single-page-app (SPA) concept with the traditional server based model. With an SPA, the server doesn't do any redirecting or serve HTML. Your server sends JSON, and Angular then renders all the pages client-side. It looks likely that the request object is not being passed correctly to your server-side registration function, and that is why you cannot access req.body. Your Angular code looks correct. I am going to give you some code from my own project that does exactly what you want. Inside your index.js routes routes/signup.js Your html file in the public directory And finally register.js I've tested it, and as long as you fill in all your signup logic on the server-side correctly, it should work for you also. Note: for the redirect to work properly, you will need to set up your Angular routing and create a page to redirect to."
18660014,Redirect standard output and prompt for UAC with ProcessStartInfo,19381478,5,,"must be set to to redirect IO, and to to use the property. So you can't. But this article seems do the magic, although I haven't tested it. It's written in C++, but a wrapper API can easily be created to be called from C# by using . Note: If you want to pass data between the two programs and have access to the target program's source code, you can easily re-design you application to use instead of redirecting standard I/O."
1976025,"the code ""something ? thing : else"" in php",1976107,6,,How about the shorthand syntax for blocks in PHP embedded in HTML? For example Probably doesn't necessarily count as an operator. More of a delimiter here.
60521900,Configure TypeScript target with Create-React-App in development mode,60537553,5,,"Well, it turns out that the problem is easier than it appeared. The NPM cache needs to be cleared after modifying . I'll admit that I did not notice the mention of this in the documentation. When editing the config, you may notice that your changes don't get picked up right away. This is due to an issue in not detecting the change in your . A quick solution is to delete the folder and try again. Supported browsers"
25137345,SendGrid for PHP is slow. Are non-blocking requests possible?,25144450,7,,"To answer the first part of your question: Yes you can make asynchronous requests with PHP , and even ignore the service's response. However, as you correctly say it's not a super great solution. Asynchronous Requests This excellent blog post on PHP Asynchronous Requests by Segment.io comes to several conclusions: You can open a socket and write to it , as described by this Stack Overflow Topic - However, it seems that this is actually blocking and fairly slow (300ms in their tests). You can write to a log file and then process it in another way (essentially a queue, like you describe) - However, this requires another process to read the log and process it. Using the file system can be slow, and shared files can cause all sorts of problems. You can fork a cURL request - However, this means you aren't waiting for a response, so if SendGrid (or some other service) responds with an error, you can't catch it and react. Opinion Land We're now entering semi-opinion land , but queues as you describe (such as a mySQL one with a cron job, or a text file, or something else) tend to be very scalable as you can throw workers at the queue if you need it to process faster. These can be outside your user facing system (and therefor not share resources). Queues With a queue, you'd have a separate service that would be responsible for sending an email with SendGrid (e.g.). It would pull tasks off a queue (e.g. ""send an email to Nick"")and then execute on it. There are several ways to implement queues that you can process. You can write your own - As you seem to want to stay on PHP/mySQL, if you do this you'll need to take into account a bunch of queueing problems and weird edge cases. However, you'll have absolute control and for a simple application maybe this will work. You can implement a self hosted task queue - Celery is meant to be a distributed task queue, øMQ (ZeroMQ) and RabbitMQ can also be used as Task Queues. These are meant to be fast and distributed and have had a lot of thought put into them. You'd need to benchmark them in your system to see if they speed it up. It'd also mean you have to host additional pieces yourself. This however, is likely to be the fastest solution from a communication standpoint. You can pass things off to a hosted task queue - IronMQ and Amazon SQS are both cool hosted solutions which means you wouldn't need to dedicate resources to them, additionally with IronWorkers (e.g.) you could have the other service taken care of. However, since you're trying to optimize a request to an external service, this probably isn't the solution in this scenario. Queueing Emails On the topic of queuing emails (specifically), this is something common to email senders. Like with everything else it means you can have better reliability (because if a service down the line fails you can keep it in the queue and retry). With email however, there's some specific services out there for queueing messages. These are SMTP Servers. Theoretically you can setup a server like sendmail and then set SendGrid as your ""smarthost"" or relay and have the server send to SendGrid. It then queues and deals with service interruptions and sends mail with little additional code. However , SMTP servers are pains to deal with, even if they're just forwarding messages. Additionally, SMTP is even slower than HTTP to establish a connection and therefor probably not what you want, but it's good to know."
9257178,Make objectify suppress memcache exceptions,9257347,5,,"This is actually a known problem with the MemcacheService implementation. By default it is supposed to use the LogAndContinueErrorHandler , which is only supposed to log the error and then continue harmlessly. Unfortunately, when the async API was implemented in the Memcache Service, they mistakenly broke the use of the error handlers - there is an open issue in the GAE issue tracker here which you can star. This therefore leaves you with two options - edit the source of Objectify, and catch/ignore all of the exceptions before they get to you, or wait for the fix to the underlying MemcacheService implementation in the GAE SDK."
11147166,How is index data handled in glDrawElements?,11147216,5,,"Is it possible to set another index array for what texture coordinates and normals are supposed to be used for each vertex. No. For a good reason: Or do I have to create the normal and texture coordinate buffers so that they align with the vertices being drawn? Don't try to see vertex, normal, texture coordinate and so on as different vectors assigned to a vertex (-position). A vertex is actually a compound vector, which covers all those attributes. The old terminology stems from the fixed function pipeline. Modern OpenGL only knows generic vertex attributes. So every index refers to exactly one specific vertex vectors. If there is a difference in any attribute, then it's a different vertex and hence is to be given a different index."
18558368,Is there a generic way to add vendor prefixes in LESS?,18558614,40,,"Notice: The recommendation is to stop rely on this technique and consider using a dedicated prefixing tool (e.g. Autoprefixer , -prefix-free etc.). Hardcoding vendor prefixes via CSS pre-processor mixins (Less, SCSS or whatever) is a pure anti-pattern these days and considered harmful. Auto-prefixing tools will make your code clean, readable, future-proof and easily maintainable/customizable. See for example: Original answer: Well, currently LESS does not support ""property name interpolation"" so you cannot use a variable in property names. There's a hack however: How to pass a property name as an argument to a mixin in less So if you don't mind ""dummy"" properties in the output CSS, here we go: Output: Update: Less v1.6.0 introduced Property Interpolation feature so now you don't need any hacks anymore:"
25505887,Visual Studio 2013: Database Project MSBuild error,27402781,52,,You need to install the last version of SQL Server Data Tools: http://msdn.microsoft.com/en-US/data/hh297027 Make sure to restart VS and then build the solution again. This solves the problem!
13198143,How do I disable git's credential helper for a single repository?,36435803,59,,"With git 2.9 (June 2016), this ( ) will actually work! The configuration variable is cumulative and there is no good way to override it from the command line. As a special case, giving an empty string as its value now serves as the signal to clear the values specified in various files . See commit 2432137 (26 Feb 2016) by Jeff King ( ) . (Merged by Junio C Hamano -- -- in commit 1b68962 , 03 Apr 2016) : let empty credential specs reset helper list Since the key is a multi-valued config list, there's no way to ""unset"" a helper once it's been set. So if your system sets one, you can never avoid running it, but only add your own helpers on top. Since an empty value for is nonsensical (it would just try to run "" ""), we can assume nobody is using it. Let's define it to reset the helper list, letting you override lower-priority instances which have come before. Even more convenient: With Git 2.26 (Q1 2020), this override applies even for any value. See commit 46fd7b3 , commit 82eb249 , commit 588c70e , commit 732f934 , commit 3fa0e04 (20 Feb 2020) by brian m. carlson (``) . (Merged by Junio C Hamano -- -- in commit 2cbb058 , 05 Mar 2020) : use the last matching username in the config Signed-off-by: brian m. carlson Everywhere else in the codebase, we use the rule that the last matching configuration option is the one that takes effect. This is helpful because it allows more specific configuration settings (e.g., per-repo configuration) to override less specific settings (e.g., per-user configuration). However, in the credential code, we didn't honor this setting, and instead picked the first setting we had, and stuck with it . This was likely to ensure we picked the value from the URL, which we want to honor over the configuration. It's possible to do both, though, so let's check if the value is the one we've gotten over our protocol connection, which if present will have come from the URL, and keep it if so. Otherwise, let's overwrite the value with the latest version we've got from the configuration, so we keep the last configuration value. Note: user202729 adds in the comments : If credential helper is set as global and you want to use in a local repository ( change , not remove the helper), use: The first empty item removes the global setting . Equivalently, set two lines and in ."
41285478,When NOT to use database connection pooling in Java?,41285752,10,,"What is a ""database connection"", really? It is a session with your database, and as such: There is a client side and server side session state There is a transaction associated with that session Now, since your client application is multi-threaded, I suspect there is only an extremely limited number of cases where your setup makes sense, namely: You don't use the session state, not even inadvertently (and that may be vendor specific) You don't use transactions and always auto-commit Even with auto-committing, there may be race conditions, so you make sure those don't happen You're very sure that each statement only takes very little time, freeing resources immediately In all other cases, you want one connection per client thread, or in a reactive/async environment, you at least want one connection per isolated database interaction. And because it's expensive to create new connections (i.e. initialise server side session state, etc.) people simply use connection pools. In fact, a connection pool can have only one connection inside of it (as per your requirement), and it is still a good abstraction for you to use. So why write your own connection pool, instead? Regarding your specific questions: So is there any point in using a connection pool? Except for very trivial cases (see above), it is usually good to have a connection pool. Can't I just open a connection to my database at the start of the life-cycle and use that one connection forever, or will it time-out if inactive for too long? You could, of course. There's usually a setting in JDBC drivers or other client libraries to prevent these time outs, or to reconnect. The perfect use-case for such an approach is a migration script, or a batch script, or a simple test script, or a simple Swing application, etc. All of these don't need a connection pool. Do I absolutely have to call close() on my connection after I do something with it, or is it enough call close() on the ResultSet and/or Statement? You should call on connections obtained from (e.g. when the connection pool implements ). You don't have to call on connections whose lifecycle you manage on your own."
439662,What is the difference between #import and #include in Objective-C?,12955248,5,,"If you are familiar with C++ and macros, then is similar to which means that your Class will be loaded only once when your app runs."
75376239,How to Add Labels on a LineMark Chart in SwiftUI,75461921,9,,"The short answer is that the refers to the type of ""Mark"" that you attach it to - and you are attaching it to a , so it is the entire line you are ""annotating"", not the individual points. Had you used s or s, the annotation will attach to the individual bar or point. So try this instead: To make it compatible with your nice symbols, we need to add a couple of extra steps:"
12335316,Get user type in Joomla with PHP,12335330,6,,"You just need to treat usertype as a member, not a method. Documentation: http://docs.joomla.org/Accessing_the_current_user_object You can take a look at the $user object structure by doing a var_dump. Try this, and inspect the output: So if you want to iterate over the groups array, you could do the following: You can also use some joomla methods to return the groups in different ways. You may want to check out this forum thread: http://forum.joomla.org/viewtopic.php?t=530721"
19528898,What can I use to implement a doughnut chart in iOS?,19529288,5,,"I suggest searching on cocoacontrols.com . They have lots of open source controls for iOS and Mac. I didn't se any specifically called ""doughnut chart"" but some of the pie charts controls might offer that option. In fact, it seems that this one does include what you're calling a doughnut chart. It doesn't look like it has built-in support for a label in the middle, but it does create a ring-shaped chart like you want. You could also always create a pie chart and then put a view on top of it that is transparent except for a white circle in the middle, and then put a label on top of that. Getting a little more complex you could modify the CorePlot control and add a filled CAShapeLayer to it."
8406818,Less than or greater than operator issue for index in sql server,8407080,5,,"If the table has very few rows, it is cheaper for SQL Server to scan the clustered index rather than using the non-clustered index and then doing a lookup for the rest of the columns in the clustered index. If that's the case, change the query to SELECT iCount FROM... and you should see the query plan change to using the index as you are expecting."
9398851,How to initialize an array with numbers separated by a specific interval in C#,9399610,18,,"An interesting fact is that every answer posted so far has fixed the bug in your proposed code, but only one has called out that they've done so. Binary floating point numbers have representation error when dealing with any quantity that is not a fraction of an exact power of two. (""3.0/4.0"" is a representable fraction because the bottom is a power of two; ""1.0/10.0"" is not.) Therefore, when you say: You are not actually incrementing ""increment"" by 1.0/10.0. You are incrementing it by the closest representable fraction that has an exact power of two on the bottom. So in fact this is equivalent to: So, what is the value of the tenth increment? Clearly it is which is obviously equal to . You have multiplied the size of the representation error by ten. Any time you repeatedly add together two floating point numbers, each subsequent addition increases the total representation error of the sum slightly and that adds up, literally, to a potentially large error. In some cases where you are summing thousands or millions of small numbers the error can become far larger than the actual total . The far better solution is to do what everyone else has done. Recompute the fraction from integers every time . That way each result gets its own small representation error; it does not accumulate the representation errors of previously computed results."
44134121,Does react native animated native driver support color/backgroundColor?,47419598,11,,"The error is from trying to change while using the native driver (i.e. ). and aren't supported by the native driver at the moment ( https://github.com/facebook/react-native/issues/14178 ). If you want to keep using the native driver, you could try using opacity as a work around to change the color of the text e.g. by placing two text elements with different colors and different starting opacities on top of each other. Then use the event to change the opacity of each element so that the element that's visible at the start isn't visible at the end (and vice versa): I had the same problem today and didn't want to set for performance reasons. But using opacity was an ok work-around for me. Hope this helps!"
3774247,What do we call this (new?) higher-order function?,3774787,6,,"In Python the equivalent is in the itertools receipes and called pairwise. So I would call it: I think this makes sense because when you call it with the identity function, it simply returns pairs."
378225,How to check for a Null value in VB.NET,378263,47,Garry Shutler,"The equivalent of in VB is so your check wants to be: Or possibly, if you are actually wanting to check for a SQL null value:"
8397684,"Type parameter of minBy[B](f: ((A, B)) ⇒ B)(implicit cmp: Ordering[B]): (A, B)",8398311,6,,"You analysis is correct, it should be renamed as C, or something else. The problem is that scaladoc is simply replacing the A in the definition in TraversableLike with a Tuple (A, B) because it's a map. This is the definition from TraversableLike: because it's a map, scaladoc replaces the (A) with a tuple (A, B). which as you observe, isn't actually the correct signature. This is a known issue, scaladoc does not disambiguate between same-named type parameters . Vote it up or submit a patch!"
10235002,Is there a way to make a multi line comment in hive scripts,10308252,30,,"As per my knowledge, multi-line comments are not supported in Hive scripts as of now. Seems like this JIRA introduced only single line comments, starting with -- in Hive 0.8"
57047000,Django Rest Framework Swagger stopped working,57049607,5,,"I would presume your dependencies in are not specific enough, and rebuilding the container has installed a later version of djangorestframework. Check for a line in your pipfile like , and this should be changed to either pin a specific version , or pin it to a specific minor release so you will still receive bug fixes and security updates . These lines can also be used directly with pip, incase your container build uses pip directly, e.g."
3802054,Run Logback in Debug,5884505,7,,"This is how I do it. I set a system property called 'log.level', then I reference it in logback.xml. Edit: The downside is that you MUST have 'log.level' always set. The way I deal with this is to check in my main method and set it to INFO if not already set, be sure to do this before you first logging calls. Then I can override on the command line, and have a sensible default. Here is how it looks in my logback.xml:"
3704512,Using DynamicMap() and ignore null source value,3993115,32,,"If you want all source properties with null values to be ignored you could use: Otherwise, you can do something similar for each member. This will get quit tedious if there are a large number of properties."
24451427,What's the difference between the ItemTapped and the ItemSelected event on a ListView in Xamarin.Forms?,24473768,18,,"is a state while is a motion event . All views can be tapped and if I remember correctly all views can be selected (or at least activated there is a subtle difference), the two don't have to go together but they usually do. For example you'd have an item's selected state toggled each time a tapped motion event has occurred. Once again just to make it more clear you can associate the changes of the selected state to whatever you need whether it's a motion event like tapping or long pressing or double tapping and so on or to some other event or logic. Hope it helps and good luck!"
28756041,MongoDB: Updating an average in a document with 2 nested arrays,28769015,6,,"You cannot use to update a document, but you can definitely use it to get the data you want to use for an update. First of all, I noticed that there are some missing around your object inside the array. You might want to double check that your document structure is as posted. Secondly, there are a couple of issues with your aggregation query. The operator works inside a clause, not a . When you use , you do not need to use . You want to average , which actually holds the numeric value of the grade. That is, you are missing between and . If you resolve those issues, you get a query similar to the following: For your sample document, that returns: Now you can use this information to update the field. If you're using MongoDB version 2.6 or higher, the method will return a cursor. You can iterate through that cursor and update the documents accordingly. In this example, I search for documents that have a particular inside their array and proceed to update the with the one computed by the aggregation query. You can modify it to suit your needs. Combined with the aggregation query, the code looks like this."
50724984,"Generate HTML to show custom questions with the correct type (text, checkbox, ...) and add the required attribute properly",50780923,6,,Replace your getHtmlInput() with this and blade code with this you need to set the name attribute same of same group options in order to work required option properly. But in your code all options including of different option groups are sharing same name attribute. The above code is not tested. But I hope it will work for you
30062,Boolean Field in Oracle,30072,89,ColinYounger,"I found this link useful. Here is the paragraph highlighting some of the pros/cons of each approach. The most commonly seen design is to imitate the many Boolean-like flags that Oracle's data dictionary views use, selecting 'Y' for true and 'N' for false. However, to interact correctly with host environments, such as JDBC, OCCI, and other programming environments, it's better to select 0 for false and 1 for true so it can work correctly with the getBoolean and setBoolean functions. Basically they advocate method number 2, for efficiency's sake, using values of 0/1 (because of interoperability with JDBC's etc.) with a check constraint a type of CHAR (because it uses less space than NUMBER). Their example:"
6004073,How can I create directories recursively?,41146954,455,,starting from python 3.2 you can do this: thanks to the flag this will not even complain if the directory exists (depending on your needs....). starting from python 3.4 (which includes the pathlib module ) you can do this: starting from python 3.5 also has an flag - setting it to will raise no exception if the directory exists:
2493507,maven report on licenses your project depends on,6470313,16,,Also take a look at License Maven Plugin . The goal can be used to create a list of licenses associated with each dependency. The goal also provides functionality to allow you specify information about missing licenses.
48773010,How to add index signature in TypeScript,48773258,19,,"The type of your accumulator in the call is almost certainly the issue. Since it is just given as , that's what its type is inferred as, and the type doesn't have an index signature. You can fix this by casting your initial value so that it does include a signature: I gave the index signature type , but you may want to make it something more specific for your particular case."
10329903,Efficient complex arithmetic in x86 assembly for a Mandelbrot loop,10329974,6,,Look at the disassembly from your favorite compiler. If you're looking to perform this computation for several values of and (like calculating a mandelbrot image) I suggest you work on four values at once and put these in SSE registers. If you look at the code in Paul R's answer you could do all these calculations for four values at once:
38030550,QFile::copy returns true even though copy failed in Windows,38047319,6,,"When your application does not have permissions for writing to some directories, the files are stored into the Windows Virtual Store located at . So in fact your file is successfully saved (albeit the path is redirected), that is why returns . This redirection is called UAC Virtualization , and it works for , , and . I guess the most genuine way to avoid such problems is to stick to saving configuration data in the designated locations such as application data (which in the context of the Qt framework will also meet the terms of cross-platform code)."
10090326,How to extract specific bits from a number in C?,10090405,12,,It can be done like this: where is the original integer and is the extracted bits. The is constructed like this: Now is shifted right by bits to align the desired bits to the left. Then a bitwise AND gives the result.
1334055,What Happens When Stack and Heap Collide,1334071,8,,You get an out of memory exception or stack exception if you are lucky. If you are unlucky the program heads off into a invalid memory and either throws a bad memory exception. If you are extremely unlucky the program carries on and trashes something it shouldn't and you never know why your program failed. Finally of course the universe may crack.
58010053,js/app/js file net::ERR_ABORTED 404 (Not Found),58017657,7,,"This problem happened to me but with Laravel 6, I solved it this way sorry if my English is not well written"
16316308,C++ uninitialized array of class instances,16316360,8,,"The C++ equivalent to is the allocation function . You can use it like so: You can then construct a particular object with placement new: Replace with whichever offset you wish to initialise. However, I wonder whether you really want to be doing this dynamic allocation yourself. Perhaps a or would suit you better, so that you can create a at any index."
769882,ReSharper Abbreviations List: Where can I modify it?,43612097,9,,For ReSharper 2016 / 2017 this can be found under >> >> >> >> >> >> Depending on the language you will find it under different places.. Somtimes you will find it under >> >> >> >> >> Screenshot:
2830223,ruby on rails: audio/mp3 content header download,2830820,6,,"Found the answer. send_file should be used in the controller. There are some other considerations with rails process limitations: See here: http://www.therailsway.com/2009/2/22/file-downloads-done-right Also, send_file http://apidock.com/rails/ActionController/Streaming/send_file"
11056141,How to generate model from database using Dapper?,11056526,7,,"Dapper itself provides few extension methods (Query, Execute) for the connection object and does not have ""model generator."" Perhaps some other framework can be used to generate POCO's based on the db schema. Update: Database tables to C# POCO classes T4 template"
14514672,Can Rcpp package DLLs be unloaded without restarting R?,14522026,5,,"If you want to do this in your main R session (without using RStudio, which makes reinstalling the package and reloading R very easy), you can use devtools: Among other things, will reload all your R code, and re-compile and reattach the DLL."
3407023,What does ORG Assembly Instruction do?,29518582,12,,"ORG is merely an indication on where to put the next piece of code/data, related to the current segment. It is of no use to use it for fixed addresses, for the eventual address depends on the segment which is not known at assembly time."
5046175,"Menu displayed on all pages, code is replicated in all controllers",5046197,5,,Notice that your controllers all inherit from . Use this to your advantage. Add a to that loads your collections.
5723272,Debugging javascript on Android tablets/phones?,5723317,5,,"Android doesn't (currently) have a WebInspector like Chrome/Chromium does. You can still look at any console.log() messages fired under in logcat. Source: http://developer.android.com/guide/webapps/debugging.html Also, whilst Firefox 4 is available for Android, Firebug currently isn't supported on the mobile version of the browser."
10143067,Dynamics CRM 2011 - LINQ - Retrieving connections between Accounts and Contacts,10143374,5,,Edit: Updating answer to match requirements. Details of connections are stored in the Connection entity set.
54538116,Code 14 when Dockerizing Web App Using node.js and MongoDB,57275624,6,,"I am assuming you are running Docker on Windows, and if so, I experienced the same issue and found the answer in the below post: Windows Docker mongo container doesn't work with volume mount The problem is that the volume mount is specified as a host volume. I resolved my issue by changing my volume mount to be a named volume. If you need to use host, you might be able to use the tool specified in the answer to the question I linked. My docker-compose.yml file"
11964896,Eclipse Plugin Issue: icons/images show fine locally but not from jar/update site.,11965405,9,,"Typically you should use the icons folder approach. Ensure the folder is exported in the build.properties file (under the bin.includes section). If you use the MANIFEST.MF editor and tick the icons folder in the ""Binary Build"" section of the ""Build"" tab. The src folder is treated differently - it assumes there is code to compile and the compiled output is included, not the original folder. It ""works"" when running from an eclipse with the plugin in the workspace because the workspace directory is used instead of the compiled plug-in. You can load the image using the imageDescriptorFromPlugin from AbstractUIPlugin . For example use;"
5245846,How to identify when SIM changed in iPhone?,5247094,5,,You are able to sign up for a notification using in CTTelephonyNetworkInfo However you will only be notified if the swap occurs while your app is running. You will still be unable to detect if the user changes the SIM to another SIM from the same operator when your app is not running.
60593153,Why isn't the following code working the way it should?,60593180,5,,"String#capitalize returns a copy of the object with the first letter capitalized. What you're basically doing is looping through your array and generating new copies of the strings, but then immediately throwing them away. You have a couple of ways to approach this: You can use #map rather than #each to take each result of your loop block body and collect it into a new array: Or, if you actually want to mutate the original strings, use String#capitalize! rather than , which mutates the input object, rather than returning a new object: While it may seem tempting to use the mutative version, it is frequently a good idea to use non-mutative methods to produce transformations of your data, so you don't lose your original input data. Mutate-in-place can introduce subtle bugs by making the state of the data harder to reason about."
22655059,Why is it OK to return a 'vector' from a function?,22655120,69,,"Can we guarantee it will not die? As long there is no reference returned, it's perfectly fine to do so. will be moved to the variable receiving the result. The local variable will go out of scope. after it was moved (or copied)."
16245767,Creating a Blob from a base64 string in JavaScript,59578316,26,,"For all copy-paste lovers out there like me, here is a cooked download function which works on Chrome, Firefox and Edge:"
7042976,Google Chart Tools API in Phonegap application for Android?,7129787,6,,I´ve found the answer to my problem. I discovered that Android (I´m working with version 2.2) has not yet SVG display support enabled. So the Google chart tools API and the Visualization API in general can´t be used as it relies on SVG format. It´s a shame. I hope soon this will be fixed. Here is a link to the issue tracker where comments on the subject are posted: link
78126382,How can I find the number of identical matrices/data frames in my list,78126450,6,,"Pairwise matrix of any duplicated elements You can use for this: Or to get the indices: Indices of any duplicated elements If you want to know the indices of any duplicated data frames (but not necessarily which elements they are identical to) you can create a small helper function using the base function. Note that compares each element to the previous element, so the first time an element that appears more than once is seen it is not considered duplicated. The helper function runs from the start and end ( ) so we get the indices of all elements that appear more than once. List of unique data frames If you just want to a list of the unique data frames you can do:"
21223278,"mysqli_query() expects parameter 1 to be mysqli, object given",21223301,13,,"You want to pass in instead of . As in: As it stands, you're passing in an instance of your class, rather than a mysqli, which is what the error messages are complaining about."
43817650,how to do horizontal scroll in ionic 3,59396948,6,,"This simple CSS styling will get your job done more easier. Wrap your content inside a and add the below styling to that . This should work irrespective of any Ionic version. However, I'm using Ionic 5 . CSS / SCSS HTML You can check here for working example that I've created."
64647404,Flutter/Dart find unused files or widgets,68805720,27,,"2023/08/23, as commented by Tommy Chang and others, The GitHub package has been discontinued and is no longer supported. At the moment, it is only available as a paid service, costing $8 per month. However, as of right now, it still functions but limits your project to older package versions. https://github.com/dart-code-checker/dart-code-metrics Dart code metrics: https://pub.dev/packages/dart_code_metrics supports finding unused files for Flutter. Install: run ""flutter packages get"" or use your IDE to ""Pub get"". run: result: How to find unused dart or flutter files (Medium) Introduction to dart-code-metrics (Medium) Code-metrics can also give insight in: Cyclomatic Complexity Lines of Code Maximum Nesting Number of Methods Number of Parameters Source lines of Code Weight of a Class"
44399422,Read file from resources folder in Spring Boot,49468282,200,,"After spending a lot of time trying to resolve this issue, finally found a solution that works. The solution makes use of Spring's ResourceUtils. Should work for json files as well. Thanks for the well written page by Lokesh Gupta : Blog To answer a few concerns on the comments : Pretty sure I had this running on Amazon EC2 using Look at my github repo : https://github.com/johnsanthosh/image-service to figure out the right way to run this from a JAR."
8447701,C++ Parsing Library with UTF-8 support,8624702,5,,"Parsers work on streams of tokens, it's not their duty to understand the encoding. Therefore parsers tend to be encoding agnostic. What you seem to be asking is about a UTF-8 aware lexer. However, most of the time lexers don't need to be UTF-8 aware either in order to tokenize UTF-8 streams: For most programming constructs, you will be comparing values of the ASCII subset of UTF-8 directly. For example, to tokenize a plus operator you compare the byte to '+' as-if it was plain ASCII, and it will work correctly in UTF-8 too by the virtue of UTF-8's ingenuity. Similarly when tokenizing a string literal, you would simply scan till the next occurrence of the quotation mark, including all the UTF-8 bytes in the string as-is; no special handling needed. And I doubt that your goal is to support numbers written with Urdu numerals. As for identifiers, as a fellow programmer, I'd strongly discourage you from adding support for non-ASCII characters. You could simply assume that all non-ASCII bytes are a part of an identifier, but it's not going to be useful. The issue is not just to classify which characters are considered to be 'letters' according to Unicode, but also to define sensible comparison of those strings later on in your compiler/interpreter. You'd need to determine which normal form to use, and none of those will necessarily match user's expectations. The bottom line is that, before asking for a ""UTF-8 parser"", you should first understand some of the complexities of Unicode, and then define which features you'd expect such parser to possess."
68257249,Why are shap values changing every time I call shap.plots.beeswarm?,68283098,9,,"Thanks to @jared_mamrot I could find a solution. I just had to change the code of shap's function beeswarm : replaced by : Make sure to import the library at the top of the code : Edit : If you don't want to change the source code, just give a deep copy of shap_values while calling beeswarm like so :"
76895472,Efficiently enumerate all possible matrices with given constraints,76929031,10,,"The question boils down to generating all realizations of a degree sequence as a simple undirected graphs. igraph presently contains the following related tools: creates a single realization (we want all). does a random sampling of realizations, and some of the methods it implements ensure uniform sampling. tests if any realization exists at all. If it does, we call the degree sequence graphical . This will be the basic building block for our algorithm below. Suppose our degree sequence is . We can draw this as follows: To generate all realizations, we need to connect up the stubs in all possible ways. Some of these ways will lead to multi-edges or self-loops, i.e. a non-simple graphs. We need to discard these. The trick to efficient generation of all simple realizations is to detect early if we'd be forced to create a non-simple graph and stop. We can do this as follows. Let us take the first vertex, which has stubs. There are other vertices we can connect these two stubs to. There are ways to do so, namely the following: Can we reach a simple graph from all three of these configurations? Notice that after connecting all stubs of vertex 1, what remains is a degree sequence of vertices 2, 3, 4, which may or may not be graphical. We call this the reduced degree sequence. For these three cases, we have: (Discarding the first vertex whose degree now became 0, and no longer needs to be considered.) Only the second of these is graphical, so we only need to continue the construction along this path. Taking then the second remaining degree sequence , we can recursively continue the construction in the same manner, obtaining the single possible realization for our starting degree sequence: Expressing this recursive constructions in pseudocode: I have an implementation of this in Mathematica, but I am not fluent enough in R to be able to take the time to implement it in that language. I should note that there are more efficient ways to do the enumeration, but they are a bit more complicated. Here we take the first vertex, and connect all its stubs in all possible ways to the rest of vertices. Then out of these possibilities, we only consider the feasible ones, i.e. those that led to a graphical reduced degree sequence. It is possible to take just a single stub of the first vertex, connect it, and already decide if it is feasible to continue. This can be done using the star-constrained graphicality theorem from this paper ."
32659134,Python Post call throwing 400 Bad Request,32659886,29,,"Try using (install with ) instead of . Also, enclose your data as in the request body, don't pass them as URL parameters. You are passing data in your example as well. EDIT From https://2.python-requests.org/en/master/user/quickstart/#more-complicated-post-requests : Note, the parameter is ignored if either or is passed. Using the parameter in the request will change the in the header to ."
25827895,ATI Radeon HD 5770 GPU OpenGL 4.1 support?,25827973,6,,"When you initialize the OpenGL context, you have the possibility to request a Compatibility profile (up to GL 2.1), or a Core Profile. You need to enable a Core context to use OpenGL 4.1 functionalities. The process to achieve this depends on the library which creates the context (SDL, GLU, Apple's GL framework etc.), but it is often a simple flag to pass to the init function."
7231778,Struts 2 text box arrangment,7232378,5,,"That is because of default struts2 theme factor xhtml which is showing the output html in table structure Change the theme to simple ans use your own css/HTML way to customize the output crate a struts.properties file and add the following entry this will change the theme for whole application as struts2 tags will no longer generates HTML/table code for you else u can override the theme per page basis like alternate way can be what ""Steven"" suggested"
50330153,How to access the mainWindow from another script in Electron?,68657748,9,,"The accepted answer is still correct, but quite old, and in the meantime the Electron team decided to slowly deprecate the module (more info here and here ): However, I was able to fix it by using , which makes only one tiny assumption that the window which triggers the MsgBox is the one being currently focused (my guess is that in 99% of the cases that's true). Here's the updated code:"
24149159,removing draft file after saving permanently in moodle File API,24151874,8,,"Wait a few days - Moodle's cron process automatically cleans up draft files after that point (the delay is to make sure you haven't still got a copy of the form open and in use). Remember that the draft area files are taking up no extra storage space on your server, as all files with identical content are stored only once, with multiple entries in the 'mdl_files' table all pointing to the same physical location on the server's hard disk."
27475169,How do you get the thumbs up HTML entity to display properly on Chrome?,27475207,5,,"In general, for emoji entities like this, you can't rely on the end user's font including it. This is especially true of Chrome (as of December 2014), which is the last major remaining browser where rendering emoji doesn't work by default. You're best off using an image here. A custom font is also a good solution (hat tip to @Vucko)."
3516177,Silverlight 4 - does install require administrator privileges?,3516309,5,,"Yes, it does. The following link contains resources for Silverlight in general: http://www.microsoft.com/silverlight/resources/ The ""Silverlight Enterprise Deployment Guide"" is the document you are looking for: http://download.microsoft.com/download/C/D/5/CD5AAAE3-21F7-47A8-B7D5-39E36BAF9AC8/Silverlight_Deployment_Guide.docx This document is updated for SL4. Page 22 of this document states that a user must be members of the Administrators group if they are installing it by themselves."
54871524,Elastic Load Balancer pointing at Private Subnet,54889997,8,,"The only way I can get it to work reliably is by pointing it at two public subnets. This is by design. Internet-facing Application Load Balancers (ALB) and Classic ELBs must be provisioned exclusively in public subnets. This is always true, regardless of whether the instances behind the balancer are in private subnets or not. If the balancer is placed in private subnets, the browser can't establish a connection to the balancer, because the default route of the balancer's subnet is something other than the Internet Gateway -- so the balancer's replies are misrouted and the connection times out. The timeouts become intermittent if the balancer is on a mix of public and private subnets, because some connections reach the balancer via a public subnet (and work) while others reach the balancer via a private subnet (and don't). The balancer does not need to be on any private subnets, because the VPC route table always contains an implicit route that allows all subnets within the VPC to reach all other subnets, subject only to security group and Network ACL rules. There is no performance disadvantage to having the balancer in entirely different subnets than the instances."
191740,Give DROP PROCEDURE a parameter,191773,7,Cervo,The full answer is: The one given by Andrew will only work if the default database for your login is set to the database you want. When using dynamic sql you get a new database context. So if you do not have a default database set you will execute the command from master.
28952231,"Why is ""Init"" in std::ios_base::Init uppercase?",28952575,27,,"In an early draft of the IOStream classes you can see that was originally not present, was the base class and was responsible for and other members which were later separated into . also had (and still has ) an function, and while the two names did not necessarily have to be distinct, presumably to try and avoid confusion it was decided to name the class and the function . Also, without this distinction something like the following would have been necessary when using the class: The idea of having a separate class responsible for initializing the standard streams goes back to at least CFront 3.0, as can be seen by in this header. At some point it was decided not only to make the class a member of / / but that it should be renamed . In any case it makes sense to disambiguate the two, even considering the fact that they were ultimately placed in separate classes. They could have chosen completely separate names instead, but presumably / was considered as the best semantic choice to describe what the class and function do, and there's also a chance it was simply mimicking the older , which for some reason also starts with an uppercase ."
29200080,How to debug OSX code signing rejection?,29221163,9,,"I presume you're talking about Gatekeeper not allowing your app to run after it's downloaded? Gatekeeper's rules aren't based on a list of rules to reject an app, they're based on a list of possible rules to accept an app, and if your app doesn't match any or those rules. This makes it hard to log e.g. why your app was rejected beyond ""it didn't match any of the allow rules"". Now, if you know which ""allow"" rule you expected to apply to it, you can try to debug it based on that, but Gatekeeper itself doesn't know this and hence isn't much help. I'm assuming you want your app to be allowed under the ""identified developer"" rule? If so, there are a couple of tests to look for obvious problems: first, run , and make sure it prints ""valid on disk"" and ""satisfies its Designated Requirement"" (and doesn't give any errors) -- if not, something's wrong with the signature or the contents of the app. Second, run , and make sure it the data it lists includes: If the Authority list is different from that, you used the wrong certificate to sign it. If the Sealed Resources version is 1 or not listed, you signed it with an old version of OS X, and recent versions will reject the signature format."
27679569,C++ table alignment - cout and iomanip,27679580,7,,The string is 7 wide and you are trying to fit it into a 5 wide column. That pushes the first row over by 2 columns. Try making your first column 7 wide rather than 5 wide instead:
6494096,"VB.NET - Given a date, how can I get the date of the following friday?",6494200,9,,Edit: Updated the answer to allow a startdate (optional). Get next friday: What is the next friday after 15 days from now:
268629,How to stop BaseHTTPServer.serve_forever() in a BaseHTTPRequestHandler subclass?,22493362,10,,"In python 2.7, calling shutdown() works but only if you are serving via serve_forever, because it uses async select and a polling loop. Running your own loop with handle_request() ironically excludes this functionality because it implies a dumb blocking call. From SocketServer.py's BaseServer: Heres part of my code for doing a blocking shutdown from another thread, using an event to wait for completion:"
25090084,How to undo click in android switches?,27803831,5,,I would go with instead and catch the callback. Then just the switch if you don't want to follow through with the click. Don't use the callback because you will end up with an infinite loop by calling inside. Example
4705588,NSXMLParser example,4706056,10,,Something like this. Note I havent really tested this code on compiler so there will be syntax errors here & there.
10505717,How is this grammar LR(1) but not SLR(1)?,16162231,13,,"I don't have enough reputation to comment on the above answer, and I'm a bit late to this question, but... I've seen this grammar as an example elsewhere and the OP actually made a typo. It should be: S ::= A a | b A c | d c | b d a A ::= d i.e., the very first clause of S is ' A a', not 'a A '. In this case the FOLLOWS set for A is { $, a, c} and there is an SLR conflict in state 8."
52600527,FlywaySqlException: Unable to insert row for version `11` in Schema History table `schema_version`: Field `version_rank` doesn't have a default value,52609792,5,,"It looks like this problem occurs if you upgrade from Flyway 3.x straight to 5.x, bypassing 4.x. Spring Boot 1.5 uses Flyway 3.x by default, whereas Spring Boot 2.x uses Flyway 5.x. From the Flyway 5.0.0 release notes : Important note for users upgrading from Flyway 3.x: This release no longer supports a schema history table upgrade from Flyway 3.x. You must upgrade to Flyway 4.2.0 first before upgrading to Flyway 5.0.0 . From the Spring Boot 2 Migration Guide : Upgrading to Spring Boot 2 will upgrade Flyway from 3.x to 5.x. To make sure that the schema upgrade goes smoothly, please follow the following instructions: First upgrade your 1.5.x Spring Boot application to Flyway 4 (4.2.0 at the time of writing), see the instructions for Maven and Gradle. Once your schema has been upgraded to Flyway 4, upgrade to Spring Boot 2 and run the migration again to port your application to Flyway 5. The migration guide also links to a blog post with an alternative approach. There was issue raised about Spring Boot skipping Flyway 4.x and one against Flyway for the version_rank exception you were getting. Looks like quite a few others have hit this same problem."
12703698,Open links in external browser in WebView (WinRT),23488867,11,,"Try to handle NavigationStarting event. Here you can intercept and cancel loading of URL. You can filter which link to open in web view, and which to open in the default browser."
53481088,Poppler in path for pdf2image,53539577,100,,"pdf2image is only a wrapper around poppler (not propeller!), to use the module you need to have poppler-utils installed on your machine and in your path. The procedure is linked in the project's README in the ""How to install"" section."
14047241,Simple example for ImpredicativeTypes,14065493,7,,"Here's an example of how one project, const-math-ghc-plugin , uses to specify a list of matching rules. The idea is that when we have an expression of the form , we want to look up the appropriate rule based upon the primop name. A will be either a or ( is a ). If we find a rule, we want to apply the function for that rule to converted to the correct type. The function does this for unary functions. The first argument needs to have a Rank-2 type, because it will be instantiated at either or depending on the literal constructor. The list of rules looks like this: This is ok, if a bit too much boilerplate for my taste. However, there's a similar function . In this case, the rules are different for different GHC versions. If we want to support multiple GHCs, it gets a bit tricky. If we took the same approach, the definition would require a lot of CPP, which can be unmaintainable. Instead, we defined the rules in a separate file for each GHC version. However, isn't available in those modules due to circular import issues. We could probably re-structure the modules to make it work, but instead we defined the rulesets as: By using , we can keep a list of Rank-2 functions, ready to use for the first argument to . The alternatives would be much more CPP/boilerplate, changing the module structure (or circular imports), or a lot of code duplication. None of which I would like. I do seem to recall GHC HQ indicating that they would like to drop support for the extension, but perhaps they've reconsidered. It is quite useful at times."
49642682,"How should I use font file for bold, italic, etc in html canvas?",49642899,7,,"You will need to define your font in css using with all the weights. Define same for all the styles, just differentiate them with like below and then use it in your elements like Or you can use html to embed your font like"
43778883,npm ERR! code ENOTEMPTY while npm install,70025258,65,,"I think the following command might be more appropriate: This will remove the folder in your repository. The command should work now. If you are using Webpack, you can also remove the folder using and re-build your repository."
3871051,why scala can't infer the type of method parameters,3871172,11,,"First of all the situation in Scala is quite a bit different than in Haskell because it's an OO language and type-inference in an object oriented setting is a bit more complicated. The only OO language that I know which comes close to full type inference is OCaml. OCaml does so by making extensive use of structural typing (the inferred type of in is ""Object which has a method which takes an as an argument"" and the inferred return type is ""whatever the return type of is"", which is the only useful type to infer here). However Scala has many additional features (overloading, implicit conversions) that get in the way of OCaml's approach and make full, global type inference impossible."
16205449,Do #ifndef prevent defining a function twice when linking two object file?,16205492,5,,"You must understand the difference between a function declaration (a statement that a function with a given name and signature exists) and a function definition (the code that determines what the function actually does). If you define the function in the header, then the function will be defined in each object file, and you will get a conflict when you try to link them together; will not solve this problem. There will be no such problem if you declare the function in the header, and define it in a source file (which must be compiled into an object, and linked with the objects that use it). In this simple case, is not needed. For example, the function can be declared in : and defined in : The macro solves a different problem."
1646059,add a new Color scheme to the Rad Studio,1646517,5,,"It doesn't look easy at first glance. I found the following under then HKCU path: \HKCU\Software\CodeGear\ETM\12.0\Color with the following sub-keys List item Classic Default Ocean Twilight Each key has what appear to be color constants but there doesn't appear to be enough constants to make it the right section. The list of values under each key: Auto_TranslatedItemColor EditBackgroundColor EditForegroundColor IsOEM Non_editBackgroundColor Non_editForegroundColor SelectionBackgroundColor SelectionForegroundColor TranslatedItemColor UntranslatedItemColor UnusedItemColor That's all I've got, with out spending a lot more time from the looks of it. It's probably stored in a BPL as a Opentools API object."
37806066,Parquet vs Cassandra using Spark and DataFrames,37813880,16,,"Cassandra is also a good solution for analytics use cases, but in another way. Before you model your keyspaces, you have to know how you need to read the data. You can also use where and range queries, but in a hard restricted way. Sometimes you will hate this restriction, but there are reasons for these restrictions. Cassandra is not like Mysql. In MySQL the performance is not a key feature. It's more about flexibility and consistency. Cassandra is a high performance write/read database. Better in write than in read. Cassandra has also a linear scalability. Okay, a bit about your use case: Parquet is the better option for you. This is why: You aggregate raw data on really large and not splitted datasets Your Spark ML Job sounds like a scheduled, not long-running job. (onces a week, day?) This fits more in the use cases of Parquet. Parquet is a solution for ad-hoc analysis, filter analysis stuff. Parquet is really nice if you need to run a query 1 or 2 times a month. Parquet is also a nice solution if a marketing guy wants to know one thing and the response time is not so important. Simply and short: Use Cassandra if you know the queries. Use Cassandra if a query will be used in a daily business Use Cassandra if Realtime matters (I talk about a maximum of 30 seconds latency, from, customer makes an action and I can see the result in my dashboard) Use Parquet if Realtime doesn't matter Use Parquet if the query will not perform 100x a day. Use Parquet if you want to do batch processing stuff"
49428332,How to download large files (like weights of a model) from Colaboratory?,59371099,20,,"If you have created a large zip file, say my_archive.zip, then you can download it as following: Mount your Google drive from your Google colab Notebook. You will be asked to enter a authentication code. Copy the zip file to any of your google drive folder (e.g. downloads folder). You may also copy the file on 'My Drive' which is a root folder. Finally, you can download the zip file from your Google drive to your local machine."
41823446,"When user sends message to my bot, he receives Welcome message. But when user respond to that, bot sends Welcome message again. How can I fix this?",41837068,7,,"I believe this could be related to a change that was rolled out a few days ago; where Direct Line will send more messages than it used to. Check the announcement and a related issue (similar to yours, but in ). The first is sent when the bot is added to the conversation. After that, each additional is sent when a new user joins the conversation. So, I think the solution here will be to check the members added ( )"
14127576,Install IPA with iTunes 11,14161279,90,,"In iTunes 11 you can go to the view menu, and ""Show Sidebar"", this will give you the sidebar, that you can drag 'n drop to. You'll drag 'n drop to the open area that will be near the bottom of the sidebar (I'm typically doing this with both an IPA and a provisioning profile). After you do that, there will be an apps menu that appears in the sidebar with your app in it. Click on that, and you'll see your application in the main view. You can then drag your application from there to your device. Below, please find a video (it's private, so you'll need the URL) that outlines the steps visually: http://youtube.com/watch?v=0ACq4CRpEJ8&feature=youtu.be"
31413042,Toggle Material Design Lite checkbox,41970606,11,,"For those of us (everybody) that have an id or even a class on the element vs the parent , the trick is to run the MDL method on the parent. Otherwise you get an error. So, for example:"
2922954,Getting the names of all files in a directory with PHP,25988433,62,,SPL style: Check DirectoryIterator and SplFileInfo classes for the list of available methods that you can use.
63642492,How can I exclude auto-generation code when I search text in Android Studio?,63693036,7,,"Follow these steps to directly achieve the goal: 1. Press Ctrl + Shift + F to open window, then go to tab: 2. Click on options button: 3. Click on then to add a new scope: 4. Choose a name for it and press : 5. In box, put , then press and : 6. Now, all generated source codes are excluded in the result of :"
5125851,enable/disable zoom in Android WebView,14751673,10,,"Ive modifiet Lukas Knuth's solution a little: 1) There's no need to subclass the webview, 2) the code will crash during bytecode verification on some Android 1.6 devices if you don't put nonexistant methods in seperate classes 3) Zoom controls will still appear if the user scrolls up/down a page. I simply set the zoom controller container to visibility GONE"
26908228,Gradle DSL method not found : 'multiDexEnabled()',26916790,6,,"Make sure the dependencies in your app's gradle file have this lines: } Also, in your global (Project) gradle file, make sure you have the latest gradle version. In your SDK manager, make sure you have the latest support libraries and repo. In your AndroidManifest.xml. add the following line: You can read the entire documentation here ."
9590114,importance of PCA or SVD in machine learning,9604408,16,,"The Singular Value Decomposition is often used to approximate a matrix by a low rank matrix : Compute the SVD . Form the matrix by keeping the largest singular values and setting the others to zero. Form the matrix by . The matrix is then the best approximation of rank of the matrix , for the Frobenius norm (the equivalent of the -norm for matrices). It is computationally efficient to use this representation, because if your matrix is by and , you can store its low rank approximation with only coefficients (by storing , and ). This was often used in matrix completion problems (such as collaborative filtering) because the true matrix of user ratings is assumed to be low rank (or well approximated by a low rank matrix). So, you wish to recover the true matrix by computing the best low rank approximation of your data matrix. However, there are now better ways to recover low rank matrices from noisy and missing observations, namely nuclear norm minimization. See for example the paper The power of convex relaxation: Near-optimal matrix completion by E. Candes and T. Tao. (Note: the algorithms derived from this technique also store the SVD of the estimated matrix, but it is computed differently)."
20926551,Recommended way of making React component/div draggable,39192992,52,,"The answer by @codewithfeeling is horribly wrong and lags your page! Here's a version of his code with issues fixed and annotated. This should be the most up to date hook-based answer here now. See this code live here , a version with improved positioning of cursor with constrained here and hardcore hook showcase here . (Previously this answer was about pre-hook React, and told the answer by Jared Forsyth is horribly wrong . It doesn't matter the least now, but it's still in edit history of the answer.)"
1786309,"forcing excel to display a negative number as ($0,000)",1786427,5,,"You can set the number format of a cell to a custom format like: That will put parentheses around negative numbers. If you want to display it exactly like ($0,000) you can do that with You can set the custom format manually through the Format Cells dialog."
46849963,About letter f (float type) in C/C++,46850022,10,,"In this case they don't need to. is a literal of type (i.e. the other way round than you think judging by your question). Compare which is a literal of type . In more detail, if you had written then the compiler would have performed the conversion for you implicitly. Occasionally you do need to specify the literal explicitly. In C++, for example, consider Here, we are forcing the appropriate overload of to be called."
2285906,how to reuse deleted primary keys in mysql?,2285972,11,,"Using: ... will reset the auto_increment value to be the next based on the highest existing value existing in the table. That means it can't be used to correct gaps of more than one. The only reason to do this would be for cosmetic ones - the database doesn't care if records are sequential, only that they relate to one another consistently. There's no need to ""correct"" the values for the database's sake. If you are displaying the values to the user, which is why you'd like them to always be sequential, then I'd recommend adding a surrogate key. Use the surrogate key for displaying to the user, so the values can be re-sequenced as needed but referencial integrity is otherwise unaffected. The surrogate key in this case would be an integer column."
4152237,Remove background noise from a WAV file in iPhone,5931445,7,,"You can do it yourself. Read about FIR and IIR filters. They are easy to implement in code (just some multiplications of current sample with weighted values of past samples from filter input and output). Just to give you some head-start: Above is the algorithm for IIR or FIR filter. y(n) is the filter output (filtered signal) x(n) is the input (your raw sound data), b and a are the filter coefs. You can find them in table form (for many different filter types and cut-off freqs). If you still find it problematic, here you can design your own filter and the website will spit the code in the form I gave you above. You just implement it in your program and you're done. http://www-users.cs.york.ac.uk/~fisher/mkfilter/trad.html From the site above, Butterworth LP filter with cutoff at 6kHz for a signal scanned at 46.1kHz (typical computer sound sampling frequency if I remember well): Have fun!"
33746224,"In XML, is the attribute order important?",33746277,15,,"According to the XML specification, it is not important. the order of attribute specifications in a start-tag or empty-element tag is not significant See section 3.1 in the specification available here: http://www.w3.org/TR/REC-xml/"
45838538,Angular 4 Display JSON Data from HTTP Get Request,45838585,32,,You can use the json pipe . In your template: Also you have to change the type of your property to instead of .
20850260,Why does this Haskell program perform so poorly?,20850753,13,,"If you compile with as per the GHC guide chapter on profiling , you'll see large allocation happening in and . The code in question: Suspicion: is creating a chain of unevaluated thunks. Proposed change: Voila! Allocations, GC, and memory use are all way down. EDIT: You probably intended to , making this change unnecessary."
52630812,Cancelling a CountDownTimer on Physical Back Button Press in a Fragment,52696912,7,,"Here is my 2 cents. Fragment doesn't have an onBackPressed() method which is present in the class. It gets called when physical back button is pressed by the user. Here is what docs says: Called when the activity has detected the user's press of the back key. The default implementation simply finishes the current activity, but you can override this to do whatever you want. What you can do is override the method in the parent activity of your fragment, then using an interface communicate to the fragment that back button was pressed by the user. Inside the fragment you can have the desired code to cancel the timer. This answer in the question How to implement onBackPressed() in Fragments? can help with sample code."
