row_index,unit_id,text,req_id,chapter_id,chapter_name,section_id,section_name,level,word_count,cae_label,raw_label,confidence,prob_claim,prob_argument,prob_evidence,unit_position,parent_claim_idx,is_orphan_evidence,has_evidence,principle_present,selected_family,detected_principles,principle_count,stage1_reasoning,stage2_reasoning,stage3_reasoning,stage1_raw_response,stage2_raw_response,stage3_raw_response,used_context
0,ASVS-U00001,"Verify that input is decoded or unescaped into a canonical form only once, it is only decoded when encoded data in that form is expected, and that this is done before processing the input further, for example it is not performed after input validation or sanitization.",V1.1.1,V1,Encoding and Sanitization,V1.1,Encoding and Sanitization Architecture,2,46,Claim,Claim,0.6874,0.6874,0.0018,0.3108,0,,False,False,NO,NONE,NONE,0,"This text provides a procedural advice on how to handle input data, but it does not make a normative claim about why this approach improves security. It describes a specific step in the input processing pipeline, but it does not argue that a particular design property (e.g. simplicity, compartmentalization) is the reason for better security outcomes.",,,"<reasoning>
This text provides a procedural advice on how to handle input data, but it does not make a normative claim about why this approach improves security. It describes a specific step in the input processing pipeline, but it does not argue that a particular design property (e.g. simplicity, compartmentalization) is the reason for better security outcomes.
</reasoning>
<answer>NO</answer>",,,FALSE
1,ASVS-U00002,Verify that the application performs output encoding and escaping either as a final step before being used by the interpreter for which it is intended or by the interpreter itself.,V1.1.2,V1,Encoding and Sanitization,V1.1,Encoding and Sanitization Architecture,2,30,Claim,Claim,0.9948,0.9948,0.0017,0.0035,1,,False,True,NO,NONE,NONE,0,"This text is purely procedural, providing a specific step to take in the application development process. It does not make a normative claim about why output encoding and escaping improves security outcomes or how it relates to a specific design property.",,,"<reasoning>
This text is purely procedural, providing a specific step to take in the application development process. It does not make a normative claim about why output encoding and escaping improves security outcomes or how it relates to a specific design property.
</reasoning>
<answer>NO</answer>",,,FALSE
2,ASVS-U00003,"Verify that output encoding for an HTTP response, HTML document, or XML document is relevant for the context required, such as encoding the relevant characters for HTML elements, HTML attributes, HTML comments, CSS, or HTTP header fields, to avoid changing the message or document structure.",V1.2.1,V1,Encoding and Sanitization,V1.2,Injection Prevention,1,45,Evidence,Evidence,0.9844,0.0142,0.0014,0.9844,2,1,False,False,NO,NONE,NONE,0,"This text is purely procedural and descriptive, providing guidance on how to properly encode output for HTTP responses, HTML documents, or XML documents. It does not make a normative claim about why a specific design property (e.g. encoding) leads to better security outcomes.",,,"<reasoning>
This text is purely procedural and descriptive, providing guidance on how to properly encode output for HTTP responses, HTML documents, or XML documents. It does not make a normative claim about why a specific design property (e.g. encoding) leads to better security outcomes.
</reasoning>
<answer>NO</answer>",,,FALSE
3,ASVS-U00004,"Verify that when dynamically building URLs, untrusted data is encoded according to its context (e.g., URL encoding or base64url encoding for query or path parameters). Ensure that only safe URL protocols are permitted (e.g., disallow javascript: or data:).",V1.2.2,V1,Encoding and Sanitization,V1.2,Injection Prevention,1,38,Evidence,Evidence,0.9797,0.0194,0.0009,0.9797,3,1,False,False,NO,NONE,NONE,0,"This text provides practical instructions on how to encode untrusted data when building URLs, but it does not make a normative claim about why a specific design property (e.g., encoding, protocol restriction) improves security outcomes. The text describes what to do, but does not argue why it matters for security.",,,"<reasoning>
This text provides practical instructions on how to encode untrusted data when building URLs, but it does not make a normative claim about why a specific design property (e.g., encoding, protocol restriction) improves security outcomes. The text describes what to do, but does not argue why it matters for security.
</reasoning>
<answer>NO</answer>",,,FALSE
4,ASVS-U00005,"Verify that output encoding or escaping is used when dynamically building JavaScript content (including JSON), to avoid changing the message or document structure (to avoid JavaScript and JSON injection).",V1.2.3,V1,Encoding and Sanitization,V1.2,Injection Prevention,1,29,Claim,Claim,0.985,0.985,0.0009,0.0141,4,,False,True,NO,NONE,NONE,0,This text does not contain a normative design argument. It provides a practical instruction on how to avoid a specific vulnerability (JavaScript and JSON injection) by using output encoding or escaping when dynamically building JavaScript content. There is no explanation of why this design property (output encoding or escaping) leads to better security outcomes.,,,"<reasoning>
This text does not contain a normative design argument. It provides a practical instruction on how to avoid a specific vulnerability (JavaScript and JSON injection) by using output encoding or escaping when dynamically building JavaScript content. There is no explanation of why this design property (output encoding or escaping) leads to better security outcomes.
</reasoning>
<answer>NO</answer>",,,FALSE
5,ASVS-U00006,"Verify that data selection or database queries (e.g., SQL, HQL, NoSQL, Cypher) use parameterized queries, ORMs, entity frameworks, or are otherwise protected from SQL Injection and other database injection attacks. This is also relevant when writing stored procedures.",V1.2.4,V1,Encoding and Sanitization,V1.2,Injection Prevention,1,38,Evidence,Evidence,0.9793,0.0195,0.0012,0.9793,5,4,False,False,NO,NONE,NONE,0,"This text is purely procedural and operational, providing guidance on how to protect against SQL injection attacks. It does not make a normative claim about why a specific design property (e.g., parameterized queries) leads to better security outcomes. The text focuses on what to do to prevent attacks, rather than arguing why a particular design choice improves security.",,,"<reasoning>
This text is purely procedural and operational, providing guidance on how to protect against SQL injection attacks. It does not make a normative claim about why a specific design property (e.g., parameterized queries) leads to better security outcomes. The text focuses on what to do to prevent attacks, rather than arguing why a particular design choice improves security.
</reasoning>
<answer>NO</answer>",,,FALSE
6,ASVS-U00007,Verify that the application protects against OS command injection and that operating system calls use parameterized OS queries or use contextual command line output encoding.,V1.2.5,V1,Encoding and Sanitization,V1.2,Injection Prevention,1,25,Claim,Claim,0.9919,0.9919,0.0011,0.0071,6,,False,False,NO,NONE,NONE,0,"This text is purely procedural and descriptive, providing a checklist of security measures to implement. It does not make a normative claim about why a specific design property (e.g., parameterized OS queries or contextual command line output encoding) leads to better security outcomes.",,,"<reasoning>
This text is purely procedural and descriptive, providing a checklist of security measures to implement. It does not make a normative claim about why a specific design property (e.g., parameterized OS queries or contextual command line output encoding) leads to better security outcomes.
</reasoning>
<answer>NO</answer>",,,FALSE
7,ASVS-U00008,"Verify that the application protects against LDAP injection vulnerabilities, or that specific security controls to prevent LDAP injection have been implemented.",V1.2.6,V1,Encoding and Sanitization,V1.2,Injection Prevention,2,21,Claim,Claim,0.9916,0.9916,0.001,0.0074,7,,False,False,NO,NONE,NONE,0,"This text is purely procedural and operational, as it instructs to verify the implementation of specific security controls without providing a normative claim about why those controls improve security. There is no argument about how a specific design property (e.g., input validation, secure defaults) leads to better security outcomes.",,,"<reasoning>
This text is purely procedural and operational, as it instructs to verify the implementation of specific security controls without providing a normative claim about why those controls improve security. There is no argument about how a specific design property (e.g., input validation, secure defaults) leads to better security outcomes.
</reasoning>
<answer>NO</answer>",,,FALSE
8,ASVS-U00009,Verify that the application is protected against XPath injection attacks by using query parameterization or precompiled queries.,V1.2.7,V1,Encoding and Sanitization,V1.2,Injection Prevention,2,17,Claim,Claim,0.9949,0.9949,0.0013,0.0038,8,,False,True,NO,NONE,NONE,0,"This text is purely procedural, providing a specific recommendation for protecting against XPath injection attacks without explaining why this approach improves security. There is no normative claim about a specific design property (e.g., parameterization or precompiled queries) leading to better security outcomes.",,,"<reasoning>
This text is purely procedural, providing a specific recommendation for protecting against XPath injection attacks without explaining why this approach improves security. There is no normative claim about a specific design property (e.g., parameterization or precompiled queries) leading to better security outcomes.
</reasoning>
<answer>NO</answer>",,,FALSE
9,ASVS-U00010,"Verify that LaTeX processors are configured securely (such as not using the ""--shell-escape"" flag) and an allowlist of commands is used to prevent LaTeX injection attacks.",V1.2.8,V1,Encoding and Sanitization,V1.2,Injection Prevention,2,26,Evidence,Evidence,0.9739,0.0242,0.0018,0.9739,9,8,False,False,NO,NONE,NONE,0,"This text is purely procedural and operational, providing specific instructions on how to configure LaTeX processors securely. It does not make a normative claim about why a specific design property (e.g., allowlisting commands) leads to better security outcomes.",,,"<reasoning>
This text is purely procedural and operational, providing specific instructions on how to configure LaTeX processors securely. It does not make a normative claim about why a specific design property (e.g., allowlisting commands) leads to better security outcomes.
</reasoning>
<answer>NO</answer>",,,FALSE
10,ASVS-U00011,Verify that the application escapes special characters in regular expressions (typically using a backslash) to prevent them from being misinterpreted as metacharacters.,V1.2.9,V1,Encoding and Sanitization,V1.2,Injection Prevention,2,22,Claim,Claim,0.9904,0.9904,0.0013,0.0083,10,,False,True,NO,NONE,NONE,0,"This text is purely procedural, providing a specific instruction on how to handle special characters in regular expressions. It does not make a normative claim about why escaping special characters leads to better security outcomes or how it relates to a specific design principle.",,,"<reasoning>
This text is purely procedural, providing a specific instruction on how to handle special characters in regular expressions. It does not make a normative claim about why escaping special characters leads to better security outcomes or how it relates to a specific design principle.
</reasoning>
<answer>NO</answer>",,,FALSE
11,ASVS-U00012,"Verify that the application is protected against CSV and Formula Injection. The application must follow the escaping rules defined in RFC 4180 sections 2.6 and 2.7 when exporting CSV content. Additionally, when exporting to CSV or other spreadsheet formats (such as XLS, XLSX, or ODF), special characters (including '=', '+', '-', '@', '\t' (tab), and '\0' (null character)) must be escaped with a single quote if they appear as the first character in a field value.",V1.2.10,V1,Encoding and Sanitization,V1.2,Injection Prevention,3,76,Evidence,Evidence,0.9859,0.0126,0.0015,0.9859,11,10,False,False,NO,NONE,NONE,0,"This text provides specific instructions on how to protect against CSV and Formula Injection, but it does not make a normative claim about why a specific design property (e.g. escaping rules, special character handling) leads to better security outcomes. The text is purely procedural and operational, focusing on what to do rather than why it improves security.",,,"<reasoning>
This text provides specific instructions on how to protect against CSV and Formula Injection, but it does not make a normative claim about why a specific design property (e.g. escaping rules, special character handling) leads to better security outcomes. The text is purely procedural and operational, focusing on what to do rather than why it improves security.
</reasoning>
<answer>NO</answer>",,,FALSE
12,ASVS-U00013,Verify that all untrusted HTML input from WYSIWYG editors or similar is sanitized using a well-known and secure HTML sanitization library or framework feature.,V1.3.1,V1,Encoding and Sanitization,V1.3,Sanitization,1,24,Claim,Claim,0.9807,0.9807,0.0011,0.0183,12,,False,True,NO,NONE,NONE,0,"This text is purely procedural, providing a specific instruction on how to sanitize HTML input without explaining why this approach improves security. There is no normative claim connecting a design property (e.g., input validation, data sanitization) to a security outcome.",,,"<reasoning>
This text is purely procedural, providing a specific instruction on how to sanitize HTML input without explaining why this approach improves security. There is no normative claim connecting a design property (e.g., input validation, data sanitization) to a security outcome.
</reasoning>
<answer>NO</answer>",,,FALSE
13,ASVS-U00014,"Verify that the application avoids the use of eval() or other dynamic code execution features such as Spring Expression Language (SpEL). Where there is no alternative, any user input being included must be sanitized before being executed.",V1.3.2,V1,Encoding and Sanitization,V1.3,Sanitization,1,37,Evidence,Evidence,0.9847,0.0141,0.0012,0.9847,13,12,False,False,NO,NONE,NONE,0,"This text does not contain a normative design argument. It provides a practical instruction to avoid using dynamic code execution features and sanitize user input, but it does not explain why this design choice improves security outcomes. The text is purely procedural and operational, focusing on what to do rather than why it matters for security.",,,"<reasoning>
This text does not contain a normative design argument. It provides a practical instruction to avoid using dynamic code execution features and sanitize user input, but it does not explain why this design choice improves security outcomes. The text is purely procedural and operational, focusing on what to do rather than why it matters for security.
</reasoning>
<answer>NO</answer>",,,FALSE
14,ASVS-U00015,"Verify that data being passed to a potentially dangerous context is sanitized beforehand to enforce safety measures, such as only allowing characters which are safe for this context and trimming input which is too long.",V1.3.3,V1,Encoding and Sanitization,V1.3,Sanitization,2,35,Evidence,Evidence,0.9779,0.02,0.0021,0.9779,14,12,False,False,NO,NONE,NONE,0,"This text is primarily procedural, providing instructions on how to sanitize data to ensure safety. While it mentions ""safety measures"", it doesn't make a normative claim about why a specific design property (e.g. input validation, data sanitization) leads to better security outcomes.",,,"<reasoning>
This text is primarily procedural, providing instructions on how to sanitize data to ensure safety. While it mentions ""safety measures"", it doesn't make a normative claim about why a specific design property (e.g. input validation, data sanitization) leads to better security outcomes.
</reasoning>
<answer>NO</answer>",,,FALSE
15,ASVS-U00016,"Verify that user-supplied Scalable Vector Graphics (SVG) scriptable content is validated or sanitized to contain only tags and attributes (such as draw graphics) that are safe for the application, e.g., do not contain scripts and foreignObject.",V1.3.4,V1,Encoding and Sanitization,V1.3,Sanitization,2,36,Evidence,Evidence,0.9917,0.0068,0.0015,0.9917,15,12,False,False,NO,NONE,NONE,0,"This text is purely procedural and descriptive, providing guidance on how to validate or sanitize user-supplied SVG content. It does not make a normative claim about why a specific design property (e.g., input validation, sanitization) leads to better security outcomes.",,,"<reasoning>
This text is purely procedural and descriptive, providing guidance on how to validate or sanitize user-supplied SVG content. It does not make a normative claim about why a specific design property (e.g., input validation, sanitization) leads to better security outcomes.
</reasoning>
<answer>NO</answer>",,,FALSE
16,ASVS-U00017,"Verify that the application sanitizes or disables user-supplied scriptable or expression template language content, such as Markdown, CSS or XSL stylesheets, BBCode, or similar.",V1.3.5,V1,Encoding and Sanitization,V1.3,Sanitization,2,24,Evidence,Evidence,0.9903,0.0084,0.0013,0.9903,16,12,False,False,NO,NONE,NONE,0,"This text is purely procedural and descriptive, providing a specific security control to implement without explaining why it improves security outcomes. It does not make a normative claim about a specific design property (e.g., input validation, sanitization) leading to better security.",,,"<reasoning>
This text is purely procedural and descriptive, providing a specific security control to implement without explaining why it improves security outcomes. It does not make a normative claim about a specific design property (e.g., input validation, sanitization) leading to better security.
</reasoning>
<answer>NO</answer>",,,FALSE
17,ASVS-U00018,"Verify that the application protects against Server-side Request Forgery (SSRF) attacks, by validating untrusted data against an allowlist of protocols, domains, paths and ports and sanitizing potentially dangerous characters before using the data to call another service.",V1.3.6,V1,Encoding and Sanitization,V1.3,Sanitization,2,37,Claim,Claim,0.9766,0.9766,0.0009,0.0225,17,,False,False,NO,NONE,NONE,0,"This text is purely procedural and descriptive, providing instructions on how to protect against SSRF attacks. It does not make a normative claim about why a specific design property (e.g. allowlisting, sanitizing) leads to better security outcomes.",,,"<reasoning>
This text is purely procedural and descriptive, providing instructions on how to protect against SSRF attacks. It does not make a normative claim about why a specific design property (e.g. allowlisting, sanitizing) leads to better security outcomes.
</reasoning>
<answer>NO</answer>",,,FALSE
18,ASVS-U00019,"Verify that the application protects against template injection attacks by not allowing templates to be built based on untrusted input. Where there is no alternative, any untrusted input being included dynamically during template creation must be sanitized or strictly validated.",V1.3.7,V1,Encoding and Sanitization,V1.3,Sanitization,2,40,Claim,Claim,0.9955,0.9955,0.0024,0.0021,18,,False,False,NO,NONE,NONE,0,"This text provides a specific guidance on how to protect against template injection attacks, but it does not make a normative claim about why a particular design property (e.g. input validation, sanitization) leads to better security outcomes. The text is primarily procedural, providing instructions on how to implement a security control.",,,"<reasoning>
This text provides a specific guidance on how to protect against template injection attacks, but it does not make a normative claim about why a particular design property (e.g. input validation, sanitization) leads to better security outcomes. The text is primarily procedural, providing instructions on how to implement a security control.
</reasoning>
<answer>NO</answer>",,,FALSE
19,ASVS-U00020,Verify that the application appropriately sanitizes untrusted input before use in Java Naming and Directory Interface (JNDI) queries and that JNDI is configured securely to prevent JNDI injection attacks.,V1.3.8,V1,Encoding and Sanitization,V1.3,Sanitization,2,29,Claim,Claim,0.993,0.993,0.0013,0.0057,19,,False,False,NO,NONE,NONE,0,"This text is purely procedural and operational, providing instructions on how to secure JNDI queries without explaining why sanitizing untrusted input or configuring JNDI securely leads to better security outcomes. There is no normative design argument connecting a specific design property to a security outcome.",,,"<reasoning>
This text is purely procedural and operational, providing instructions on how to secure JNDI queries without explaining why sanitizing untrusted input or configuring JNDI securely leads to better security outcomes. There is no normative design argument connecting a specific design property to a security outcome.
</reasoning>
<answer>NO</answer>",,,FALSE
20,ASVS-U00021,Verify that the application sanitizes content before it is sent to memcache to prevent injection attacks.,V1.3.9,V1,Encoding and Sanitization,V1.3,Sanitization,2,16,Claim,Claim,0.9942,0.9942,0.0012,0.0046,20,,False,False,NO,NONE,NONE,0,"This text is purely procedural and does not contain a normative design argument. It instructs to verify that the application sanitizes content, but it does not explain why sanitizing content leads to better security outcomes or how it relates to a specific design principle.",,,"<reasoning>
This text is purely procedural and does not contain a normative design argument. It instructs to verify that the application sanitizes content, but it does not explain why sanitizing content leads to better security outcomes or how it relates to a specific design principle.
</reasoning>
<answer>NO</answer>",,,FALSE
21,ASVS-U00022,Verify that format strings which might resolve in an unexpected or malicious way when used are sanitized before being processed.,V1.3.10,V1,Encoding and Sanitization,V1.3,Sanitization,2,20,Claim,Claim,0.9957,0.9957,0.0019,0.0024,21,,False,False,NO,NONE,NONE,0,"This text is purely procedural and operational, providing a specific instruction on how to handle format strings. It does not make a normative claim about why sanitizing format strings leads to better security outcomes or how it relates to a specific design property.",,,"<reasoning>
This text is purely procedural and operational, providing a specific instruction on how to handle format strings. It does not make a normative claim about why sanitizing format strings leads to better security outcomes or how it relates to a specific design property.
</reasoning>
<answer>NO</answer>",,,FALSE
22,ASVS-U00023,Verify that the application sanitizes user input before passing to mail systems to protect against SMTP or IMAP injection.,V1.3.11,V1,Encoding and Sanitization,V1.3,Sanitization,2,19,Claim,Claim,0.9952,0.9952,0.0018,0.003,22,,False,False,NO,NONE,NONE,0,"This text is purely procedural and descriptive, providing a specific security control to implement without explaining why it improves security outcomes. It does not make a normative claim about a specific design property (e.g., input validation, data sanitization) leading to better security.",,,"<reasoning>
This text is purely procedural and descriptive, providing a specific security control to implement without explaining why it improves security outcomes. It does not make a normative claim about a specific design property (e.g., input validation, data sanitization) leading to better security.
</reasoning>
<answer>NO</answer>",,,FALSE
23,ASVS-U00024,"Verify that regular expressions are free from elements causing exponential backtracking, and ensure untrusted input is sanitized to mitigate ReDoS or Runaway Regex attacks.",V1.3.12,V1,Encoding and Sanitization,V1.3,Sanitization,3,24,Claim,Claim,0.9937,0.9937,0.0013,0.005,23,,False,False,NO,NONE,NONE,0,"This text provides practical advice on how to mitigate ReDoS or Runaway Regex attacks, but it does not make a normative claim about why a specific design property (e.g. simplicity, compartmentalization, etc.) leads to better security outcomes. The text focuses on what to do to prevent a specific type of attack, rather than arguing why a particular design choice improves security.",,,"<reasoning>
This text provides practical advice on how to mitigate ReDoS or Runaway Regex attacks, but it does not make a normative claim about why a specific design property (e.g. simplicity, compartmentalization, etc.) leads to better security outcomes. The text focuses on what to do to prevent a specific type of attack, rather than arguing why a particular design choice improves security.
</reasoning>
<answer>NO</answer>",,,FALSE
24,ASVS-U00025,"Verify that the application uses memory-safe string, safer memory copy and pointer arithmetic to detect or prevent stack, buffer, or heap overflows.",V1.4.1,V1,Encoding and Sanitization,V1.4,"Memory, String, and Unmanaged Code",2,22,Claim,Claim,0.9745,0.9745,0.0008,0.0247,24,,False,False,NO,NONE,NONE,0,"This text is purely procedural, providing a checklist of security measures to implement, without explaining why these measures improve security outcomes. There is no normative claim connecting a specific design property to a security benefit.",,,"<reasoning>
This text is purely procedural, providing a checklist of security measures to implement, without explaining why these measures improve security outcomes. There is no normative claim connecting a specific design property to a security benefit.
</reasoning>
<answer>NO</answer>",,,FALSE
25,ASVS-U00026,"Verify that sign, range, and input validation techniques are used to prevent integer overflows.",V1.4.2,V1,Encoding and Sanitization,V1.4,"Memory, String, and Unmanaged Code",2,14,Claim,Claim,0.9941,0.9941,0.0013,0.0047,25,,False,False,NO,NONE,NONE,0,"This text is purely procedural, providing a checklist item for verification without explaining why these techniques are necessary for security or how they contribute to a more secure system. There is no normative claim about a specific design property leading to better security outcomes.",,,"<reasoning>
This text is purely procedural, providing a checklist item for verification without explaining why these techniques are necessary for security or how they contribute to a more secure system. There is no normative claim about a specific design property leading to better security outcomes.
</reasoning>
<answer>NO</answer>",,,FALSE
26,ASVS-U00027,"Verify that dynamically allocated memory and resources are released, and that references or pointers to freed memory are removed or set to null to prevent dangling pointers and use-after-free vulnerabilities.",V1.4.3,V1,Encoding and Sanitization,V1.4,"Memory, String, and Unmanaged Code",2,30,Claim,Claim,0.9835,0.9835,0.0008,0.0157,26,,False,True,NO,NONE,NONE,0,"This text is purely procedural and operational, providing instructions on how to prevent dangling pointers and use-after-free vulnerabilities. It does not make a normative claim about why a specific design property (e.g., memory management, resource allocation) leads to better security outcomes.",,,"<reasoning>
This text is purely procedural and operational, providing instructions on how to prevent dangling pointers and use-after-free vulnerabilities. It does not make a normative claim about why a specific design property (e.g., memory management, resource allocation) leads to better security outcomes.
</reasoning>
<answer>NO</answer>",,,FALSE
27,ASVS-U00028,Verify that the application configures XML parsers to use a restrictive configuration and that unsafe features such as resolving external entities are disabled to prevent XML eXternal Entity (XXE) attacks.,V1.5.1,V1,Encoding and Sanitization,V1.5,Safe Deserialization,1,30,Evidence,Evidence,0.9684,0.0294,0.0022,0.9684,27,26,False,False,NO,NONE,NONE,0,"This text is purely procedural and descriptive, providing instructions on how to configure XML parsers to prevent XXE attacks. There is no normative claim or argument about why a specific design property (e.g., restrictive configuration, disabling external entities) leads to better security outcomes.",,,"<reasoning>
This text is purely procedural and descriptive, providing instructions on how to configure XML parsers to prevent XXE attacks. There is no normative claim or argument about why a specific design property (e.g., restrictive configuration, disabling external entities) leads to better security outcomes.
</reasoning>
<answer>NO</answer>",,,FALSE
28,ASVS-U00029,"Verify that deserialization of untrusted data enforces safe input handling, such as using an allowlist of object types or restricting client-defined object types, to prevent deserialization attacks. Deserialization mechanisms that are explicitly defined as insecure must not be used with untrusted input.",V1.5.2,V1,Encoding and Sanitization,V1.5,Safe Deserialization,2,42,Evidence,Evidence,0.962,0.0358,0.0022,0.962,28,26,False,False,NO,NONE,NONE,0,"This text provides a specific guidance on how to handle deserialization of untrusted data, but it does not make a normative claim about why a particular design property (e.g. allowlist of object types) leads to better security outcomes. The text is primarily prescriptive, focusing on what to do to prevent deserialization attacks, rather than arguing why a specific design choice is more secure.",,,"<reasoning>
This text provides a specific guidance on how to handle deserialization of untrusted data, but it does not make a normative claim about why a particular design property (e.g. allowlist of object types) leads to better security outcomes. The text is primarily prescriptive, focusing on what to do to prevent deserialization attacks, rather than arguing why a specific design choice is more secure.
</reasoning>
<answer>NO</answer>",,,FALSE
29,ASVS-U00030,"Verify that different parsers used in the application for the same data type (e.g., JSON parsers, XML parsers, URL parsers), perform parsing in a consistent way and use the same character encoding mechanism to avoid issues such as JSON Interoperability vulnerabilities or different URI or file parsing behavior being exploited in Remote File Inclusion (RFI) or Server-side Request Forgery (SSRF) attacks.",V1.5.3,V1,Encoding and Sanitization,V1.5,Safe Deserialization,3,61,Evidence,Evidence,0.9888,0.01,0.0012,0.9888,29,26,False,False,NO,NONE,NONE,0,"This text does not contain a normative design argument. It provides a practical instruction to verify that different parsers perform parsing in a consistent way, but it does not argue why consistency in parsing is a design property that leads to better security outcomes. The text describes a potential security issue (JSON Interoperability vulnerabilities, RFI, and SSRF attacks) and provides a solution, but it does not make a design-level argument.",,,"<reasoning>
This text does not contain a normative design argument. It provides a practical instruction to verify that different parsers perform parsing in a consistent way, but it does not argue why consistency in parsing is a design property that leads to better security outcomes. The text describes a potential security issue (JSON Interoperability vulnerabilities, RFI, and SSRF attacks) and provides a solution, but it does not make a design-level argument.
</reasoning>
<answer>NO</answer>",,,FALSE
30,ASVS-U00031,"Verify that the application's documentation defines input validation rules for how to check the validity of data items against an expected structure. This could be common data formats such as credit card numbers, email addresses, telephone numbers, or it could be an internal data format.",V2.1.1,V2,Validation and Business Logic,V2.1,Validation and Business Logic Documentation,1,45,Evidence,Evidence,0.9878,0.0107,0.0015,0.9878,0,2,False,False,NO,NONE,NONE,0,"This text is purely descriptive and procedural, providing guidance on what to do (verifying documentation of input validation rules) without making a normative claim about why a specific design property (e.g., input validation) improves security outcomes.",,,"<reasoning>
This text is purely descriptive and procedural, providing guidance on what to do (verifying documentation of input validation rules) without making a normative claim about why a specific design property (e.g., input validation) improves security outcomes.
</reasoning>
<answer>NO</answer>",,,FALSE
31,ASVS-U00032,"Verify that the application's documentation defines how to validate the logical and contextual consistency of combined data items, such as checking that suburb and ZIP code match.",V2.1.2,V2,Validation and Business Logic,V2.1,Validation and Business Logic Documentation,2,27,Evidence,Evidence,0.985,0.0133,0.0017,0.985,1,2,False,False,NO,NONE,NONE,0,"This text is purely procedural and descriptive, providing a specific task to perform without explaining why it improves security. It does not make a normative claim about a design property, such as data validation, leading to better security outcomes.",,,"<reasoning>
This text is purely procedural and descriptive, providing a specific task to perform without explaining why it improves security. It does not make a normative claim about a design property, such as data validation, leading to better security outcomes.
</reasoning>
<answer>NO</answer>",,,FALSE
32,ASVS-U00033,"Verify that expectations for business logic limits and validations are documented, including both per-user and globally across the application.",V2.1.3,V2,Validation and Business Logic,V2.1,Validation and Business Logic Documentation,2,19,Claim,Claim,0.9865,0.9865,0.0012,0.0123,2,,False,True,NO,NONE,NONE,0,"This text is purely procedural and operational, as it instructs to document expectations for business logic limits and validations without providing a normative claim about why this documentation improves security outcomes. There is no argument about how this design property (documentation) leads to better security.",,,"<reasoning>
This text is purely procedural and operational, as it instructs to document expectations for business logic limits and validations without providing a normative claim about why this documentation improves security outcomes. There is no argument about how this design property (documentation) leads to better security.
</reasoning>
<answer>NO</answer>",,,FALSE
33,ASVS-U00034,"Verify that input is validated to enforce business or functional expectations for that input. This should either use positive validation against an allow list of values, patterns, and ranges, or be based on comparing the input to an expected structure and logical limits according to predefined rules. For L1, this can focus on input which is used to make specific business or security decisions. For L2 and up, this should apply to all input.",V2.2.1,V2,Validation and Business Logic,V2.2,Input Validation,1,74,Claim,Claim,0.968,0.968,0.001,0.031,3,,False,False,NO,NONE,NONE,0,"This text provides a descriptive and procedural guidance on input validation, specifying how it should be done, but it does not make a normative claim about why this approach improves security. It does not argue that a specific design property, such as input validation, is the reason for better security outcomes.",,,"<reasoning>
This text provides a descriptive and procedural guidance on input validation, specifying how it should be done, but it does not make a normative claim about why this approach improves security. It does not argue that a specific design property, such as input validation, is the reason for better security outcomes.
</reasoning>
<answer>NO</answer>",,,FALSE
34,ASVS-U00035,"Verify that the application is designed to enforce input validation at a trusted service layer. While client-side validation improves usability and should be encouraged, it must not be relied upon as a security control.",V2.2.2,V2,Validation and Business Logic,V2.2,Input Validation,1,34,Claim,Claim,0.9953,0.9953,0.0031,0.0017,4,,False,False,NO,NONE,NONE,0,"This text does not contain a normative design argument. It describes a best practice for input validation and mentions the benefits of client-side validation, but it does not explicitly argue why enforcing input validation at a trusted service layer leads to better security outcomes.",,,"<reasoning>
This text does not contain a normative design argument. It describes a best practice for input validation and mentions the benefits of client-side validation, but it does not explicitly argue why enforcing input validation at a trusted service layer leads to better security outcomes.
</reasoning>
<answer>NO</answer>",,,FALSE
35,ASVS-U00036,Verify that the application ensures that combinations of related data items are reasonable according to the pre-defined rules.,V2.2.3,V2,Validation and Business Logic,V2.2,Input Validation,2,18,Claim,Claim,0.9936,0.9936,0.0034,0.003,5,,False,False,NO,NONE,NONE,0,"This text is purely procedural and descriptive, it does not make a normative claim about why a specific design property improves security. It simply instructs to verify that the application follows pre-defined rules without explaining why this is important for security.",,,"<reasoning>
This text is purely procedural and descriptive, it does not make a normative claim about why a specific design property improves security. It simply instructs to verify that the application follows pre-defined rules without explaining why this is important for security.
</reasoning>
<answer>NO</answer>",,,FALSE
36,ASVS-U00037,Verify that the application will only process business logic flows for the same user in the expected sequential step order and without skipping steps.,V2.3.1,V2,Validation and Business Logic,V2.3,Business Logic Security,1,24,Claim,Claim,0.9936,0.9936,0.0011,0.0053,6,,False,False,NO,NONE,NONE,0,"This text is purely procedural and descriptive, providing a specific instruction on how to verify the application's behavior without explaining why this particular design property (sequential step order) improves security outcomes. There is no normative claim or argument connecting this design property to a security benefit.",,,"<reasoning>
This text is purely procedural and descriptive, providing a specific instruction on how to verify the application's behavior without explaining why this particular design property (sequential step order) improves security outcomes. There is no normative claim or argument connecting this design property to a security benefit.
</reasoning>
<answer>NO</answer>",,,FALSE
37,ASVS-U00038,Verify that business logic limits are implemented per the application's documentation to avoid business logic flaws being exploited.,V2.3.2,V2,Validation and Business Logic,V2.3,Business Logic Security,2,18,Claim,Claim,0.9951,0.9951,0.0011,0.0037,7,,False,False,NO,NONE,NONE,0,"This text is purely procedural and operational, as it instructs to verify the implementation of business logic limits according to documentation. There is no normative claim or argument about why a specific design property (e.g., limits, documentation) leads to better security outcomes.",,,"<reasoning>
This text is purely procedural and operational, as it instructs to verify the implementation of business logic limits according to documentation. There is no normative claim or argument about why a specific design property (e.g., limits, documentation) leads to better security outcomes.
</reasoning>
<answer>NO</answer>",,,FALSE
38,ASVS-U00039,Verify that transactions are being used at the business logic level such that either a business logic operation succeeds in its entirety or it is rolled back to the previous correct state.,V2.3.3,V2,Validation and Business Logic,V2.3,Business Logic Security,2,32,Claim,Claim,0.9946,0.9946,0.0015,0.0039,8,,False,True,NO,NONE,NONE,0,"This text describes a design property (atomicity of business logic operations) and its expected behavior (either succeed entirely or roll back to a previous correct state), but it does not explicitly argue why this design property leads to better security outcomes. The text is more focused on describing a desirable system behavior rather than making a normative claim about the security benefits of this design choice.",,,"<reasoning>
This text describes a design property (atomicity of business logic operations) and its expected behavior (either succeed entirely or roll back to a previous correct state), but it does not explicitly argue why this design property leads to better security outcomes. The text is more focused on describing a desirable system behavior rather than making a normative claim about the security benefits of this design choice.
</reasoning>
<answer>NO</answer>",,,FALSE
39,ASVS-U00040,Verify that business logic level locking mechanisms are used to ensure that limited quantity resources (such as theater seats or delivery slots) cannot be double-booked by manipulating the application's logic.,V2.3.4,V2,Validation and Business Logic,V2.3,Business Logic Security,2,30,Evidence,Evidence,0.988,0.0104,0.0016,0.988,9,8,False,False,NO,NONE,NONE,0,"This text is primarily descriptive and procedural, explaining how to prevent double-booking of limited resources by using business logic level locking mechanisms. While it implies that this approach is necessary for security, it doesn't explicitly argue why this design property (e.g., locking mechanisms) leads to better security outcomes.",,,"<reasoning>
This text is primarily descriptive and procedural, explaining how to prevent double-booking of limited resources by using business logic level locking mechanisms. While it implies that this approach is necessary for security, it doesn't explicitly argue why this design property (e.g., locking mechanisms) leads to better security outcomes.
</reasoning>
<answer>NO</answer>",,,FALSE
40,ASVS-U00041,"Verify that high-value business logic flows require multi-user approval to prevent unauthorized or accidental actions. This could include but is not limited to large monetary transfers, contract approvals, access to classified information, or safety overrides in manufacturing.",V2.3.5,V2,Validation and Business Logic,V2.3,Business Logic Security,3,37,Claim,Claim,0.9951,0.9951,0.0016,0.0032,10,,False,False,NO,NONE,NONE,0,"This text does not contain a normative design argument. It provides a practical instruction to implement multi-user approval for high-value business logic flows, but it does not explain why this design property (multi-user approval) leads to better security outcomes. The text only describes what to do without providing a security rationale.",,,"<reasoning>
This text does not contain a normative design argument. It provides a practical instruction to implement multi-user approval for high-value business logic flows, but it does not explain why this design property (multi-user approval) leads to better security outcomes. The text only describes what to do without providing a security rationale.
</reasoning>
<answer>NO</answer>",,,FALSE
41,ASVS-U00042,"Verify that anti-automation controls are in place to protect against excessive calls to application functions that could lead to data exfiltration, garbage-data creation, quota exhaustion, rate-limit breaches, denial-of-service, or overuse of costly resources.",V2.4.1,V2,Validation and Business Logic,V2.4,Anti-automation,2,33,Claim,Claim,0.9947,0.9947,0.0012,0.0041,11,,False,False,NO,NONE,NONE,0,"This text is purely descriptive and procedural, listing various security concerns and recommending the implementation of anti-automation controls without explaining why this design choice improves security. There is no normative claim connecting a specific design property to a security outcome.",,,"<reasoning>
This text is purely descriptive and procedural, listing various security concerns and recommending the implementation of anti-automation controls without explaining why this design choice improves security. There is no normative claim connecting a specific design property to a security outcome.
</reasoning>
<answer>NO</answer>",,,FALSE
42,ASVS-U00043,"Verify that business logic flows require realistic human timing, preventing excessively rapid transaction submissions.",V2.4.2,V2,Validation and Business Logic,V2.4,Anti-automation,3,14,Claim,Claim,0.9952,0.9952,0.0029,0.0019,12,,False,False,NO,NONE,NONE,0,This text does not contain a normative design argument. It provides a practical instruction to verify a specific aspect of business logic flows without explaining why this design property (realistic human timing) improves security outcomes. The text focuses on what to do rather than arguing why it matters for security.,,,"<reasoning>
This text does not contain a normative design argument. It provides a practical instruction to verify a specific aspect of business logic flows without explaining why this design property (realistic human timing) improves security outcomes. The text focuses on what to do rather than arguing why it matters for security.
</reasoning>
<answer>NO</answer>",,,FALSE
43,ASVS-U00044,"Verify that application documentation states the expected security features that browsers using the application must support (such as HTTPS, HTTP Strict Transport Security (HSTS), Content Security Policy (CSP), and other relevant HTTP security mechanisms). It must also define how the application must behave when some of these features are not available (such as warning the user or blocking access).",V3.1.1,V3,Web Frontend Security,V3.1,Web Frontend Security Documentation,3,59,Evidence,Evidence,0.9867,0.0118,0.0014,0.9867,0,3,False,False,NO,NONE,NONE,0,"This text is purely procedural and operational, providing a checklist of security features that application documentation should include, without making a normative claim about why these features improve security. It does not argue that a specific design property (e.g., simplicity, compartmentalization, etc.) is the reason for better security outcomes.",,,"<reasoning>
This text is purely procedural and operational, providing a checklist of security features that application documentation should include, without making a normative claim about why these features improve security. It does not argue that a specific design property (e.g., simplicity, compartmentalization, etc.) is the reason for better security outcomes.
</reasoning>
<answer>NO</answer>",,,FALSE
44,ASVS-U00045,"Verify that security controls are in place to prevent browsers from rendering content or functionality in HTTP responses in an incorrect context (e.g., when an API, a user-uploaded file or other resource is requested directly). Possible controls could include: not serving the content unless HTTP request header fields (such as Sec-Fetch-\*) indicate it is the correct context, using the sandbox directive of the Content-Security-Policy header field or using the attachment disposition type in the Content-Disposition header field.",V3.2.1,V3,Web Frontend Security,V3.2,Unintended Content Interpretation,1,77,Evidence,Evidence,0.9876,0.0113,0.0011,0.9876,1,3,False,False,NO,NONE,NONE,0,"This text primarily provides practical instructions and lists possible controls to prevent browsers from rendering content in an incorrect context. While it mentions specific security controls, it does not make a normative claim about why a particular design property (e.g., sandboxing, Content-Security-Policy) leads to better security outcomes.",,,"<reasoning>
This text primarily provides practical instructions and lists possible controls to prevent browsers from rendering content in an incorrect context. While it mentions specific security controls, it does not make a normative claim about why a particular design property (e.g., sandboxing, Content-Security-Policy) leads to better security outcomes.
</reasoning>
<answer>NO</answer>",,,FALSE
45,ASVS-U00046,"Verify that content intended to be displayed as text, rather than rendered as HTML, is handled using safe rendering functions (such as createTextNode or textContent) to prevent unintended execution of content such as HTML or JavaScript.",V3.2.2,V3,Web Frontend Security,V3.2,Unintended Content Interpretation,1,36,Evidence,Evidence,0.9852,0.0134,0.0014,0.9852,2,3,False,False,NO,NONE,NONE,0,"This text is purely procedural, providing instructions on how to handle content rendering to prevent unintended execution of malicious code. There is no normative claim or argument about why a specific design property (e.g., safe rendering functions) leads to better security outcomes.",,,"<reasoning>
This text is purely procedural, providing instructions on how to handle content rendering to prevent unintended execution of malicious code. There is no normative claim or argument about why a specific design property (e.g., safe rendering functions) leads to better security outcomes.
</reasoning>
<answer>NO</answer>",,,FALSE
46,ASVS-U00047,"Verify that the application avoids DOM clobbering when using client-side JavaScript by employing explicit variable declarations, performing strict type checking, avoiding storing global variables on the document object, and implementing namespace isolation.",V3.2.3,V3,Web Frontend Security,V3.2,Unintended Content Interpretation,3,32,Claim,Claim,0.9953,0.9953,0.0016,0.0031,3,,False,True,NO,NONE,NONE,0,"This text provides a list of best practices to avoid DOM clobbering, but it does not make a normative claim about why these practices improve security. The text describes what to do and how to do it, but it does not argue that a specific design property (e.g., namespace isolation) is the reason for better security outcomes.",,,"<reasoning>
This text provides a list of best practices to avoid DOM clobbering, but it does not make a normative claim about why these practices improve security. The text describes what to do and how to do it, but it does not argue that a specific design property (e.g., namespace isolation) is the reason for better security outcomes.
</reasoning>
<answer>NO</answer>",,,FALSE
47,ASVS-U00048,"Verify that cookies have the 'Secure' attribute set, and if the '\__Host-' prefix is not used for the cookie name, the '__Secure-' prefix must be used for the cookie name.",V3.3.1,V3,Web Frontend Security,V3.3,Cookie Setup,1,30,Claim,Claim,0.9589,0.9589,0.001,0.0401,4,,False,False,NO,NONE,NONE,0,"This text provides a specific instruction on how to set cookie attributes, but it does not make a normative claim about why this design choice improves security. It does not argue that a specific design property (e.g. using a specific prefix) is the reason for better security outcomes.",,,"<reasoning>
This text provides a specific instruction on how to set cookie attributes, but it does not make a normative claim about why this design choice improves security. It does not argue that a specific design property (e.g. using a specific prefix) is the reason for better security outcomes.
</reasoning>
<answer>NO</answer>",,,FALSE
48,ASVS-U00049,"Verify that each cookie's 'SameSite' attribute value is set according to the purpose of the cookie, to limit exposure to user interface redress attacks and browser-based request forgery attacks, commonly known as cross-site request forgery (CSRF).",V3.3.2,V3,Web Frontend Security,V3.3,Cookie Setup,2,36,Claim,Claim,0.9959,0.9959,0.002,0.0021,5,,False,False,NO,NONE,NONE,0,"This text does not contain a normative design argument. It provides a practical instruction on how to set the 'SameSite' attribute value to prevent CSRF attacks, but it does not explain why this design choice (limiting exposure) leads to better security outcomes. The text only describes the purpose of the action without providing a design-level argument.",,,"<reasoning>
This text does not contain a normative design argument. It provides a practical instruction on how to set the 'SameSite' attribute value to prevent CSRF attacks, but it does not explain why this design choice (limiting exposure) leads to better security outcomes. The text only describes the purpose of the action without providing a design-level argument.
</reasoning>
<answer>NO</answer>",,,FALSE
49,ASVS-U00050,Verify that cookies have the '__Host-' prefix for the cookie name unless they are explicitly designed to be shared with other hosts.,V3.3.3,V3,Web Frontend Security,V3.3,Cookie Setup,2,22,Claim,Claim,0.9932,0.9932,0.0011,0.0057,6,,False,True,NO,NONE,NONE,0,This text is purely procedural and does not provide a normative design argument. It instructs the reader to verify a specific property of cookies without explaining why this property improves security.,,,"<reasoning>
This text is purely procedural and does not provide a normative design argument. It instructs the reader to verify a specific property of cookies without explaining why this property improves security.
</reasoning>
<answer>NO</answer>",,,FALSE
50,ASVS-U00051,"Verify that if the value of a cookie is not meant to be accessible to client-side scripts (such as a session token), the cookie must have the 'HttpOnly' attribute set and the same value (e. g. session token) must only be transferred to the client via the 'Set-Cookie' header field.",V3.3.4,V3,Web Frontend Security,V3.3,Cookie Setup,2,50,Evidence,Evidence,0.9878,0.0101,0.0021,0.9878,7,6,False,False,NO,NONE,NONE,0,"This text is purely procedural and descriptive, providing instructions on how to set a specific attribute and transfer a value. It does not make a normative claim about why this design choice improves security outcomes. There is no argument about how this design property (e.g. using the 'HttpOnly' attribute) leads to better security.",,,"<reasoning>
This text is purely procedural and descriptive, providing instructions on how to set a specific attribute and transfer a value. It does not make a normative claim about why this design choice improves security outcomes. There is no argument about how this design property (e.g. using the 'HttpOnly' attribute) leads to better security.
</reasoning>
<answer>NO</answer>",,,FALSE
51,ASVS-U00052,"Verify that when the application writes a cookie, the cookie name and value length combined are not over 4096 bytes. Overly large cookies will not be stored by the browser and therefore not sent with requests, preventing the user from using application functionality which relies on that cookie.",V3.3.5,V3,Web Frontend Security,V3.3,Cookie Setup,3,48,Claim,Claim,0.993,0.993,0.0012,0.0059,8,,False,False,NO,NONE,NONE,0,"This text does not contain a normative design argument. It describes a specific limitation in browser behavior and provides a practical instruction to avoid it, but it does not argue why a specific design property (e.g., limited cookie size) improves security outcomes.",,,"<reasoning>
This text does not contain a normative design argument. It describes a specific limitation in browser behavior and provides a practical instruction to avoid it, but it does not argue why a specific design property (e.g., limited cookie size) improves security outcomes.
</reasoning>
<answer>NO</answer>",,,FALSE
52,ASVS-U00053,"Verify that a Strict-Transport-Security header field is included on all responses to enforce an HTTP Strict Transport Security (HSTS) policy. A maximum age of at least 1 year must be defined, and for L2 and up, the policy must apply to all subdomains as well.",V3.4.1,V3,Web Frontend Security,V3.4,Browser Security Mechanism Headers,1,45,Claim,Claim,0.992,0.992,0.0016,0.0064,9,,False,False,NO,NONE,NONE,0,"This text is purely procedural and descriptive, providing specific instructions on how to implement a security feature (HSTS policy) without explaining why this design choice improves security. There is no normative claim or argument about how this design property (enforcing HSTS policy) leads to better security outcomes.",,,"<reasoning>
This text is purely procedural and descriptive, providing specific instructions on how to implement a security feature (HSTS policy) without explaining why this design choice improves security. There is no normative claim or argument about how this design property (enforcing HSTS policy) leads to better security outcomes.
</reasoning>
<answer>NO</answer>",,,FALSE
53,ASVS-U00054,"Verify that the Cross-Origin Resource Sharing (CORS) Access-Control-Allow-Origin header field is a fixed value by the application, or if the Origin HTTP request header field value is used, it is validated against an allowlist of trusted origins. When 'Access-Control-Allow-Origin: *' needs to be used, verify that the response does not include any sensitive information.",V3.4.2,V3,Web Frontend Security,V3.4,Browser Security Mechanism Headers,1,54,Claim,Claim,0.6958,0.6958,0.0017,0.3025,10,,False,False,NO,NONE,NONE,0,"This text provides a specific guidance on how to configure CORS headers, but it does not make a normative claim about why a particular design property (e.g. validation against an allowlist of trusted origins) leads to better security outcomes. The text is primarily procedural and operational, focusing on what to do rather than why it improves security.",,,"<reasoning>
This text provides a specific guidance on how to configure CORS headers, but it does not make a normative claim about why a particular design property (e.g. validation against an allowlist of trusted origins) leads to better security outcomes. The text is primarily procedural and operational, focusing on what to do rather than why it improves security.
</reasoning>
<answer>NO</answer>",,,FALSE
54,ASVS-U00055,"Verify that HTTP responses include a Content-Security-Policy response header field which defines directives to ensure the browser only loads and executes trusted content or resources, in order to limit execution of malicious JavaScript. As a minimum, a global policy must be used which includes the directives object-src 'none' and base-uri 'none' and defines either an allowlist or uses nonces or hashes. For an L3 application, a per-response policy with nonces or hashes must be defined.",V3.4.3,V3,Web Frontend Security,V3.4,Browser Security Mechanism Headers,2,75,Claim,Claim,0.8348,0.8348,0.0016,0.1635,11,,False,True,NO,NONE,NONE,0,"This text primarily provides procedural advice on how to implement a Content Security Policy (CSP) and specifies the minimum requirements for a global policy and a per-response policy. While it mentions the goal of limiting the execution of malicious JavaScript, it does not make a normative claim about why a specific design property (e.g., using a CSP, defining a global policy, or using nonces or hashes) leads to better security outcomes.",,,"<reasoning>
This text primarily provides procedural advice on how to implement a Content Security Policy (CSP) and specifies the minimum requirements for a global policy and a per-response policy. While it mentions the goal of limiting the execution of malicious JavaScript, it does not make a normative claim about why a specific design property (e.g., using a CSP, defining a global policy, or using nonces or hashes) leads to better security outcomes.
</reasoning>
<answer>NO</answer>",,,FALSE
55,ASVS-U00056,"Verify that all HTTP responses contain an 'X-Content-Type-Options: nosniff' header field. This instructs browsers not to use content sniffing and MIME type guessing for the given response, and to require the response's Content-Type header field value to match the destination resource. For example, the response to a request for a style is only accepted if the response's Content-Type is 'text/css'. This also enables the use of the Cross-Origin Read Blocking (CORB) functionality by the browser.",V3.4.4,V3,Web Frontend Security,V3.4,Browser Security Mechanism Headers,2,75,Evidence,Evidence,0.9793,0.0192,0.0015,0.9793,12,11,False,False,NO,NONE,NONE,0,"This text primarily provides a descriptive explanation of the purpose and functionality of the 'X-Content-Type-Options: nosniff' header field, without making a normative claim about why this design property improves security. The text explains how the header field works and its benefits, but it does not argue that a specific design property (e.g., simplicity, least privilege, etc.) is the reason for improved security outcomes.",,,"<reasoning>
This text primarily provides a descriptive explanation of the purpose and functionality of the 'X-Content-Type-Options: nosniff' header field, without making a normative claim about why this design property improves security. The text explains how the header field works and its benefits, but it does not argue that a specific design property (e.g., simplicity, least privilege, etc.) is the reason for improved security outcomes.
</reasoning>
<answer>NO</answer>",,,FALSE
56,ASVS-U00057,"Verify that the application sets a referrer policy to prevent leakage of technically sensitive data to third-party services via the 'Referer' HTTP request header field. This can be done using the Referrer-Policy HTTP response header field or via HTML element attributes. Sensitive data could include path and query data in the URL, and for internal non-public applications also the hostname.",V3.4.5,V3,Web Frontend Security,V3.4,Browser Security Mechanism Headers,2,60,Claim,Claim,0.9721,0.9721,0.001,0.0268,13,,False,False,NO,NONE,NONE,0,"This text is purely descriptive and procedural, providing instructions on how to set a referrer policy to prevent data leakage. It does not make a normative claim about why a specific design property (e.g. minimal exposure, compartmentalization) leads to better security outcomes.",,,"<reasoning>
This text is purely descriptive and procedural, providing instructions on how to set a referrer policy to prevent data leakage. It does not make a normative claim about why a specific design property (e.g. minimal exposure, compartmentalization) leads to better security outcomes.
</reasoning>
<answer>NO</answer>",,,FALSE
57,ASVS-U00058,"Verify that the web application uses the frame-ancestors directive of the Content-Security-Policy header field for every HTTP response to ensure that it cannot be embedded by default and that embedding of specific resources is allowed only when necessary. Note that the X-Frame-Options header field, although supported by browsers, is obsolete and may not be relied upon.",V3.4.6,V3,Web Frontend Security,V3.4,Browser Security Mechanism Headers,2,56,Claim,Claim,0.9843,0.9843,0.0011,0.0146,14,,False,False,NO,NONE,NONE,0,"This text is primarily descriptive and procedural, providing guidance on how to implement a specific security measure (Content-Security-Policy header field) without making a normative claim about why this design choice improves security. The text explains what to do and how to do it, but it doesn't argue that a specific design property (e.g., isolation, minimal access) is the reason for improved security.",,,"<reasoning>
This text is primarily descriptive and procedural, providing guidance on how to implement a specific security measure (Content-Security-Policy header field) without making a normative claim about why this design choice improves security. The text explains what to do and how to do it, but it doesn't argue that a specific design property (e.g., isolation, minimal access) is the reason for improved security.
</reasoning>
<answer>NO</answer>",,,FALSE
58,ASVS-U00059,Verify that the Content-Security-Policy header field specifies a location to report violations.,V3.4.7,V3,Web Frontend Security,V3.4,Browser Security Mechanism Headers,3,12,Claim,Claim,0.9941,0.9941,0.0013,0.0046,15,,False,True,NO,NONE,NONE,0,"This text is purely procedural, providing a specific instruction without explaining why specifying a location to report violations improves security. There is no normative claim or design argument connecting a design property to a security outcome.",,,"<reasoning>
This text is purely procedural, providing a specific instruction without explaining why specifying a location to report violations improves security. There is no normative claim or design argument connecting a design property to a security outcome.
</reasoning>
<answer>NO</answer>",,,FALSE
59,ASVS-U00060,"Verify that all HTTP responses that initiate a document rendering (such as responses with Content-Type text/html), include the Cross‑Origin‑Opener‑Policy header field with the same-origin directive or the same-origin-allow-popups directive as required. This prevents attacks that abuse shared access to Window objects, such as tabnabbing and frame counting.",V3.4.8,V3,Web Frontend Security,V3.4,Browser Security Mechanism Headers,3,47,Evidence,Evidence,0.9906,0.0079,0.0015,0.9906,16,15,False,False,NO,NONE,NONE,0,"This text does not contain a normative design argument. It provides a specific recommendation for including a particular header field in HTTP responses, but it does not explain why this design choice improves security outcomes. The text describes the attack scenarios that this measure prevents, but it does not argue that a specific design property (e.g., isolation, minimal access) is the reason for the improved security.",,,"<reasoning>
This text does not contain a normative design argument. It provides a specific recommendation for including a particular header field in HTTP responses, but it does not explain why this design choice improves security outcomes. The text describes the attack scenarios that this measure prevents, but it does not argue that a specific design property (e.g., isolation, minimal access) is the reason for the improved security.
</reasoning>
<answer>NO</answer>",,,FALSE
60,ASVS-U00061,"Verify that, if the application does not rely on the CORS preflight mechanism to prevent disallowed cross-origin requests to use sensitive functionality, these requests are validated to ensure they originate from the application itself. This may be done by using and validating anti-forgery tokens or requiring extra HTTP header fields that are not CORS-safelisted request-header fields. This is to defend against browser-based request forgery attacks, commonly known as cross-site request forgery (CSRF).",V3.5.1,V3,Web Frontend Security,V3.5,Browser Origin Separation,1,72,Claim,Claim,0.9955,0.9955,0.0024,0.0021,17,,False,False,NO,NONE,NONE,0,"This text primarily provides a practical solution to a specific security issue (CSRF) and describes how to implement it, without making a normative claim about why a specific design property (e.g., validation of anti-forgery tokens) leads to better security outcomes. The text focuses on the ""what"" and ""how"" rather than the ""why"".",,,"<reasoning>
This text primarily provides a practical solution to a specific security issue (CSRF) and describes how to implement it, without making a normative claim about why a specific design property (e.g., validation of anti-forgery tokens) leads to better security outcomes. The text focuses on the ""what"" and ""how"" rather than the ""why"".
</reasoning>
<answer>NO</answer>",,,FALSE
61,ASVS-U00062,"Verify that, if the application relies on the CORS preflight mechanism to prevent disallowed cross-origin use of sensitive functionality, it is not possible to call the functionality with a request which does not trigger a CORS-preflight request. This may require checking the values of the 'Origin' and 'Content-Type' request header fields or using an extra header field that is not a CORS-safelisted header-field.",V3.5.2,V3,Web Frontend Security,V3.5,Browser Origin Separation,1,63,Claim,Claim,0.9939,0.9939,0.0014,0.0047,18,,False,True,NO,NONE,NONE,0,"This text provides a specific guidance on how to implement CORS preflight mechanism to prevent disallowed cross-origin use of sensitive functionality, but it does not make a normative claim about why this design choice improves security. The text is purely procedural, describing how to check the values of specific request header fields to ensure the CORS preflight mechanism is triggered.",,,"<reasoning>
This text provides a specific guidance on how to implement CORS preflight mechanism to prevent disallowed cross-origin use of sensitive functionality, but it does not make a normative claim about why this design choice improves security. The text is purely procedural, describing how to check the values of specific request header fields to ensure the CORS preflight mechanism is triggered.
</reasoning>
<answer>NO</answer>",,,FALSE
62,ASVS-U00063,"Verify that HTTP requests to sensitive functionality use appropriate HTTP methods such as POST, PUT, PATCH, or DELETE, and not methods defined by the HTTP specification as ""safe"" such as HEAD, OPTIONS, or GET. Alternatively, strict validation of the Sec-Fetch-* request header fields can be used to ensure that the request did not originate from an inappropriate cross-origin call, a navigation request, or a resource load (such as an image source) where this is not expected.",V3.5.3,V3,Web Frontend Security,V3.5,Browser Origin Separation,1,76,Evidence,Evidence,0.9877,0.0108,0.0015,0.9877,19,18,False,False,NO,NONE,NONE,0,"This text provides a specific guidance on how to verify HTTP requests, but it does not make a normative claim about why a specific design property (e.g. using specific HTTP methods or validating request headers) leads to better security outcomes. The text is purely procedural and operational, describing what to do without arguing why it improves security.",,,"<reasoning>
This text provides a specific guidance on how to verify HTTP requests, but it does not make a normative claim about why a specific design property (e.g. using specific HTTP methods or validating request headers) leads to better security outcomes. The text is purely procedural and operational, describing what to do without arguing why it improves security.
</reasoning>
<answer>NO</answer>",,,FALSE
63,ASVS-U00064,"Verify that separate applications are hosted on different hostnames to leverage the restrictions provided by same-origin policy, including how documents or scripts loaded by one origin can interact with resources from another origin and hostname-based restrictions on cookies.",V3.5.4,V3,Web Frontend Security,V3.5,Browser Origin Separation,2,38,Claim,Claim,0.9891,0.9891,0.0011,0.0098,20,,False,False,NO,NONE,NONE,0,"This text describes a specific design choice (hosting separate applications on different hostnames) and explains how it leverages the same-origin policy to restrict interactions between origins. However, it does not explicitly argue that this design property (separation of hostnames) is the reason for improved security outcomes. The text primarily focuses on describing the mechanism rather than making a normative claim about the security benefits.",,,"<reasoning>
This text describes a specific design choice (hosting separate applications on different hostnames) and explains how it leverages the same-origin policy to restrict interactions between origins. However, it does not explicitly argue that this design property (separation of hostnames) is the reason for improved security outcomes. The text primarily focuses on describing the mechanism rather than making a normative claim about the security benefits.
</reasoning>
<answer>NO</answer>",,,FALSE
64,ASVS-U00065,"Verify that messages received by the postMessage interface are discarded if the origin of the message is not trusted, or if the syntax of the message is invalid.",V3.5.5,V3,Web Frontend Security,V3.5,Browser Origin Separation,2,28,Claim,Claim,0.9949,0.9949,0.0023,0.0028,21,,False,False,NO,NONE,NONE,0,"This text is purely procedural, providing a specific instruction on how to handle messages received through the postMessage interface. It does not make a normative claim about why this design choice improves security outcomes. The text does not argue that a specific design property, such as isolation or minimal access, is the reason for better security.",,,"<reasoning>
This text is purely procedural, providing a specific instruction on how to handle messages received through the postMessage interface. It does not make a normative claim about why this design choice improves security outcomes. The text does not argue that a specific design property, such as isolation or minimal access, is the reason for better security.
</reasoning>
<answer>NO</answer>",,,FALSE
65,ASVS-U00066,Verify that JSONP functionality is not enabled anywhere across the application to avoid Cross-Site Script Inclusion (XSSI) attacks.,V3.5.6,V3,Web Frontend Security,V3.5,Browser Origin Separation,3,18,Claim,Claim,0.9956,0.9956,0.0018,0.0026,22,,False,False,NO,NONE,NONE,0,"This text is purely procedural and operational, as it instructs to verify and disable a specific functionality to avoid a particular type of attack. There is no normative claim or argument about why disabling JSONP functionality leads to better security outcomes.",,,"<reasoning>
This text is purely procedural and operational, as it instructs to verify and disable a specific functionality to avoid a particular type of attack. There is no normative claim or argument about why disabling JSONP functionality leads to better security outcomes.
</reasoning>
<answer>NO</answer>",,,FALSE
66,ASVS-U00067,"Verify that data requiring authorization is not included in script resource responses, like JavaScript files, to prevent Cross-Site Script Inclusion (XSSI) attacks.",V3.5.7,V3,Web Frontend Security,V3.5,Browser Origin Separation,3,22,Claim,Claim,0.9842,0.9842,0.0009,0.0149,23,,False,True,NO,NONE,NONE,0,"This text is purely procedural and descriptive, providing a specific security recommendation without explaining why this design choice improves security. It does not make a normative claim about a specific design property (e.g., minimal exposure, least privilege) being the reason for better security outcomes.",,,"<reasoning>
This text is purely procedural and descriptive, providing a specific security recommendation without explaining why this design choice improves security. It does not make a normative claim about a specific design property (e.g., minimal exposure, least privilege) being the reason for better security outcomes.
</reasoning>
<answer>NO</answer>",,,FALSE
67,ASVS-U00068,"Verify that authenticated resources (such as images, videos, scripts, and other documents) can be loaded or embedded on behalf of the user only when intended. This can be accomplished by strict validation of the Sec-Fetch-* HTTP request header fields to ensure that the request did not originate from an inappropriate cross-origin call, or by setting a restrictive Cross-Origin-Resource-Policy HTTP response header field to instruct the browser to block returned content.",V3.5.8,V3,Web Frontend Security,V3.5,Browser Origin Separation,3,70,Evidence,Evidence,0.9888,0.01,0.0012,0.9888,24,23,False,False,NO,NONE,NONE,0,"This text provides a practical instruction on how to validate HTTP request headers and set a restrictive policy to block returned content, but it does not make a normative claim about why this design choice improves security. It does not argue that a specific design property (e.g. strict validation, restrictive policy) is the reason for better security outcomes.",,,"<reasoning>
This text provides a practical instruction on how to validate HTTP request headers and set a restrictive policy to block returned content, but it does not make a normative claim about why this design choice improves security. It does not argue that a specific design property (e.g. strict validation, restrictive policy) is the reason for better security outcomes.
</reasoning>
<answer>NO</answer>",,,FALSE
68,ASVS-U00069,"Verify that client-side assets, such as JavaScript libraries, CSS, or web fonts, are only hosted externally (e.g., on a Content Delivery Network) if the resource is static and versioned and Subresource Integrity (SRI) is used to validate the integrity of the asset. If this is not possible, there should be a documented security decision to justify this for each resource.",V3.6.1,V3,Web Frontend Security,V3.6,External Resource Integrity,3,60,Evidence,Evidence,0.9911,0.0075,0.0015,0.9911,25,23,False,False,NO,NONE,NONE,0,"This text provides a conditional guideline for hosting client-side assets, but it does not make a normative claim about why a specific design property (e.g., using SRI or hosting assets externally) improves security. The text primarily focuses on describing a procedure for verifying and justifying the hosting of assets, rather than arguing why a particular design choice leads to better security outcomes.",,,"<reasoning>
This text provides a conditional guideline for hosting client-side assets, but it does not make a normative claim about why a specific design property (e.g., using SRI or hosting assets externally) improves security. The text primarily focuses on describing a procedure for verifying and justifying the hosting of assets, rather than arguing why a particular design choice leads to better security outcomes.
</reasoning>
<answer>NO</answer>",,,FALSE
69,ASVS-U00070,"Verify that the application only uses client-side technologies which are still supported and considered secure. Examples of technologies which do not meet this requirement include NSAPI plugins, Flash, Shockwave, ActiveX, Silverlight, NACL, or client-side Java applets.",V3.7.1,V3,Web Frontend Security,V3.7,Other Browser Security Considerations,2,36,Claim,Claim,0.819,0.819,0.0015,0.1795,26,,False,False,NO,NONE,NONE,0,"This text does not contain a normative design argument. It provides a list of technologies that should be avoided, but it does not explain why using only supported and secure client-side technologies leads to better security outcomes. The text is purely descriptive and procedural, providing a checklist of technologies to verify.",,,"<reasoning>
This text does not contain a normative design argument. It provides a list of technologies that should be avoided, but it does not explain why using only supported and secure client-side technologies leads to better security outcomes. The text is purely descriptive and procedural, providing a checklist of technologies to verify.
</reasoning>
<answer>NO</answer>",,,FALSE
70,ASVS-U00071,Verify that the application will only automatically redirect the user to a different hostname or domain (which is not controlled by the application) where the destination appears on an allowlist.,V3.7.2,V3,Web Frontend Security,V3.7,Other Browser Security Considerations,2,30,Claim,Claim,0.9805,0.9805,0.0011,0.0184,27,,False,False,NO,NONE,NONE,0,"This text is purely procedural and operational, providing a specific guideline for verifying a security control without explaining why this control is necessary or how it improves security. There is no normative claim or argument about a specific design property leading to better security outcomes.",,,"<reasoning>
This text is purely procedural and operational, providing a specific guideline for verifying a security control without explaining why this control is necessary or how it improves security. There is no normative claim or argument about a specific design property leading to better security outcomes.
</reasoning>
<answer>NO</answer>",,,FALSE
71,ASVS-U00072,"Verify that the application shows a notification when the user is being redirected to a URL outside of the application's control, with an option to cancel the navigation.",V3.7.3,V3,Web Frontend Security,V3.7,Other Browser Security Considerations,3,28,Claim,Claim,0.9933,0.9933,0.0014,0.0053,28,,False,True,NO,NONE,NONE,0,"This text is purely procedural, providing a specific instruction on how to implement a security feature without explaining why this design choice improves security. There is no normative claim connecting a design property to a security outcome.",,,"<reasoning>
This text is purely procedural, providing a specific instruction on how to implement a security feature without explaining why this design choice improves security. There is no normative claim connecting a design property to a security outcome.
</reasoning>
<answer>NO</answer>",,,FALSE
72,ASVS-U00073,"Verify that the application's top-level domain (e.g., site.tld) is added to the public preload list for HTTP Strict Transport Security (HSTS). This ensures that the use of TLS for the application is built directly into the main browsers, rather than relying only on the Strict-Transport-Security response header field.",V3.7.4,V3,Web Frontend Security,V3.7,Other Browser Security Considerations,3,48,Evidence,Evidence,0.9847,0.0137,0.0016,0.9847,29,28,False,False,NO,NONE,NONE,0,"This text is primarily descriptive and procedural, explaining how to implement HSTS and its effect on browsers. While it mentions a security benefit (ensuring TLS use), it doesn't make a normative claim about why this design property (in this case, preloading the top-level domain) leads to better security outcomes.",,,"<reasoning>
This text is primarily descriptive and procedural, explaining how to implement HSTS and its effect on browsers. While it mentions a security benefit (ensuring TLS use), it doesn't make a normative claim about why this design property (in this case, preloading the top-level domain) leads to better security outcomes.
</reasoning>
<answer>NO</answer>",,,FALSE
73,ASVS-U00074,Verify that the application behaves as documented (such as warning the user or blocking access) if the browser used to access the application does not support the expected security features.,V3.7.5,V3,Web Frontend Security,V3.7,Other Browser Security Considerations,3,30,Evidence,Evidence,0.8854,0.1128,0.0018,0.8854,30,28,False,False,NO,NONE,NONE,0,"This text is purely procedural and operational, as it instructs to verify the application's behavior in a specific scenario without providing a normative claim about why a particular design property improves security. It does not argue that a specific design choice (e.g., warning the user or blocking access) leads to better security outcomes.",,,"<reasoning>
This text is purely procedural and operational, as it instructs to verify the application's behavior in a specific scenario without providing a normative claim about why a particular design property improves security. It does not argue that a specific design choice (e.g., warning the user or blocking access) leads to better security outcomes.
</reasoning>
<answer>NO</answer>",,,FALSE
74,ASVS-U00075,"Verify that every HTTP response with a message body contains a Content-Type header field that matches the actual content of the response, including the charset parameter to specify safe character encoding (e.g., UTF-8, ISO-8859-1) according to IANA Media Types, such as ""text/"", ""/+xml"" and ""/xml"".",V4.1.1,V4,API and Web Service,V4.1,Generic Web Service Security,1,45,Evidence,Evidence,0.9921,0.0066,0.0014,0.9921,0,1,False,False,NO,NONE,NONE,0,"This text provides a specific guideline for configuring HTTP responses, but it does not make a normative claim about why this configuration improves security. It simply states what to do without explaining why it matters for security.",,,"<reasoning>
This text provides a specific guideline for configuring HTTP responses, but it does not make a normative claim about why this configuration improves security. It simply states what to do without explaining why it matters for security.
</reasoning>
<answer>NO</answer>",,,FALSE
75,ASVS-U00076,"Verify that only user-facing endpoints (intended for manual web-browser access) automatically redirect from HTTP to HTTPS, while other services or endpoints do not implement transparent redirects. This is to avoid a situation where a client is erroneously sending unencrypted HTTP requests, but since the requests are being automatically redirected to HTTPS, the leakage of sensitive data goes undiscovered.",V4.1.2,V4,API and Web Service,V4.1,Generic Web Service Security,2,58,Claim,Claim,0.9947,0.9947,0.0016,0.0037,1,,False,True,YES,Trust and Verification,Minimum Trust and Maximum Trustworthiness,1,"This text explains why a specific design choice (only redirecting user-facing endpoints from HTTP to HTTPS) is important for security, arguing that it prevents a specific security risk (leakage of sensitive data). The text makes a normative claim that this design property (selective redirects) leads to better security outcomes.","The core security argument in the text is that automatic redirects from HTTP to HTTPS should be limited to user-facing endpoints to prevent sensitive data leakage. This belongs to the Trust and Verification family because it's about verifying the security of access to certain endpoints and ensuring that access is not taken for granted. The text is concerned with checking and controlling access to sensitive data, which is a key aspect of trust and verification.","The core argument is that trusting automatic redirects without verification can lead to a situation where sensitive data is leaked without being discovered. This is a trust assumption problem, as the system is relying on the redirects to work correctly without checking. This maps to the principle of Minimum Trust and Maximum Trustworthiness, as it highlights the importance of verifying the behavior of components rather than simply trusting them.","<reasoning>
This text explains why a specific design choice (only redirecting user-facing endpoints from HTTP to HTTPS) is important for security, arguing that it prevents a specific security risk (leakage of sensitive data). The text makes a normative claim that this design property (selective redirects) leads to better security outcomes.
</reasoning>
<answer>YES</answer>","<reasoning>
The core security argument in the text is that automatic redirects from HTTP to HTTPS should be limited to user-facing endpoints to prevent sensitive data leakage. This belongs to the Trust and Verification family because it's about verifying the security of access to certain endpoints and ensuring that access is not taken for granted. The text is concerned with checking and controlling access to sensitive data, which is a key aspect of trust and verification.
</reasoning>
<answer>2. Trust and Verification</answer>","<reasoning>
The core argument is that trusting automatic redirects without verification can lead to a situation where sensitive data is leaked without being discovered. This is a trust assumption problem, as the system is relying on the redirects to work correctly without checking. This maps to the principle of Minimum Trust and Maximum Trustworthiness, as it highlights the importance of verifying the behavior of components rather than simply trusting them.
</reasoning>
<answer>Minimum Trust and Maximum Trustworthiness</answer>",FALSE
76,ASVS-U00077,"Verify that any HTTP header field used by the application and set by an intermediary layer, such as a load balancer, a web proxy, or a backend-for-frontend service, cannot be overridden by the end-user. Example headers might include X-Real-IP, X-Forwarded-*, or X-User-ID.",V4.1.3,V4,API and Web Service,V4.1,Generic Web Service Security,2,42,Evidence,Evidence,0.9819,0.0167,0.0014,0.9819,2,1,False,False,NO,NONE,NONE,0,"This text does not contain a normative design argument. It provides a specific recommendation for a security practice, but it does not explain why this practice improves security outcomes. The text describes what to do (verify that certain headers cannot be overridden) but does not argue why this design property (e.g., non-overridability of headers) leads to better security.",,,"<reasoning>
This text does not contain a normative design argument. It provides a specific recommendation for a security practice, but it does not explain why this practice improves security outcomes. The text describes what to do (verify that certain headers cannot be overridden) but does not argue why this design property (e.g., non-overridability of headers) leads to better security.
</reasoning>
<answer>NO</answer>",,,FALSE
77,ASVS-U00078,Verify that only HTTP methods that are explicitly supported by the application or its API (including OPTIONS during preflight requests) can be used and that unused methods are blocked.,V4.1.4,V4,API and Web Service,V4.1,Generic Web Service Security,3,29,Claim,Claim,0.9886,0.9886,0.0011,0.0102,3,,False,False,NO,NONE,NONE,0,"This text is purely procedural and descriptive, providing a specific guideline for configuring HTTP methods without explaining why this configuration improves security. There is no normative claim or argument about how this design property (e.g., limiting HTTP methods) leads to better security outcomes.",,,"<reasoning>
This text is purely procedural and descriptive, providing a specific guideline for configuring HTTP methods without explaining why this configuration improves security. There is no normative claim or argument about how this design property (e.g., limiting HTTP methods) leads to better security outcomes.
</reasoning>
<answer>NO</answer>",,,FALSE
78,ASVS-U00079,Verify that per-message digital signatures are used to provide additional assurance on top of transport protections for requests or transactions which are highly sensitive or which traverse a number of systems.,V4.1.5,V4,API and Web Service,V4.1,Generic Web Service Security,3,31,Claim,Claim,0.9951,0.9951,0.0019,0.0029,4,,False,True,NO,NONE,NONE,0,"This text is primarily descriptive and procedural, as it instructs to verify the use of per-message digital signatures without explaining why this design choice improves security. The text does not make a normative claim about the benefits of digital signatures in terms of a specific security design principle, such as authenticity or non-repudiation.",,,"<reasoning>
This text is primarily descriptive and procedural, as it instructs to verify the use of per-message digital signatures without explaining why this design choice improves security. The text does not make a normative claim about the benefits of digital signatures in terms of a specific security design principle, such as authenticity or non-repudiation.
</reasoning>
<answer>NO</answer>",,,FALSE
79,ASVS-U00080,"Verify that all application components (including load balancers, firewalls, and application servers) determine boundaries of incoming HTTP messages using the appropriate mechanism for the HTTP version to prevent HTTP request smuggling. In HTTP/1.x, if a Transfer-Encoding header field is present, the Content-Length header must be ignored per RFC 2616. When using HTTP/2 or HTTP/3, if a Content-Length header field is present, the receiver must ensure that it is consistent with the length of the DATA frames.",V4.2.1,V4,API and Web Service,V4.2,HTTP Message Structure Validation,2,76,Evidence,Evidence,0.7736,0.2249,0.0015,0.7736,5,4,False,False,NO,NONE,NONE,0,"This text is purely descriptive and procedural, providing instructions on how to verify and handle HTTP messages to prevent HTTP request smuggling. It does not make a normative claim about why a specific design property (e.g., boundary checking, header validation) improves security outcomes.",,,"<reasoning>
This text is purely descriptive and procedural, providing instructions on how to verify and handle HTTP messages to prevent HTTP request smuggling. It does not make a normative claim about why a specific design property (e.g., boundary checking, header validation) improves security outcomes.
</reasoning>
<answer>NO</answer>",,,FALSE
80,ASVS-U00081,"Verify that when generating HTTP messages, the Content-Length header field does not conflict with the length of the content as determined by the framing of the HTTP protocol, in order to prevent request smuggling attacks.",V4.2.2,V4,API and Web Service,V4.2,HTTP Message Structure Validation,3,35,Claim,Claim,0.9941,0.9941,0.0016,0.0043,6,,False,True,NO,NONE,NONE,0,"This text is purely procedural and descriptive, providing a specific guideline for generating HTTP messages to prevent request smuggling attacks. It does not make a normative claim about a specific design property (e.g., simplicity, compartmentalization, etc.) being the reason for improved security outcomes.",,,"<reasoning>
This text is purely procedural and descriptive, providing a specific guideline for generating HTTP messages to prevent request smuggling attacks. It does not make a normative claim about a specific design property (e.g., simplicity, compartmentalization, etc.) being the reason for improved security outcomes.
</reasoning>
<answer>NO</answer>",,,FALSE
81,ASVS-U00082,Verify that the application does not send nor accept HTTP/2 or HTTP/3 messages with connection-specific header fields such as Transfer-Encoding to prevent response splitting and header injection attacks.,V4.2.3,V4,API and Web Service,V4.2,HTTP Message Structure Validation,3,28,Evidence,Evidence,0.986,0.0125,0.0015,0.986,7,6,False,False,NO,NONE,NONE,0,"This text is purely procedural and descriptive, providing a specific guideline for verifying the security of an application. It does not make a normative claim about why a specific design property (e.g. avoiding connection-specific header fields) leads to better security outcomes. The text focuses on what to do to prevent specific attacks, rather than arguing why a particular design choice improves security.",,,"<reasoning>
This text is purely procedural and descriptive, providing a specific guideline for verifying the security of an application. It does not make a normative claim about why a specific design property (e.g. avoiding connection-specific header fields) leads to better security outcomes. The text focuses on what to do to prevent specific attacks, rather than arguing why a particular design choice improves security.
</reasoning>
<answer>NO</answer>",,,FALSE
82,ASVS-U00083,"Verify that the application only accepts HTTP/2 and HTTP/3 requests where the header fields and values do not contain any CR (\r), LF (\n), or CRLF (\r\n) sequences, to prevent header injection attacks.",V4.2.4,V4,API and Web Service,V4.2,HTTP Message Structure Validation,3,33,Evidence,Evidence,0.815,0.1835,0.0014,0.815,8,6,False,False,NO,NONE,NONE,0,"This text is purely procedural and descriptive, providing a specific security control to prevent header injection attacks. It does not make a normative claim about why a specific design property (e.g., input validation, protocol restriction) leads to better security outcomes.",,,"<reasoning>
This text is purely procedural and descriptive, providing a specific security control to prevent header injection attacks. It does not make a normative claim about why a specific design property (e.g., input validation, protocol restriction) leads to better security outcomes.
</reasoning>
<answer>NO</answer>",,,FALSE
83,ASVS-U00084,"Verify that, if the application (backend or frontend) builds and sends requests, it uses validation, sanitization, or other mechanisms to avoid creating URIs (such as for API calls) or HTTP request header fields (such as Authorization or Cookie), which are too long to be accepted by the receiving component. This could cause a denial of service, such as when sending an overly long request (e.g., a long cookie header field), which results in the server always responding with an error status.",V4.2.5,V4,API and Web Service,V4.2,HTTP Message Structure Validation,3,81,Evidence,Evidence,0.9901,0.0082,0.0017,0.9901,9,6,False,False,NO,NONE,NONE,0,"This text primarily describes a security concern (denial of service) and provides guidance on how to avoid it (using validation, sanitization, or other mechanisms). While it mentions a potential security outcome, it does not make a normative claim about a specific design property (e.g., simplicity, compartmentalization) being the reason for improved security.",,,"<reasoning>
This text primarily describes a security concern (denial of service) and provides guidance on how to avoid it (using validation, sanitization, or other mechanisms). While it mentions a potential security outcome, it does not make a normative claim about a specific design property (e.g., simplicity, compartmentalization) being the reason for improved security.
</reasoning>
<answer>NO</answer>",,,FALSE
84,ASVS-U00085,"Verify that a query allowlist, depth limiting, amount limiting, or query cost analysis is used to prevent GraphQL or data layer expression Denial of Service (DoS) as a result of expensive, nested queries.",V4.3.1,V4,API and Web Service,V4.3,GraphQL,2,33,Claim,Claim,0.9857,0.9857,0.0013,0.013,10,,False,False,NO,NONE,NONE,0,"This text does not contain a normative design argument. It provides a list of measures to prevent DoS attacks, but it does not explain why these measures are effective or how they contribute to better security outcomes. The text is primarily descriptive and procedural, focusing on what to do rather than why it improves security.",,,"<reasoning>
This text does not contain a normative design argument. It provides a list of measures to prevent DoS attacks, but it does not explain why these measures are effective or how they contribute to better security outcomes. The text is primarily descriptive and procedural, focusing on what to do rather than why it improves security.
</reasoning>
<answer>NO</answer>",,,FALSE
85,ASVS-U00086,Verify that GraphQL introspection queries are disabled in the production environment unless the GraphQL API is meant to be used by other parties.,V4.3.2,V4,API and Web Service,V4.3,GraphQL,2,23,Claim,Claim,0.9921,0.9921,0.0013,0.0066,11,,False,False,NO,NONE,NONE,0,"This text is purely procedural and operational, providing a specific recommendation for a production environment without explaining why disabling GraphQL introspection queries improves security. There is no normative claim connecting a design property to a security outcome.",,,"<reasoning>
This text is purely procedural and operational, providing a specific recommendation for a production environment without explaining why disabling GraphQL introspection queries improves security. There is no normative claim connecting a design property to a security outcome.
</reasoning>
<answer>NO</answer>",,,FALSE
86,ASVS-U00087,Verify that WebSocket over TLS (WSS) is used for all WebSocket connections.,V4.4.1,V4,API and Web Service,V4.4,WebSocket,1,12,Claim,Claim,0.9931,0.9931,0.0032,0.0037,12,,False,False,NO,NONE,NONE,0,"This text is purely procedural, instructing the reader to verify the use of WSS for WebSocket connections. There is no normative claim or argument about why using WSS leads to better security outcomes.",,,"<reasoning>
This text is purely procedural, instructing the reader to verify the use of WSS for WebSocket connections. There is no normative claim or argument about why using WSS leads to better security outcomes.
</reasoning>
<answer>NO</answer>",,,FALSE
87,ASVS-U00088,"Verify that, during the initial HTTP WebSocket handshake, the Origin header field is checked against a list of origins allowed for the application.",V4.4.2,V4,API and Web Service,V4.4,WebSocket,2,23,Claim,Claim,0.9762,0.9762,0.0014,0.0224,13,,False,False,NO,NONE,NONE,0,"This text is purely procedural, providing a specific step to take during the HTTP WebSocket handshake. It does not make a normative claim about why checking the Origin header field against a list of allowed origins improves security outcomes. There is no argument about how this design property (e.g., input validation, access control) leads to better security.",,,"<reasoning>
This text is purely procedural, providing a specific step to take during the HTTP WebSocket handshake. It does not make a normative claim about why checking the Origin header field against a list of allowed origins improves security outcomes. There is no argument about how this design property (e.g., input validation, access control) leads to better security.
</reasoning>
<answer>NO</answer>",,,FALSE
88,ASVS-U00089,"Verify that, if the application's standard session management cannot be used, dedicated tokens are being used for this, which comply with the relevant Session Management security requirements.",V4.4.3,V4,API and Web Service,V4.4,WebSocket,2,27,Claim,Claim,0.993,0.993,0.001,0.006,14,,False,False,NO,NONE,NONE,0,"This text is purely procedural and descriptive, providing a checklist item for verifying the use of dedicated tokens in a specific scenario. It does not make a normative claim about why using dedicated tokens leads to better security outcomes or how it relates to a specific design principle.",,,"<reasoning>
This text is purely procedural and descriptive, providing a checklist item for verifying the use of dedicated tokens in a specific scenario. It does not make a normative claim about why using dedicated tokens leads to better security outcomes or how it relates to a specific design principle.
</reasoning>
<answer>NO</answer>",,,FALSE
89,ASVS-U00090,Verify that dedicated WebSocket session management tokens are initially obtained or validated through the previously authenticated HTTPS session when transitioning an existing HTTPS session to a WebSocket channel.,V4.4.4,V4,API and Web Service,V4.4,WebSocket,2,28,Claim,Claim,0.9932,0.9932,0.0019,0.0049,15,,False,False,NO,NONE,NONE,0,"This text is purely procedural and descriptive, providing instructions on how to manage WebSocket session tokens. It does not make a normative claim about why this design choice improves security outcomes. There is no argument about how this design property (e.g., validation through authenticated HTTPS session) leads to better security.",,,"<reasoning>
This text is purely procedural and descriptive, providing instructions on how to manage WebSocket session tokens. It does not make a normative claim about why this design choice improves security outcomes. There is no argument about how this design property (e.g., validation through authenticated HTTPS session) leads to better security.
</reasoning>
<answer>NO</answer>",,,FALSE
90,ASVS-U00091,"Verify that the documentation defines the permitted file types, expected file extensions, and maximum size (including unpacked size) for each upload feature. Additionally, ensure that the documentation specifies how files are made safe for end-users to download and process, such as how the application behaves when a malicious file is detected.",V5.1.1,V5,File Handling,V5.1,File Handling Documentation,2,51,Evidence,Evidence,0.978,0.02,0.002,0.978,0,1,False,False,NO,NONE,NONE,0,"This text is purely procedural and operational, providing guidance on what to verify in the documentation, but it does not make a normative claim about why a specific design property (e.g., file type restrictions, maximum size limits) improves security outcomes. The text focuses on what to do, rather than arguing why a particular design choice leads to better security.",,,"<reasoning>
This text is purely procedural and operational, providing guidance on what to verify in the documentation, but it does not make a normative claim about why a specific design property (e.g., file type restrictions, maximum size limits) improves security outcomes. The text focuses on what to do, rather than arguing why a particular design choice leads to better security.
</reasoning>
<answer>NO</answer>",,,FALSE
91,ASVS-U00092,Verify that the application will only accept files of a size which it can process without causing a loss of performance or a denial of service attack.,V5.2.1,V5,File Handling,V5.2,File Upload and Content,1,27,Claim,Claim,0.9939,0.9939,0.0013,0.0048,1,,False,True,NO,NONE,NONE,0,"This text does not contain a normative design argument. It provides a practical instruction to verify a specific application behavior without explaining why this behavior is essential for security. The text focuses on the ""what"" (verifying file size) rather than the ""why"" (how this design choice improves security).",,,"<reasoning>
This text does not contain a normative design argument. It provides a practical instruction to verify a specific application behavior without explaining why this behavior is essential for security. The text focuses on the ""what"" (verifying file size) rather than the ""why"" (how this design choice improves security).
</reasoning>
<answer>NO</answer>",,,FALSE
92,ASVS-U00093,"Verify that when the application accepts a file, either on its own or within an archive such as a zip file, it checks if the file extension matches an expected file extension and validates that the contents correspond to the type represented by the extension. This includes, but is not limited to, checking the initial 'magic bytes', performing image re-writing, and using specialized libraries for file content validation. For L1, this can focus just on files which are used to make specific business or security decisions. For L2 and up, this must apply to all files being accepted.",V5.2.2,V5,File Handling,V5.2,File Upload and Content,1,98,Evidence,Evidence,0.9824,0.0158,0.0018,0.9824,2,1,False,False,NO,NONE,NONE,0,"This text primarily provides procedural advice on how to validate file extensions and contents, without making a normative claim about why this design choice improves security. The text describes what to do and how to do it, but does not argue that a specific design property (e.g. input validation, file type checking) is the reason the system becomes more secure.",,,"<reasoning>
This text primarily provides procedural advice on how to validate file extensions and contents, without making a normative claim about why this design choice improves security. The text describes what to do and how to do it, but does not argue that a specific design property (e.g. input validation, file type checking) is the reason the system becomes more secure.
</reasoning>
<answer>NO</answer>",,,FALSE
93,ASVS-U00094,"Verify that the application checks compressed files (e.g., zip, gz, docx, odt) against maximum allowed uncompressed size and against maximum number of files before uncompressing the file.",V5.2.3,V5,File Handling,V5.2,File Upload and Content,2,27,Evidence,Evidence,0.9907,0.008,0.0013,0.9907,3,1,False,False,NO,NONE,NONE,0,"This text is purely procedural and operational, providing a specific security control to implement without explaining why it improves security. It does not make a normative claim about a design property (e.g., minimal exposure, least privilege) leading to better security outcomes.",,,"<reasoning>
This text is purely procedural and operational, providing a specific security control to implement without explaining why it improves security. It does not make a normative claim about a design property (e.g., minimal exposure, least privilege) leading to better security outcomes.
</reasoning>
<answer>NO</answer>",,,FALSE
94,ASVS-U00095,"Verify that a file size quota and maximum number of files per user are enforced to ensure that a single user cannot fill up the storage with too many files, or excessively large files.",V5.2.4,V5,File Handling,V5.2,File Upload and Content,3,34,Claim,Claim,0.9879,0.9879,0.001,0.0111,4,,False,False,NO,NONE,NONE,0,"This text describes a specific security control (enforcing file size quota and maximum number of files per user) and its purpose (preventing a single user from filling up the storage), but it does not make a normative claim about why this design property (e.g., limiting resource usage) leads to better security outcomes. The text is primarily procedural and operational, focusing on what to do rather than why it improves security.",,,"<reasoning>
This text describes a specific security control (enforcing file size quota and maximum number of files per user) and its purpose (preventing a single user from filling up the storage), but it does not make a normative claim about why this design property (e.g., limiting resource usage) leads to better security outcomes. The text is primarily procedural and operational, focusing on what to do rather than why it improves security.
</reasoning>
<answer>NO</answer>",,,FALSE
95,ASVS-U00096,Verify that the application does not allow uploading compressed files containing symlinks unless this is specifically required (in which case it will be necessary to enforce an allowlist of the files that can be symlinked to).,V5.2.5,V5,File Handling,V5.2,File Upload and Content,3,36,Claim,Claim,0.9894,0.9894,0.0013,0.0093,5,,False,False,NO,NONE,NONE,0,"This text provides a specific guidance on how to handle compressed files with symlinks, but it does not make a normative claim about why this design choice improves security. The text is primarily procedural, focusing on what to do in a specific situation, rather than arguing why a particular design property (e.g. allowlisting) leads to better security outcomes.",,,"<reasoning>
This text provides a specific guidance on how to handle compressed files with symlinks, but it does not make a normative claim about why this design choice improves security. The text is primarily procedural, focusing on what to do in a specific situation, rather than arguing why a particular design property (e.g. allowlisting) leads to better security outcomes.
</reasoning>
<answer>NO</answer>",,,FALSE
96,ASVS-U00097,"Verify that the application rejects uploaded images with a pixel size larger than the maximum allowed, to prevent pixel flood attacks.",V5.2.6,V5,File Handling,V5.2,File Upload and Content,3,21,Claim,Claim,0.9872,0.9872,0.0011,0.0118,6,,False,False,NO,NONE,NONE,0,"This text is purely procedural and descriptive, providing a specific security control to implement without explaining why it improves security. It does not make a normative claim about a design property (e.g., input validation, data normalization) that leads to better security outcomes.",,,"<reasoning>
This text is purely procedural and descriptive, providing a specific security control to implement without explaining why it improves security. It does not make a normative claim about a design property (e.g., input validation, data normalization) that leads to better security outcomes.
</reasoning>
<answer>NO</answer>",,,FALSE
97,ASVS-U00098,"Verify that files uploaded or generated by untrusted input and stored in a public folder, are not executed as server-side program code when accessed directly with an HTTP request.",V5.3.1,V5,File Handling,V5.3,File Storage,1,29,Claim,Claim,0.9951,0.9951,0.0018,0.0031,7,,False,False,NO,NONE,NONE,0,"This text is purely procedural and descriptive, providing a specific security control to implement. It does not make a normative claim about why a specific design property (e.g., isolation, minimal access, etc.) improves security outcomes. The text focuses on what to do (verifying files) rather than arguing why a particular design choice leads to better security.",,,"<reasoning>
This text is purely procedural and descriptive, providing a specific security control to implement. It does not make a normative claim about why a specific design property (e.g., isolation, minimal access, etc.) improves security outcomes. The text focuses on what to do (verifying files) rather than arguing why a particular design choice leads to better security.
</reasoning>
<answer>NO</answer>",,,FALSE
98,ASVS-U00099,"Verify that when the application creates file paths for file operations, instead of user-submitted filenames, it uses internally generated or trusted data, or if user-submitted filenames or file metadata must be used, strict validation and sanitization must be applied. This is to protect against path traversal, local or remote file inclusion (LFI, RFI), and server-side request forgery (SSRF) attacks.",V5.3.2,V5,File Handling,V5.3,File Storage,1,59,Claim,Claim,0.9933,0.9933,0.0013,0.0054,8,,False,True,YES,Trust and Verification,Minimum Trust and Maximum Trustworthiness,1,"This text provides a normative claim that using internally generated or trusted data for file paths, or applying strict validation and sanitization to user-submitted filenames or file metadata, protects against specific types of attacks. The text argues that this design choice (using trusted data or strict validation) is the reason the system becomes more secure. The text is not simply describing a procedure or operation, but rather making a claim about why this design choice improves security.","The core security argument in the text is that the application should not trust user-submitted filenames or file metadata and instead use internally generated or trusted data to prevent attacks such as path traversal, LFI, RFI, and SSRF. This belongs to the Trust and Verification family because it emphasizes the importance of verifying and validating user input to prevent malicious activities, rather than assuming that the input is trustworthy. This principle is about how much to trust components and how to check access, which aligns with the Trust and Verification family.","The core argument is that trusting user-submitted filenames or file metadata without verification can lead to security vulnerabilities such as path traversal, LFI, RFI, and SSRF attacks. This is a trust assumption problem, as the application should not assume that user-input is safe without proper validation and sanitization. This maps to the principle of Minimum Trust and Maximum Trustworthiness.","<reasoning>
This text provides a normative claim that using internally generated or trusted data for file paths, or applying strict validation and sanitization to user-submitted filenames or file metadata, protects against specific types of attacks. The text argues that this design choice (using trusted data or strict validation) is the reason the system becomes more secure. The text is not simply describing a procedure or operation, but rather making a claim about why this design choice improves security.
</reasoning>
<answer>YES</answer>","<reasoning>
The core security argument in the text is that the application should not trust user-submitted filenames or file metadata and instead use internally generated or trusted data to prevent attacks such as path traversal, LFI, RFI, and SSRF. This belongs to the Trust and Verification family because it emphasizes the importance of verifying and validating user input to prevent malicious activities, rather than assuming that the input is trustworthy. This principle is about how much to trust components and how to check access, which aligns with the Trust and Verification family.
</reasoning>
<answer>2. Trust and Verification</answer>","<reasoning>
The core argument is that trusting user-submitted filenames or file metadata without verification can lead to security vulnerabilities such as path traversal, LFI, RFI, and SSRF attacks. This is a trust assumption problem, as the application should not assume that user-input is safe without proper validation and sanitization. This maps to the principle of Minimum Trust and Maximum Trustworthiness.
</reasoning>
<answer>Minimum Trust and Maximum Trustworthiness</answer>",FALSE
99,ASVS-U00100,"Verify that server-side file processing, such as file decompression, ignores user-provided path information to prevent vulnerabilities such as zip slip.",V5.3.3,V5,File Handling,V5.3,File Storage,3,20,Evidence,Evidence,0.9887,0.0099,0.0014,0.9887,9,8,False,False,NO,NONE,NONE,0,"This text is purely descriptive and procedural, as it instructs to verify a specific security measure without explaining why it improves security. The text does not make a normative claim about a design property (e.g., input validation, data separation) that leads to better security outcomes.",,,"<reasoning>
This text is purely descriptive and procedural, as it instructs to verify a specific security measure without explaining why it improves security. The text does not make a normative claim about a design property (e.g., input validation, data separation) that leads to better security outcomes.
</reasoning>
<answer>NO</answer>",,,FALSE
100,ASVS-U00101,"Verify that the application validates or ignores user-submitted filenames, including in a JSON, JSONP, or URL parameter and specifies a filename in the Content-Disposition header field in the response.",V5.4.1,V5,File Handling,V5.4,File Download,2,29,Claim,Claim,0.9737,0.9737,0.001,0.0253,10,,False,True,NO,NONE,NONE,0,"This text is purely procedural and descriptive, providing a specific guideline for validating user-submitted filenames. It does not make a normative claim about why a specific design property (e.g., input validation, output encoding) improves security outcomes. The text focuses on what to do, rather than arguing why a particular design choice leads to better security.",,,"<reasoning>
This text is purely procedural and descriptive, providing a specific guideline for validating user-submitted filenames. It does not make a normative claim about why a specific design property (e.g., input validation, output encoding) improves security outcomes. The text focuses on what to do, rather than arguing why a particular design choice leads to better security.
</reasoning>
<answer>NO</answer>",,,FALSE
101,ASVS-U00102,"Verify that file names served (e.g., in HTTP response header fields or email attachments) are encoded or sanitized (e.g., following RFC 6266) to preserve document structure and prevent injection attacks.",V5.4.2,V5,File Handling,V5.4,File Download,2,30,Evidence,Evidence,0.9831,0.0158,0.0011,0.9831,11,10,False,False,NO,NONE,NONE,0,"This text provides a practical instruction on how to prevent injection attacks by encoding or sanitizing file names, but it does not make a normative claim about why this design property (input validation/sanitization) leads to better security outcomes. The text only describes what to do without explaining why it improves security.",,,"<reasoning>
This text provides a practical instruction on how to prevent injection attacks by encoding or sanitizing file names, but it does not make a normative claim about why this design property (input validation/sanitization) leads to better security outcomes. The text only describes what to do without explaining why it improves security.
</reasoning>
<answer>NO</answer>",,,FALSE
102,ASVS-U00103,Verify that files obtained from untrusted sources are scanned by antivirus scanners to prevent serving of known malicious content.,V5.4.3,V5,File Handling,V5.4,File Download,2,19,Claim,Claim,0.9943,0.9943,0.0024,0.0033,12,,False,False,NO,NONE,NONE,0,"This text is purely procedural and operational, as it provides a specific step to take (scanning files with antivirus scanners) without explaining why this step improves security outcomes. There is no normative claim about a specific design property (e.g., compartmentalization, least privilege) that leads to better security.",,,"<reasoning>
This text is purely procedural and operational, as it provides a specific step to take (scanning files with antivirus scanners) without explaining why this step improves security outcomes. There is no normative claim about a specific design property (e.g., compartmentalization, least privilege) that leads to better security.
</reasoning>
<answer>NO</answer>",,,FALSE
103,ASVS-U00104,"Verify that application documentation defines how controls such as rate limiting, anti-automation, and adaptive response, are used to defend against attacks such as credential stuffing and password brute force. The documentation must make clear how these controls are configured and prevent malicious account lockout.",V6.1.1,V6,Authentication,V6.1,Authentication Documentation,1,44,Evidence,Evidence,0.986,0.012,0.002,0.986,0,1,False,False,NO,NONE,NONE,0,"This text is purely procedural and operational, as it focuses on verifying the documentation of existing controls and their configuration. There is no normative claim or argument about why a specific design property (e.g., rate limiting, anti-automation, adaptive response) leads to better security outcomes.",,,"<reasoning>
This text is purely procedural and operational, as it focuses on verifying the documentation of existing controls and their configuration. There is no normative claim or argument about why a specific design property (e.g., rate limiting, anti-automation, adaptive response) leads to better security outcomes.
</reasoning>
<answer>NO</answer>",,,FALSE
104,ASVS-U00105,"Verify that a list of context-specific words is documented in order to prevent their use in passwords. The list could include permutations of organization names, product names, system identifiers, project codenames, department or role names, and similar.",V6.1.2,V6,Authentication,V6.1,Authentication Documentation,2,37,Claim,Claim,0.9395,0.9395,0.0014,0.0591,1,,False,True,NO,NONE,NONE,0,"This text is purely procedural and operational, providing a practical instruction on what to do (documenting a list of context-specific words) without explaining why this design choice improves security. There is no normative claim connecting a specific design property to a security outcome.",,,"<reasoning>
This text is purely procedural and operational, providing a practical instruction on what to do (documenting a list of context-specific words) without explaining why this design choice improves security. There is no normative claim connecting a specific design property to a security outcome.
</reasoning>
<answer>NO</answer>",,,FALSE
105,ASVS-U00106,"Verify that, if the application includes multiple authentication pathways, these are all documented together with the security controls and authentication strength which must be consistently enforced across them.",V6.1.3,V6,Authentication,V6.1,Authentication Documentation,2,28,Claim,Claim,0.994,0.994,0.0012,0.0048,2,,False,False,NO,NONE,NONE,0,"This text is purely procedural and operational, as it instructs to document and enforce security controls and authentication strength across multiple authentication pathways. There is no normative claim that a specific design property (e.g., consistency, documentation) leads to better security outcomes.",,,"<reasoning>
This text is purely procedural and operational, as it instructs to document and enforce security controls and authentication strength across multiple authentication pathways. There is no normative claim that a specific design property (e.g., consistency, documentation) leads to better security outcomes.
</reasoning>
<answer>NO</answer>",,,FALSE
106,ASVS-U00107,Verify that user set passwords are at least 8 characters in length although a minimum of 15 characters is strongly recommended.,V6.2.1,V6,Authentication,V6.2,Password Security,1,21,Claim,Claim,0.9937,0.9937,0.0026,0.0038,3,,False,False,NO,NONE,NONE,0,"This text provides a recommendation for password length, but it does not make a normative claim about why a specific design property (e.g. password length) improves security outcomes. The text is purely prescriptive, providing a guideline without explaining why it matters for security.",,,"<reasoning>
This text provides a recommendation for password length, but it does not make a normative claim about why a specific design property (e.g. password length) improves security outcomes. The text is purely prescriptive, providing a guideline without explaining why it matters for security.
</reasoning>
<answer>NO</answer>",,,FALSE
107,ASVS-U00108,Verify that password change functionality requires the user's current and new password.,V6.2.3,V6,Authentication,V6.2,Password Security,1,12,Claim,Claim,0.9948,0.9948,0.0023,0.0029,4,,False,True,NO,NONE,NONE,0,This text is purely procedural and does not provide a normative design argument. It simply states a requirement for password change functionality without explaining why this design choice improves security.,,,"<reasoning>
This text is purely procedural and does not provide a normative design argument. It simply states a requirement for password change functionality without explaining why this design choice improves security.
</reasoning>
<answer>NO</answer>",,,FALSE
108,ASVS-U00109,"Verify that passwords submitted during account registration or password change are checked against an available set of, at least, the top 3000 passwords which match the application's password policy, e.g. minimum length.",V6.2.4,V6,Authentication,V6.2,Password Security,1,32,Evidence,Evidence,0.9592,0.0387,0.0022,0.9592,5,4,False,False,NO,NONE,NONE,0,"This text does not contain a normative design argument. It provides a practical instruction on how to implement password verification, but it does not argue why this specific design choice (checking against a set of common passwords) improves security outcomes. The text only describes what to do without explaining why it matters for security.",,,"<reasoning>
This text does not contain a normative design argument. It provides a practical instruction on how to implement password verification, but it does not argue why this specific design choice (checking against a set of common passwords) improves security outcomes. The text only describes what to do without explaining why it matters for security.
</reasoning>
<answer>NO</answer>",,,FALSE
109,ASVS-U00110,"Verify that passwords of any composition can be used, without rules limiting the type of characters permitted. There must be no requirement for a minimum number of upper or lower case characters, numbers, or special characters.",V6.2.5,V6,Authentication,V6.2,Password Security,1,36,Claim,Claim,0.9942,0.9942,0.0025,0.0033,6,,False,False,NO,NONE,NONE,0,"This text does not contain a normative design argument. It simply states a requirement for password composition without explaining why this design choice improves security. The text is purely descriptive and procedural, focusing on what should be done without arguing why it matters for security.",,,"<reasoning>
This text does not contain a normative design argument. It simply states a requirement for password composition without explaining why this design choice improves security. The text is purely descriptive and procedural, focusing on what should be done without arguing why it matters for security.
</reasoning>
<answer>NO</answer>",,,FALSE
110,ASVS-U00111,"Verify that password input fields use type=password to mask the entry. Applications may allow the user to temporarily view the entire masked password, or the last typed character of the password.",V6.2.6,V6,Authentication,V6.2,Password Security,1,31,Claim,Claim,0.9903,0.9903,0.001,0.0087,7,,False,False,NO,NONE,NONE,0,"This text is purely descriptive and procedural, providing guidance on how to implement password input fields. It does not make a normative claim about why using type=password or allowing users to temporarily view the password improves security outcomes.",,,"<reasoning>
This text is purely descriptive and procedural, providing guidance on how to implement password input fields. It does not make a normative claim about why using type=password or allowing users to temporarily view the password improves security outcomes.
</reasoning>
<answer>NO</answer>",,,FALSE
111,ASVS-U00112,"Verify that ""paste"" functionality, browser password helpers, and external password managers are permitted.",V6.2.7,V6,Authentication,V6.2,Password Security,1,13,Claim,Claim,0.9944,0.9944,0.0016,0.004,8,,False,True,NO,NONE,NONE,0,"This text is purely procedural and operational, providing a checklist of items to verify without explaining why permitting these functionalities improves security outcomes. There is no normative design argument connecting a specific design property to a security outcome.",,,"<reasoning>
This text is purely procedural and operational, providing a checklist of items to verify without explaining why permitting these functionalities improves security outcomes. There is no normative design argument connecting a specific design property to a security outcome.
</reasoning>
<answer>NO</answer>",,,FALSE
112,ASVS-U00113,"Verify that the application verifies the user's password exactly as received from the user, without any modifications such as truncation or case transformation.",V6.2.8,V6,Authentication,V6.2,Password Security,1,23,Evidence,Evidence,0.9648,0.0336,0.0016,0.9648,9,8,False,False,NO,NONE,NONE,0,"This text is purely procedural and descriptive, providing a specific instruction on how to verify a user's password. It does not make a normative claim about why this approach improves security outcomes or connects a specific design property to a security benefit.",,,"<reasoning>
This text is purely procedural and descriptive, providing a specific instruction on how to verify a user's password. It does not make a normative claim about why this approach improves security outcomes or connects a specific design property to a security benefit.
</reasoning>
<answer>NO</answer>",,,FALSE
113,ASVS-U00114,Verify that passwords of at least 64 characters are permitted.,V6.2.9,V6,Authentication,V6.2,Password Security,2,10,Claim,Claim,0.9947,0.9947,0.003,0.0022,10,,False,False,NO,NONE,NONE,0,"This text is purely procedural, providing a specific guideline for password length without explaining why this particular design choice improves security. There is no normative claim or argument connecting the design property (password length) to a security outcome.",,,"<reasoning>
This text is purely procedural, providing a specific guideline for password length without explaining why this particular design choice improves security. There is no normative claim or argument connecting the design property (password length) to a security outcome.
</reasoning>
<answer>NO</answer>",,,FALSE
114,ASVS-U00115,Verify that a user's password stays valid until it is discovered to be compromised or the user rotates it. The application must not require periodic credential rotation.,V6.2.10,V6,Authentication,V6.2,Password Security,2,27,Claim,Claim,0.9954,0.9954,0.0021,0.0025,11,,False,False,NO,NONE,NONE,0,"This text does not contain a normative design argument. It provides a requirement for password management, stating what the application should do, but it does not explain why this design choice improves security. There is no connection made between the design property (not requiring periodic credential rotation) and a specific security outcome.",,,"<reasoning>
This text does not contain a normative design argument. It provides a requirement for password management, stating what the application should do, but it does not explain why this design choice improves security. There is no connection made between the design property (not requiring periodic credential rotation) and a specific security outcome.
</reasoning>
<answer>NO</answer>",,,FALSE
115,ASVS-U00116,Verify that the documented list of context specific words is used to prevent easy to guess passwords being created.,V6.2.11,V6,Authentication,V6.2,Password Security,2,19,Claim,Claim,0.995,0.995,0.0015,0.0035,12,,False,False,NO,NONE,NONE,0,"This text is purely procedural and operational, as it instructs to verify a specific practice (using a list of context-specific words to prevent easy-to-guess passwords) without providing a normative claim about why this practice improves security outcomes. There is no argument about how this design property (e.g., using a list of context-specific words) leads to better security.",,,"<reasoning>
This text is purely procedural and operational, as it instructs to verify a specific practice (using a list of context-specific words to prevent easy-to-guess passwords) without providing a normative claim about why this practice improves security outcomes. There is no argument about how this design property (e.g., using a list of context-specific words) leads to better security.
</reasoning>
<answer>NO</answer>",,,FALSE
116,ASVS-U00117,Verify that passwords submitted during account registration or password changes are checked against a set of breached passwords.,V6.2.12,V6,Authentication,V6.2,Password Security,2,18,Claim,Claim,0.9953,0.9953,0.0016,0.003,13,,False,True,NO,NONE,NONE,0,"This text is purely procedural, providing a specific step to take during account registration or password changes. It does not make a normative claim about why this step improves security outcomes or connects a specific design property to a security benefit.",,,"<reasoning>
This text is purely procedural, providing a specific step to take during account registration or password changes. It does not make a normative claim about why this step improves security outcomes or connects a specific design property to a security benefit.
</reasoning>
<answer>NO</answer>",,,FALSE
117,ASVS-U00118,Verify that controls to prevent attacks such as credential stuffing and password brute force are implemented according to the application's security documentation.,V6.3.1,V6,Authentication,V6.3,General Authentication Security,1,22,Evidence,Evidence,0.9785,0.0193,0.0021,0.9785,14,13,False,False,NO,NONE,NONE,0,"This text is purely procedural and operational, as it instructs to verify the implementation of controls according to security documentation. There is no normative claim or argument about why a specific design property (e.g., isolation, minimal access, redundancy) improves security outcomes.",,,"<reasoning>
This text is purely procedural and operational, as it instructs to verify the implementation of controls according to security documentation. There is no normative claim or argument about why a specific design property (e.g., isolation, minimal access, redundancy) improves security outcomes.
</reasoning>
<answer>NO</answer>",,,FALSE
118,ASVS-U00119,"Verify that default user accounts (e.g., ""root"", ""admin"", or ""sa"") are not present in the application or are disabled.",V6.3.2,V6,Authentication,V6.3,General Authentication Security,1,19,Evidence,Evidence,0.9814,0.0175,0.0011,0.9814,15,13,False,False,NO,NONE,NONE,0,"This text is purely procedural and operational, providing a specific instruction to verify the presence or status of default user accounts. There is no normative claim or argument made about why this design choice improves security outcomes.",,,"<reasoning>
This text is purely procedural and operational, providing a specific instruction to verify the presence or status of default user accounts. There is no normative claim or argument made about why this design choice improves security outcomes.
</reasoning>
<answer>NO</answer>",,,FALSE
119,ASVS-U00120,"Verify that either a multi-factor authentication mechanism or a combination of single-factor authentication mechanisms, must be used in order to access the application. For L3, one of the factors must be a hardware-based authentication mechanism which provides compromise and impersonation resistance against phishing attacks while verifying the intent to authenticate by requiring a user-initiated action (such as a button press on a FIDO hardware key or a mobile phone). Relaxing any of the considerations in this requirement requires a fully documented rationale and a comprehensive set of mitigating controls.",V6.3.3,V6,Authentication,V6.3,General Authentication Security,2,89,Evidence,Evidence,0.9745,0.0238,0.0017,0.9745,16,13,False,False,NO,NONE,NONE,0,"This text primarily focuses on describing a specific security requirement for authentication mechanisms, outlining the necessary components and considerations. While it mentions the benefits of using a hardware-based authentication mechanism, such as resistance to phishing attacks, it does not make a normative claim about why this design property (e.g., multi-factor authentication or hardware-based authentication) inherently leads to better security outcomes.",,,"<reasoning>
This text primarily focuses on describing a specific security requirement for authentication mechanisms, outlining the necessary components and considerations. While it mentions the benefits of using a hardware-based authentication mechanism, such as resistance to phishing attacks, it does not make a normative claim about why this design property (e.g., multi-factor authentication or hardware-based authentication) inherently leads to better security outcomes.
</reasoning>
<answer>NO</answer>",,,FALSE
120,ASVS-U00121,"Verify that, if the application includes multiple authentication pathways, there are no undocumented pathways and that security controls and authentication strength are enforced consistently.",V6.3.4,V6,Authentication,V6.3,General Authentication Security,2,24,Claim,Claim,0.9953,0.9953,0.0015,0.0032,17,,False,False,NO,NONE,NONE,0,"This text is purely procedural and operational, as it provides a checklist item for verification without explaining why the absence of undocumented pathways and consistent enforcement of security controls and authentication strength leads to better security outcomes. There is no normative design argument here.",,,"<reasoning>
This text is purely procedural and operational, as it provides a checklist item for verification without explaining why the absence of undocumented pathways and consistent enforcement of security controls and authentication strength leads to better security outcomes. There is no normative design argument here.
</reasoning>
<answer>NO</answer>",,,FALSE
121,ASVS-U00122,"Verify that users are notified of suspicious authentication attempts (successful or unsuccessful). This may include authentication attempts from an unusual location or client, partially successful authentication (only one of multiple factors), an authentication attempt after a long period of inactivity or a successful authentication after several unsuccessful attempts.",V6.3.5,V6,Authentication,V6.3,General Authentication Security,3,48,Claim,Claim,0.9942,0.9942,0.0016,0.0043,18,,False,False,NO,NONE,NONE,0,"This text is purely descriptive and procedural, providing guidance on what to do (notifying users of suspicious authentication attempts) without explaining why this design choice improves security. There is no normative claim connecting a specific design property to a security outcome.",,,"<reasoning>
This text is purely descriptive and procedural, providing guidance on what to do (notifying users of suspicious authentication attempts) without explaining why this design choice improves security. There is no normative claim connecting a specific design property to a security outcome.
</reasoning>
<answer>NO</answer>",,,FALSE
122,ASVS-U00123,Verify that email is not used as either a single-factor or multi-factor authentication mechanism.,V6.3.6,V6,Authentication,V6.3,General Authentication Security,3,14,Claim,Claim,0.9921,0.9921,0.006,0.0018,19,,False,True,NO,NONE,NONE,0,"This text does not contain a normative design argument. It provides a verification instruction without explaining why using email as an authentication mechanism is insecure or how an alternative design property (e.g., multi-factor authentication) improves security outcomes. The text is purely procedural and lacks a design-level argument.",,,"<reasoning>
This text does not contain a normative design argument. It provides a verification instruction without explaining why using email as an authentication mechanism is insecure or how an alternative design property (e.g., multi-factor authentication) improves security outcomes. The text is purely procedural and lacks a design-level argument.
</reasoning>
<answer>NO</answer>",,,FALSE
123,ASVS-U00124,"Verify that users are notified after updates to authentication details, such as credential resets or modification of the username or email address.",V6.3.7,V6,Authentication,V6.3,General Authentication Security,3,22,Evidence,Evidence,0.9724,0.026,0.0016,0.9724,20,19,False,False,NO,NONE,NONE,0,"This text is purely procedural and operational, as it describes a specific action to take (verifying user notification after updates to authentication details) without providing a normative claim about why this design choice improves security. There is no argument about how this design property (e.g., notification) leads to better security outcomes.",,,"<reasoning>
This text is purely procedural and operational, as it describes a specific action to take (verifying user notification after updates to authentication details) without providing a normative claim about why this design choice improves security. There is no argument about how this design property (e.g., notification) leads to better security outcomes.
</reasoning>
<answer>NO</answer>",,,FALSE
124,ASVS-U00125,"Verify that valid users cannot be deduced from failed authentication challenges, such as by basing on error messages, HTTP response codes, or different response times. Registration and forgot password functionality must also have this protection.",V6.3.8,V6,Authentication,V6.3,General Authentication Security,3,35,Evidence,Evidence,0.9684,0.0295,0.002,0.9684,21,19,False,False,NO,NONE,NONE,0,"This text is primarily descriptive and procedural, providing guidance on how to implement a specific security control. While it mentions the importance of protecting against user enumeration, it does not make a normative claim about why a specific design property (e.g., minimal exposure, least privilege) leads to better security outcomes.",,,"<reasoning>
This text is primarily descriptive and procedural, providing guidance on how to implement a specific security control. While it mentions the importance of protecting against user enumeration, it does not make a normative claim about why a specific design property (e.g., minimal exposure, least privilege) leads to better security outcomes.
</reasoning>
<answer>NO</answer>",,,FALSE
125,ASVS-U00126,"Verify that system generated initial passwords or activation codes are securely randomly generated, follow the existing password policy, and expire after a short period of time or after they are initially used. These initial secrets must not be permitted to become the long term password.",V6.4.1,V6,Authentication,V6.4,Authentication Factor Lifecycle and Recovery,1,45,Claim,Claim,0.9952,0.9952,0.0025,0.0022,22,,False,False,NO,NONE,NONE,0,"This text provides practical instructions on how to handle system-generated initial passwords and activation codes, but it does not make a normative claim about why a specific design property (e.g. randomness, expiration, or non-permanence) improves security. The text describes what to do, but does not argue why these measures are necessary for security.",,,"<reasoning>
This text provides practical instructions on how to handle system-generated initial passwords and activation codes, but it does not make a normative claim about why a specific design property (e.g. randomness, expiration, or non-permanence) improves security. The text describes what to do, but does not argue why these measures are necessary for security.
</reasoning>
<answer>NO</answer>",,,FALSE
126,ASVS-U00127,"Verify that password hints or knowledge-based authentication (so-called ""secret questions"") are not present.",V6.4.2,V6,Authentication,V6.4,Authentication Factor Lifecycle and Recovery,1,13,Claim,Claim,0.9953,0.9953,0.0026,0.0021,23,,False,False,NO,NONE,NONE,0,"This text is purely procedural, providing a checklist item to verify the absence of password hints or knowledge-based authentication. There is no normative claim or argument about why the absence of these features improves security outcomes.",,,"<reasoning>
This text is purely procedural, providing a checklist item to verify the absence of password hints or knowledge-based authentication. There is no normative claim or argument about why the absence of these features improves security outcomes.
</reasoning>
<answer>NO</answer>",,,FALSE
127,ASVS-U00128,"Verify that a secure process for resetting a forgotten password is implemented, that does not bypass any enabled multi-factor authentication mechanisms.",V6.4.3,V6,Authentication,V6.4,Authentication Factor Lifecycle and Recovery,2,21,Claim,Claim,0.9949,0.9949,0.002,0.0031,24,,False,False,NO,NONE,NONE,0,"This text is purely procedural and operational, as it instructs to implement a secure process for resetting forgotten passwords without bypassing multi-factor authentication mechanisms. There is no normative claim or argument about why a specific design property (e.g., compartmentalization, least privilege) leads to better security outcomes.",,,"<reasoning>
This text is purely procedural and operational, as it instructs to implement a secure process for resetting forgotten passwords without bypassing multi-factor authentication mechanisms. There is no normative claim or argument about why a specific design property (e.g., compartmentalization, least privilege) leads to better security outcomes.
</reasoning>
<answer>NO</answer>",,,FALSE
128,ASVS-U00129,"Verify that if a multi-factor authentication factor is lost, evidence of identity proofing is performed at the same level as during enrollment.",V6.4.4,V6,Authentication,V6.4,Authentication Factor Lifecycle and Recovery,2,22,Claim,Claim,0.9953,0.9953,0.0023,0.0024,25,,False,False,NO,NONE,NONE,0,"This text is purely procedural and operational, as it describes a specific step to be taken in a multi-factor authentication process. There is no normative claim or argument about why this design property (verifying evidence of identity proofing) leads to better security outcomes.",,,"<reasoning>
This text is purely procedural and operational, as it describes a specific step to be taken in a multi-factor authentication process. There is no normative claim or argument about why this design property (verifying evidence of identity proofing) leads to better security outcomes.
</reasoning>
<answer>NO</answer>",,,FALSE
129,ASVS-U00130,"Verify that renewal instructions for authentication mechanisms which expire are sent with enough time to be carried out before the old authentication mechanism expires, configuring automated reminders if necessary.",V6.4.5,V6,Authentication,V6.4,Authentication Factor Lifecycle and Recovery,3,29,Claim,Claim,0.9948,0.9948,0.0023,0.0029,26,,False,False,NO,NONE,NONE,0,"This text is purely procedural and operational, providing instructions on how to manage authentication mechanism renewals. It does not make a normative claim about why a specific design property (e.g., timely reminders) leads to better security outcomes.",,,"<reasoning>
This text is purely procedural and operational, providing instructions on how to manage authentication mechanism renewals. It does not make a normative claim about why a specific design property (e.g., timely reminders) leads to better security outcomes.
</reasoning>
<answer>NO</answer>",,,FALSE
130,ASVS-U00131,"Verify that administrative users can initiate the password reset process for the user, but that this does not allow them to change or choose the user's password. This prevents a situation where they know the user's password.",V6.4.6,V6,Authentication,V6.4,Authentication Factor Lifecycle and Recovery,3,37,Claim,Claim,0.9933,0.9933,0.0014,0.0053,27,,False,False,YES,Trust and Verification,Minimum Trust and Maximum Trustworthiness,1,"This text describes a specific design choice (administrative users can initiate password reset without knowing the user's password) and explains why it is beneficial for security (prevents administrative users from knowing the user's password). This is a normative design argument, as it claims that this design property (separation of password reset and password knowledge) leads to better security outcomes.","The core security argument in the text is that administrative users should not be able to change or know a user's password, even when initiating a password reset process. This is a trust-related concern, as it's about limiting the privileges of administrative users to prevent potential abuse. It belongs to the Trust and Verification family because it's focused on verifying and controlling access, rather than isolating components or ensuring redundancy.","The core argument is that administrative users should not be trusted to change or choose a user's password without verification, as this would allow them to know the user's password. This is a trust assumption problem, as the system should not assume that administrative users will behave correctly without checking their actions. This maps to the principle of Minimum Trust and Maximum Trustworthiness.","<reasoning>
This text describes a specific design choice (administrative users can initiate password reset without knowing the user's password) and explains why it is beneficial for security (prevents administrative users from knowing the user's password). This is a normative design argument, as it claims that this design property (separation of password reset and password knowledge) leads to better security outcomes.
</reasoning>
<answer>YES</answer>","<reasoning>
The core security argument in the text is that administrative users should not be able to change or know a user's password, even when initiating a password reset process. This is a trust-related concern, as it's about limiting the privileges of administrative users to prevent potential abuse. It belongs to the Trust and Verification family because it's focused on verifying and controlling access, rather than isolating components or ensuring redundancy.
</reasoning>
<answer>2. Trust and Verification</answer>","<reasoning>
The core argument is that administrative users should not be trusted to change or choose a user's password without verification, as this would allow them to know the user's password. This is a trust assumption problem, as the system should not assume that administrative users will behave correctly without checking their actions. This maps to the principle of Minimum Trust and Maximum Trustworthiness.
</reasoning>
<answer>Minimum Trust and Maximum Trustworthiness</answer>",FALSE
131,ASVS-U00132,"Verify that lookup secrets, out-of-band authentication requests or codes, and time-based one-time passwords (TOTPs) are only successfully usable once.",V6.5.1,V6,Authentication,V6.5,General Multi-factor authentication requirements,2,19,Claim,Claim,0.9944,0.9944,0.0015,0.0042,28,,False,False,NO,NONE,NONE,0,"This text is purely procedural, providing a verification step to ensure a specific security property (single-use secrets and codes). There is no normative claim or argument about why this design property (e.g., single-use) leads to better security outcomes.",,,"<reasoning>
This text is purely procedural, providing a verification step to ensure a specific security property (single-use secrets and codes). There is no normative claim or argument about why this design property (e.g., single-use) leads to better security outcomes.
</reasoning>
<answer>NO</answer>",,,FALSE
132,ASVS-U00133,"Verify that, when being stored in the application's backend, lookup secrets with less than 112 bits of entropy (19 random alphanumeric characters or 34 random digits) are hashed with an approved password storage hashing algorithm that incorporates a 32-bit random salt. A standard hash function can be used if the secret has 112 bits of entropy or more.",V6.5.2,V6,Authentication,V6.5,General Multi-factor authentication requirements,2,58,Claim,Claim,0.9679,0.9679,0.0012,0.0309,29,,False,False,NO,NONE,NONE,0,"This text provides a specific guideline for storing secrets in an application's backend, but it does not make a normative claim about why a particular design property (e.g., hashing with a salt, using a specific entropy threshold) improves security outcomes. The text is primarily procedural, describing how to store secrets securely, without arguing why this approach is more secure.",,,"<reasoning>
This text provides a specific guideline for storing secrets in an application's backend, but it does not make a normative claim about why a particular design property (e.g., hashing with a salt, using a specific entropy threshold) improves security outcomes. The text is primarily procedural, describing how to store secrets securely, without arguing why this approach is more secure.
</reasoning>
<answer>NO</answer>",,,FALSE
133,ASVS-U00134,"Verify that lookup secrets, out-of-band authentication code, and time-based one-time password seeds, are generated using a Cryptographically Secure Pseudorandom Number Generator (CSPRNG) to avoid predictable values.",V6.5.3,V6,Authentication,V6.5,General Multi-factor authentication requirements,2,26,Claim,Claim,0.9943,0.9943,0.0014,0.0043,30,,False,False,NO,NONE,NONE,0,"This text is purely procedural, providing a specific implementation guidance without explaining why using a CSPRNG leads to better security outcomes. It does not make a normative claim about the design property of generating secrets using a CSPRNG being the reason for improved security.",,,"<reasoning>
This text is purely procedural, providing a specific implementation guidance without explaining why using a CSPRNG leads to better security outcomes. It does not make a normative claim about the design property of generating secrets using a CSPRNG being the reason for improved security.
</reasoning>
<answer>NO</answer>",,,FALSE
134,ASVS-U00135,Verify that lookup secrets and out-of-band authentication codes have a minimum of 20 bits of entropy (typically 4 random alphanumeric characters or 6 random digits is sufficient).,V6.5.4,V6,Authentication,V6.5,General Multi-factor authentication requirements,2,27,Claim,Claim,0.9923,0.9923,0.0016,0.0061,31,,False,False,NO,NONE,NONE,0,"This text provides a specific guideline for generating secrets and authentication codes, but it does not make a normative claim about why a specific design property (e.g. entropy, randomness) leads to better security outcomes. The text is purely prescriptive, providing a practical instruction without explaining why the recommended approach improves security.",,,"<reasoning>
This text provides a specific guideline for generating secrets and authentication codes, but it does not make a normative claim about why a specific design property (e.g. entropy, randomness) leads to better security outcomes. The text is purely prescriptive, providing a practical instruction without explaining why the recommended approach improves security.
</reasoning>
<answer>NO</answer>",,,FALSE
135,ASVS-U00136,"Verify that out-of-band authentication requests, codes, or tokens, as well as time-based one-time passwords (TOTPs) have a defined lifetime. Out of band requests must have a maximum lifetime of 10 minutes and for TOTP a maximum lifetime of 30 seconds.",V6.5.5,V6,Authentication,V6.5,General Multi-factor authentication requirements,2,40,Claim,Claim,0.9913,0.9913,0.0021,0.0066,32,,False,False,NO,NONE,NONE,0,"This text provides a specific guideline for implementing out-of-band authentication and TOTPs, but it does not make a normative claim about why a specific design property (e.g., limited lifetime) improves security. The text is purely prescriptive, providing a procedural instruction without explaining why this design choice matters for security.",,,"<reasoning>
This text provides a specific guideline for implementing out-of-band authentication and TOTPs, but it does not make a normative claim about why a specific design property (e.g., limited lifetime) improves security. The text is purely prescriptive, providing a procedural instruction without explaining why this design choice matters for security.
</reasoning>
<answer>NO</answer>",,,FALSE
136,ASVS-U00137,Verify that any authentication factor (including physical devices) can be revoked in case of theft or other loss.,V6.5.6,V6,Authentication,V6.5,General Multi-factor authentication requirements,3,18,Claim,Claim,0.9951,0.9951,0.0027,0.0023,33,,False,False,NO,NONE,NONE,0,"This text is purely procedural and operational, as it provides a specific instruction on what to do in case of theft or loss, but it does not make a normative claim about why this design property (revocability) improves security outcomes. There is no argument about how this design choice leads to better security.",,,"<reasoning>
This text is purely procedural and operational, as it provides a specific instruction on what to do in case of theft or loss, but it does not make a normative claim about why this design property (revocability) improves security outcomes. There is no argument about how this design choice leads to better security.
</reasoning>
<answer>NO</answer>",,,FALSE
137,ASVS-U00138,Verify that biometric authentication mechanisms are only used as secondary factors together with either something you have or something you know.,V6.5.7,V6,Authentication,V6.5,General Multi-factor authentication requirements,3,21,Claim,Claim,0.9945,0.9945,0.0036,0.0019,34,,False,False,NO,NONE,NONE,0,"This text does not contain a normative design argument. It provides a procedural advice on how to use biometric authentication mechanisms, but it does not explain why this approach is more secure or what design property it embodies that leads to better security outcomes.",,,"<reasoning>
This text does not contain a normative design argument. It provides a procedural advice on how to use biometric authentication mechanisms, but it does not explain why this approach is more secure or what design property it embodies that leads to better security outcomes.
</reasoning>
<answer>NO</answer>",,,FALSE
138,ASVS-U00139,Verify that time-based one-time passwords (TOTPs) are checked based on a time source from a trusted service and not from an untrusted or client provided time.,V6.5.8,V6,Authentication,V6.5,General Multi-factor authentication requirements,3,26,Claim,Claim,0.9951,0.9951,0.0022,0.0027,35,,False,True,NO,NONE,NONE,0,"This text is purely procedural and operational, providing a specific instruction on how to implement TOTPs securely. It does not make a normative claim about why a specific design property (e.g., using a trusted time source) leads to better security outcomes.",,,"<reasoning>
This text is purely procedural and operational, providing a specific instruction on how to implement TOTPs securely. It does not make a normative claim about why a specific design property (e.g., using a trusted time source) leads to better security outcomes.
</reasoning>
<answer>NO</answer>",,,FALSE
139,ASVS-U00140,"Verify that authentication mechanisms using the Public Switched Telephone Network (PSTN) to deliver One-time Passwords (OTPs) via phone or SMS are offered only when the phone number has previously been validated, alternate stronger methods (such as Time based One-time Passwords) are also offered, and the service provides information on their security risks to users. For L3 applications, phone and SMS must not be available as options.",V6.6.1,V6,Authentication,V6.6,Out-of-Band authentication mechanisms,2,66,Evidence,Evidence,0.9837,0.0143,0.002,0.9837,36,35,False,False,NO,NONE,NONE,0,"This text provides a set of guidelines for implementing authentication mechanisms, but it does not make a normative claim about why a specific design property improves security. The text describes what to do and how to do it, but it does not argue that a particular design choice (e.g., validating phone numbers, offering alternate methods, providing information on security risks) leads to better security outcomes.",,,"<reasoning>
This text provides a set of guidelines for implementing authentication mechanisms, but it does not make a normative claim about why a specific design property improves security. The text describes what to do and how to do it, but it does not argue that a particular design choice (e.g., validating phone numbers, offering alternate methods, providing information on security risks) leads to better security outcomes.
</reasoning>
<answer>NO</answer>",,,FALSE
140,ASVS-U00141,"Verify that out-of-band authentication requests, codes, or tokens are bound to the original authentication request for which they were generated and are not usable for a previous or subsequent one.",V6.6.2,V6,Authentication,V6.6,Out-of-Band authentication mechanisms,2,30,Claim,Claim,0.9945,0.9945,0.0018,0.0037,37,,False,False,NO,NONE,NONE,0,"This text is purely procedural and descriptive, providing a specific guideline for implementing out-of-band authentication. It does not make a normative claim about why binding authentication requests to the original request improves security outcomes. The text focuses on what to do, rather than arguing why a specific design property (e.g., binding, uniqueness) leads to better security.",,,"<reasoning>
This text is purely procedural and descriptive, providing a specific guideline for implementing out-of-band authentication. It does not make a normative claim about why binding authentication requests to the original request improves security outcomes. The text focuses on what to do, rather than arguing why a specific design property (e.g., binding, uniqueness) leads to better security.
</reasoning>
<answer>NO</answer>",,,FALSE
141,ASVS-U00142,Verify that a code based out-of-band authentication mechanism is protected against brute force attacks by using rate limiting. Consider also using a code with at least 64 bits of entropy.,V6.6.3,V6,Authentication,V6.6,Out-of-Band authentication mechanisms,2,30,Claim,Claim,0.995,0.995,0.0023,0.0028,38,,False,False,NO,NONE,NONE,0,"This text provides practical instructions on how to protect against brute force attacks, but it does not make a normative claim about why a specific design property (e.g. rate limiting, high entropy codes) leads to better security outcomes. The text describes what to do and how to do it, but it does not argue why these design choices are essential for security.",,,"<reasoning>
This text provides practical instructions on how to protect against brute force attacks, but it does not make a normative claim about why a specific design property (e.g. rate limiting, high entropy codes) leads to better security outcomes. The text describes what to do and how to do it, but it does not argue why these design choices are essential for security.
</reasoning>
<answer>NO</answer>",,,FALSE
142,ASVS-U00143,"Verify that, where push notifications are used for multi-factor authentication, rate limiting is used to prevent push bombing attacks. Number matching may also mitigate this risk.",V6.6.4,V6,Authentication,V6.6,Out-of-Band authentication mechanisms,3,26,Claim,Claim,0.9931,0.9931,0.0039,0.003,39,,False,False,NO,NONE,NONE,0,"This text does not contain a normative design argument. It provides a practical instruction (using rate limiting to prevent push bombing attacks) and mentions an additional mitigation strategy (number matching), but it does not argue why a specific design property (e.g., rate limiting) is the reason for improved security outcomes.",,,"<reasoning>
This text does not contain a normative design argument. It provides a practical instruction (using rate limiting to prevent push bombing attacks) and mentions an additional mitigation strategy (number matching), but it does not argue why a specific design property (e.g., rate limiting) is the reason for improved security outcomes.
</reasoning>
<answer>NO</answer>",,,FALSE
143,ASVS-U00144,Verify that the certificates used to verify cryptographic authentication assertions are stored in a way protects them from modification.,V6.7.1,V6,Authentication,V6.7,Cryptographic authentication mechanism,3,19,Claim,Claim,0.9956,0.9956,0.0016,0.0028,40,,False,False,NO,NONE,NONE,0,"This text is purely procedural and does not make a normative claim about a specific design property leading to better security outcomes. It simply instructs to store certificates in a way that protects them from modification, without explaining why this design choice improves security.",,,"<reasoning>
This text is purely procedural and does not make a normative claim about a specific design property leading to better security outcomes. It simply instructs to store certificates in a way that protects them from modification, without explaining why this design choice improves security.
</reasoning>
<answer>NO</answer>",,,FALSE
144,ASVS-U00145,"Verify that the challenge nonce is at least 64 bits in length, and statistically unique or unique over the lifetime of the cryptographic device.",V6.7.2,V6,Authentication,V6.7,Cryptographic authentication mechanism,3,24,Claim,Claim,0.9943,0.9943,0.0018,0.0039,41,,False,False,NO,NONE,NONE,0,"This text is purely procedural, providing a specific guideline for implementing a cryptographic device without explaining why a 64-bit nonce length or statistical uniqueness leads to better security outcomes. There is no normative design argument here.",,,"<reasoning>
This text is purely procedural, providing a specific guideline for implementing a cryptographic device without explaining why a 64-bit nonce length or statistical uniqueness leads to better security outcomes. There is no normative design argument here.
</reasoning>
<answer>NO</answer>",,,FALSE
145,ASVS-U00146,"Verify that, if the application supports multiple identity providers (IdPs), the user's identity cannot be spoofed via another supported identity provider (eg. by using the same user identifier). The standard mitigation would be for the application to register and identify the user using a combination of the IdP ID (serving as a namespace) and the user's ID in the IdP.",V6.8.1,V6,Authentication,V6.8,Authentication with an Identity Provider,2,60,Claim,Claim,0.5313,0.5313,0.0035,0.4652,42,,False,True,NO,NONE,NONE,0,"This text primarily provides a practical instruction on how to mitigate a specific security issue, without explicitly arguing why this design choice improves security. The text describes a standard mitigation approach, but it doesn't make a normative claim about a specific design property (e.g., compartmentalization, least privilege) being the reason for improved security.",,,"<reasoning>
This text primarily provides a practical instruction on how to mitigate a specific security issue, without explicitly arguing why this design choice improves security. The text describes a standard mitigation approach, but it doesn't make a normative claim about a specific design property (e.g., compartmentalization, least privilege) being the reason for improved security.
</reasoning>
<answer>NO</answer>",,,FALSE
146,ASVS-U00147,"Verify that the presence and integrity of digital signatures on authentication assertions (for example on JWTs or SAML assertions) are always validated, rejecting any assertions that are unsigned or have invalid signatures.",V6.8.2,V6,Authentication,V6.8,Authentication with an Identity Provider,2,32,Evidence,Evidence,0.9588,0.0396,0.0016,0.9588,43,42,False,False,NO,NONE,NONE,0,"This text is purely procedural and operational, providing a specific instruction on how to validate digital signatures without explaining why this design choice improves security. There is no normative claim or argument about a specific design property (e.g., verification, validation, or authentication) leading to better security outcomes.",,,"<reasoning>
This text is purely procedural and operational, providing a specific instruction on how to validate digital signatures without explaining why this design choice improves security. There is no normative claim or argument about a specific design property (e.g., verification, validation, or authentication) leading to better security outcomes.
</reasoning>
<answer>NO</answer>",,,FALSE
147,ASVS-U00148,Verify that SAML assertions are uniquely processed and used only once within the validity period to prevent replay attacks.,V6.8.3,V6,Authentication,V6.8,Authentication with an Identity Provider,2,19,Claim,Claim,0.9946,0.9946,0.0021,0.0033,44,,False,True,NO,NONE,NONE,0,"This text is purely procedural and operational, providing a specific instruction on how to handle SAML assertions to prevent replay attacks. There is no normative claim or argument about why a specific design property (e.g., uniqueness, limited validity period) leads to better security outcomes.",,,"<reasoning>
This text is purely procedural and operational, providing a specific instruction on how to handle SAML assertions to prevent replay attacks. There is no normative claim or argument about why a specific design property (e.g., uniqueness, limited validity period) leads to better security outcomes.
</reasoning>
<answer>NO</answer>",,,FALSE
148,ASVS-U00149,"Verify that, if an application uses a separate Identity Provider (IdP) and expects specific authentication strength, methods, or recentness for specific functions, the application verifies this using the information returned by the IdP. For example, if OIDC is used, this might be achieved by validating ID Token claims such as 'acr', 'amr', and 'auth_time' (if present). If the IdP does not provide this information, the application must have a documented fallback approach that assumes that the minimum strength authentication mechanism was used (for example, single-factor authentication using username and password).",V6.8.4,V6,Authentication,V6.8,Authentication with an Identity Provider,2,90,Evidence,Evidence,0.9912,0.0076,0.0012,0.9912,45,44,False,False,NO,NONE,NONE,0,"This text provides a descriptive and procedural guidance on how to verify authentication strength, methods, or recentness using information returned by an Identity Provider. It does not make a normative claim that a specific design property (e.g. compartmentalization, least privilege, etc.) improves security outcomes. The text focuses on the ""what"" and ""how"" rather than the ""why"" a certain design choice leads to better security.",,,"<reasoning>
This text provides a descriptive and procedural guidance on how to verify authentication strength, methods, or recentness using information returned by an Identity Provider. It does not make a normative claim that a specific design property (e.g. compartmentalization, least privilege, etc.) improves security outcomes. The text focuses on the ""what"" and ""how"" rather than the ""why"" a certain design choice leads to better security.
</reasoning>
<answer>NO</answer>",,,FALSE
149,ASVS-U00150,"Verify that the user's session inactivity timeout and absolute maximum session lifetime are documented, are appropriate in combination with other controls, and that the documentation includes justification for any deviations from NIST SP 800-63B re-authentication requirements.",V7.1.1,V7,Session Management,V7.1,Session Management Documentation,2,36,Claim,Claim,0.9234,0.9234,0.0012,0.0755,0,,False,False,NO,NONE,NONE,0,"This text is purely procedural and operational, as it focuses on documenting and justifying session timeout and lifetime settings, without making a normative claim about why a specific design property (e.g., session timeouts) improves security outcomes. The text does not argue that a particular design choice leads to better security, but rather provides guidance on how to implement and document a specific control.",,,"<reasoning>
This text is purely procedural and operational, as it focuses on documenting and justifying session timeout and lifetime settings, without making a normative claim about why a specific design property (e.g., session timeouts) improves security outcomes. The text does not argue that a particular design choice leads to better security, but rather provides guidance on how to implement and document a specific control.
</reasoning>
<answer>NO</answer>",,,FALSE
150,ASVS-U00151,Verify that the documentation defines how many concurrent (parallel) sessions are allowed for one account as well as the intended behaviors and actions to be taken when the maximum number of active sessions is reached.,V7.1.2,V7,Session Management,V7.1,Session Management Documentation,2,35,Claim,Claim,0.9787,0.9787,0.001,0.0202,1,,False,True,NO,NONE,NONE,0,"This text is purely procedural and operational, as it instructs to verify documentation and define behaviors, but it does not make a normative claim about why a specific design property (e.g., limiting concurrent sessions) improves security outcomes.",,,"<reasoning>
This text is purely procedural and operational, as it instructs to verify documentation and define behaviors, but it does not make a normative claim about why a specific design property (e.g., limiting concurrent sessions) improves security outcomes.
</reasoning>
<answer>NO</answer>",,,FALSE
151,ASVS-U00152,"Verify that all systems that create and manage user sessions as part of a federated identity management ecosystem (such as SSO systems) are documented along with controls to coordinate session lifetimes, termination, and any other conditions that require re-authentication.",V7.1.3,V7,Session Management,V7.1,Session Management Documentation,2,39,Evidence,Evidence,0.9896,0.0088,0.0016,0.9896,2,1,False,False,NO,NONE,NONE,0,"This text is purely procedural and operational, providing guidance on what to document and control, but it does not make a normative claim about why a specific design property (e.g., compartmentalization, least privilege, etc.) improves security outcomes. It focuses on the ""what"" and ""how"" rather than the ""why"".",,,"<reasoning>
This text is purely procedural and operational, providing guidance on what to document and control, but it does not make a normative claim about why a specific design property (e.g., compartmentalization, least privilege, etc.) improves security outcomes. It focuses on the ""what"" and ""how"" rather than the ""why"".
</reasoning>
<answer>NO</answer>",,,FALSE
152,ASVS-U00153,"Verify that the application performs all session token verification using a trusted, backend service.",V7.2.1,V7,Session Management,V7.2,Fundamental Session Management Security,1,14,Claim,Claim,0.9948,0.9948,0.002,0.0031,3,,False,False,NO,NONE,NONE,0,"This text is purely procedural and descriptive, instructing the reader to verify a specific implementation detail without providing a normative claim about why this design choice improves security. There is no argument about how this design property (using a trusted backend service for session token verification) leads to better security outcomes.",,,"<reasoning>
This text is purely procedural and descriptive, instructing the reader to verify a specific implementation detail without providing a normative claim about why this design choice improves security. There is no argument about how this design property (using a trusted backend service for session token verification) leads to better security outcomes.
</reasoning>
<answer>NO</answer>",,,FALSE
153,ASVS-U00154,"Verify that the application uses either self-contained or reference tokens that are dynamically generated for session management, i.e. not using static API secrets and keys.",V7.2.2,V7,Session Management,V7.2,Fundamental Session Management Security,1,25,Claim,Claim,0.9887,0.9887,0.001,0.0103,4,,False,False,NO,NONE,NONE,0,"This text is purely procedural and descriptive, providing guidance on how to implement session management without explaining why this approach is more secure. It does not make a normative claim about a specific design property (e.g., dynamic generation of tokens) leading to better security outcomes.",,,"<reasoning>
This text is purely procedural and descriptive, providing guidance on how to implement session management without explaining why this approach is more secure. It does not make a normative claim about a specific design property (e.g., dynamic generation of tokens) leading to better security outcomes.
</reasoning>
<answer>NO</answer>",,,FALSE
154,ASVS-U00155,"Verify that if reference tokens are used to represent user sessions, they are unique and generated using a cryptographically secure pseudo-random number generator (CSPRNG) and possess at least 128 bits of entropy.",V7.2.3,V7,Session Management,V7.2,Fundamental Session Management Security,1,32,Claim,Claim,0.9947,0.9947,0.0017,0.0036,5,,False,False,NO,NONE,NONE,0,"This text is purely descriptive and procedural, providing a specific implementation guideline for generating reference tokens. It does not make a normative claim about why a specific design property (e.g., uniqueness, CSPRNG, entropy) leads to better security outcomes.",,,"<reasoning>
This text is purely descriptive and procedural, providing a specific implementation guideline for generating reference tokens. It does not make a normative claim about why a specific design property (e.g., uniqueness, CSPRNG, entropy) leads to better security outcomes.
</reasoning>
<answer>NO</answer>",,,FALSE
155,ASVS-U00156,"Verify that the application generates a new session token on user authentication, including re-authentication, and terminates the current session token.",V7.2.4,V7,Session Management,V7.2,Fundamental Session Management Security,1,20,Claim,Claim,0.9746,0.9746,0.0012,0.0242,6,,False,False,NO,NONE,NONE,0,"This text is purely procedural and descriptive, providing instructions on what to do without explaining why it improves security. It does not make a normative claim about a specific design property (e.g., session token management) leading to better security outcomes.",,,"<reasoning>
This text is purely procedural and descriptive, providing instructions on what to do without explaining why it improves security. It does not make a normative claim about a specific design property (e.g., session token management) leading to better security outcomes.
</reasoning>
<answer>NO</answer>",,,FALSE
156,ASVS-U00157,Verify that there is an inactivity timeout such that re-authentication is enforced according to risk analysis and documented security decisions.,V7.3.1,V7,Session Management,V7.3,Session Timeout,2,20,Claim,Claim,0.9945,0.9945,0.0016,0.0039,7,,False,False,NO,NONE,NONE,0,"This text is purely procedural and operational, as it instructs to verify the existence of an inactivity timeout and re-authentication enforcement without providing a normative claim about why this design property improves security. There is no argument about how this design choice leads to better security outcomes.",,,"<reasoning>
This text is purely procedural and operational, as it instructs to verify the existence of an inactivity timeout and re-authentication enforcement without providing a normative claim about why this design property improves security. There is no argument about how this design choice leads to better security outcomes.
</reasoning>
<answer>NO</answer>",,,FALSE
157,ASVS-U00158,Verify that there is an absolute maximum session lifetime such that re-authentication is enforced according to risk analysis and documented security decisions.,V7.3.2,V7,Session Management,V7.3,Session Timeout,2,22,Claim,Claim,0.9946,0.9946,0.0015,0.0039,8,,False,True,NO,NONE,NONE,0,"This text is purely procedural and operational, as it instructs to verify and enforce re-authentication based on risk analysis and security decisions. There is no normative claim that a specific design property (e.g., session lifetime, re-authentication) improves security outcomes.",,,"<reasoning>
This text is purely procedural and operational, as it instructs to verify and enforce re-authentication based on risk analysis and security decisions. There is no normative claim that a specific design property (e.g., session lifetime, re-authentication) improves security outcomes.
</reasoning>
<answer>NO</answer>",,,FALSE
158,ASVS-U00159,"Verify that when session termination is triggered (such as logout or expiration), the application disallows any further use of the session. For reference tokens or stateful sessions, this means invalidating the session data at the application backend. Applications using self-contained tokens will need a solution such as maintaining a list of terminated tokens, disallowing tokens produced before a per-user date and time or rotating a per-user signing key.",V7.4.1,V7,Session Management,V7.4,Session Termination,1,68,Evidence,Evidence,0.9809,0.0169,0.0021,0.9809,9,8,False,False,NO,NONE,NONE,0,"This text is purely procedural and operational, providing instructions on how to implement session termination without explaining why this design choice improves security. It describes the steps to take when a session is terminated, but it does not make a normative claim about why invalidating session data or maintaining a list of terminated tokens leads to better security outcomes.",,,"<reasoning>
This text is purely procedural and operational, providing instructions on how to implement session termination without explaining why this design choice improves security. It describes the steps to take when a session is terminated, but it does not make a normative claim about why invalidating session data or maintaining a list of terminated tokens leads to better security outcomes.
</reasoning>
<answer>NO</answer>",,,FALSE
159,ASVS-U00160,Verify that the application terminates all active sessions when a user account is disabled or deleted (such as an employee leaving the company).,V7.4.2,V7,Session Management,V7.4,Session Termination,1,23,Evidence,Evidence,0.9766,0.022,0.0014,0.9766,10,8,False,False,NO,NONE,NONE,0,"This text is purely procedural and operational, as it provides a specific instruction on what to do when a user account is disabled or deleted, without explaining why this design choice improves security. There is no normative claim or argument about how this design property (terminating active sessions) leads to better security outcomes.",,,"<reasoning>
This text is purely procedural and operational, as it provides a specific instruction on what to do when a user account is disabled or deleted, without explaining why this design choice improves security. There is no normative claim or argument about how this design property (terminating active sessions) leads to better security outcomes.
</reasoning>
<answer>NO</answer>",,,FALSE
160,ASVS-U00161,"Verify that the application gives the option to terminate all other active sessions after a successful change or removal of any authentication factor (including password change via reset or recovery and, if present, an MFA settings update).",V7.4.3,V7,Session Management,V7.4,Session Termination,2,37,Claim,Claim,0.992,0.992,0.0016,0.0064,11,,False,False,NO,NONE,NONE,0,"This text is purely procedural and operational, providing a specific requirement for an application's behavior without explaining why this design choice improves security. It does not make a normative claim about a specific design property (e.g., compartmentalization, least privilege) leading to better security outcomes.",,,"<reasoning>
This text is purely procedural and operational, providing a specific requirement for an application's behavior without explaining why this design choice improves security. It does not make a normative claim about a specific design property (e.g., compartmentalization, least privilege) leading to better security outcomes.
</reasoning>
<answer>NO</answer>",,,FALSE
161,ASVS-U00162,Verify that all pages that require authentication have easy and visible access to logout functionality.,V7.4.4,V7,Session Management,V7.4,Session Termination,2,15,Claim,Claim,0.9947,0.9947,0.0014,0.0039,12,,False,False,NO,NONE,NONE,0,"This text is purely procedural and operational, as it provides a specific instruction on how to implement logout functionality without explaining why it improves security. There is no normative claim or argument about how this design property (easy and visible access to logout functionality) leads to better security outcomes.",,,"<reasoning>
This text is purely procedural and operational, as it provides a specific instruction on how to implement logout functionality without explaining why it improves security. There is no normative claim or argument about how this design property (easy and visible access to logout functionality) leads to better security outcomes.
</reasoning>
<answer>NO</answer>",,,FALSE
162,ASVS-U00163,Verify that application administrators are able to terminate active sessions for an individual user or for all users.,V7.4.5,V7,Session Management,V7.4,Session Termination,2,18,Claim,Claim,0.9932,0.9932,0.0014,0.0054,13,,False,True,NO,NONE,NONE,0,"This text is purely procedural and operational, as it instructs on what to do (verifying a capability) without providing a normative claim about why this capability improves security. There is no argument about how this design property (e.g., session termination) leads to better security outcomes.",,,"<reasoning>
This text is purely procedural and operational, as it instructs on what to do (verifying a capability) without providing a normative claim about why this capability improves security. There is no argument about how this design property (e.g., session termination) leads to better security outcomes.
</reasoning>
<answer>NO</answer>",,,FALSE
163,ASVS-U00164,"Verify that the application requires full re-authentication before allowing modifications to sensitive account attributes which may affect authentication such as email address, phone number, MFA configuration, or other information used in account recovery.",V7.5.1,V7,Session Management,V7.5,Defenses Against Session Abuse,2,33,Evidence,Evidence,0.9778,0.0208,0.0013,0.9778,14,13,False,False,NO,NONE,NONE,0,"This text is purely procedural and operational, providing a specific security control recommendation without explaining why it improves security. It does not make a normative claim about a specific design property (e.g., re-authentication) leading to better security outcomes.",,,"<reasoning>
This text is purely procedural and operational, providing a specific security control recommendation without explaining why it improves security. It does not make a normative claim about a specific design property (e.g., re-authentication) leading to better security outcomes.
</reasoning>
<answer>NO</answer>",,,FALSE
164,ASVS-U00165,Verify that users are able to view and (having authenticated again with at least one factor) terminate any or all currently active sessions.,V7.5.2,V7,Session Management,V7.5,Defenses Against Session Abuse,2,23,Claim,Claim,0.9921,0.9921,0.0014,0.0065,15,,False,False,NO,NONE,NONE,0,"This text is purely procedural and operational, describing a specific security control without providing a normative claim about why this design choice improves security. It does not argue that a specific design property (e.g., authentication, session management) is the reason for better security outcomes.",,,"<reasoning>
This text is purely procedural and operational, describing a specific security control without providing a normative claim about why this design choice improves security. It does not argue that a specific design property (e.g., authentication, session management) is the reason for better security outcomes.
</reasoning>
<answer>NO</answer>",,,FALSE
165,ASVS-U00166,Verify that the application requires further authentication with at least one factor or secondary verification before performing highly sensitive transactions or operations.,V7.5.3,V7,Session Management,V7.5,Defenses Against Session Abuse,3,22,Claim,Claim,0.9945,0.9945,0.0026,0.003,16,,False,True,NO,NONE,NONE,0,"This text is purely procedural and operational, providing a specific guideline for authentication without explaining why this design choice improves security. It does not make a normative claim about a specific design property (e.g., multi-factor authentication) leading to better security outcomes.",,,"<reasoning>
This text is purely procedural and operational, providing a specific guideline for authentication without explaining why this design choice improves security. It does not make a normative claim about a specific design property (e.g., multi-factor authentication) leading to better security outcomes.
</reasoning>
<answer>NO</answer>",,,FALSE
166,ASVS-U00167,"Verify that session lifetime and termination between Relying Parties (RPs) and Identity Providers (IdPs) behave as documented, requiring re-authentication as necessary such as when the maximum time between IdP authentication events is reached.",V7.6.1,V7,Session Management,V7.6,Federated Re-authentication,2,33,Evidence,Evidence,0.9716,0.0259,0.0025,0.9716,17,16,False,False,NO,NONE,NONE,0,"This text is purely procedural and operational, describing a specific verification step to ensure that session lifetime and termination behave as documented. There is no normative claim or argument about why a specific design property (e.g., re-authentication, session lifetime) improves security outcomes.",,,"<reasoning>
This text is purely procedural and operational, describing a specific verification step to ensure that session lifetime and termination behave as documented. There is no normative claim or argument about why a specific design property (e.g., re-authentication, session lifetime) improves security outcomes.
</reasoning>
<answer>NO</answer>",,,FALSE
167,ASVS-U00168,"Verify that creation of a session requires either the user's consent or an explicit action, preventing the creation of new application sessions without user interaction.",V7.6.2,V7,Session Management,V7.6,Federated Re-authentication,2,25,Claim,Claim,0.9952,0.9952,0.0017,0.0031,18,,False,False,NO,NONE,NONE,0,"This text is more of a descriptive/procedural advice, as it instructs to verify a specific implementation detail without explaining why this design choice improves security. The text does not make a normative claim about a specific design property (e.g., user interaction, explicit action) being the reason for better security outcomes.",,,"<reasoning>
This text is more of a descriptive/procedural advice, as it instructs to verify a specific implementation detail without explaining why this design choice improves security. The text does not make a normative claim about a specific design property (e.g., user interaction, explicit action) being the reason for better security outcomes.
</reasoning>
<answer>NO</answer>",,,FALSE
168,ASVS-U00169,Verify that authorization documentation defines rules for restricting function-level and data-specific access based on consumer permissions and resource attributes.,V8.1.1,V8,Authorization,V8.1,Authorization Documentation,1,19,Claim,Claim,0.9945,0.9945,0.0014,0.0042,0,,False,True,NO,NONE,NONE,0,"This text is purely procedural and descriptive, providing a checklist item for verification without explaining why defining rules for restricting access based on consumer permissions and resource attributes leads to better security outcomes. There is no normative claim or argument about how this design property (e.g., least privilege, minimum exposure) improves security.",,,"<reasoning>
This text is purely procedural and descriptive, providing a checklist item for verification without explaining why defining rules for restricting access based on consumer permissions and resource attributes leads to better security outcomes. There is no normative claim or argument about how this design property (e.g., least privilege, minimum exposure) improves security.
</reasoning>
<answer>NO</answer>",,,FALSE
169,ASVS-U00170,"Verify that authorization documentation defines rules for field-level access restrictions (both read and write) based on consumer permissions and resource attributes. Note that these rules might depend on other attribute values of the relevant data object, such as state or status.",V8.1.2,V8,Authorization,V8.1,Authorization Documentation,2,41,Evidence,Evidence,0.9845,0.0139,0.0016,0.9845,1,0,False,False,NO,NONE,NONE,0,"This text is purely descriptive and procedural, providing guidance on how to define rules for field-level access restrictions. It does not make a normative claim about why this design choice improves security outcomes or connects a specific design property to a security benefit.",,,"<reasoning>
This text is purely descriptive and procedural, providing guidance on how to define rules for field-level access restrictions. It does not make a normative claim about why this design choice improves security outcomes or connects a specific design property to a security benefit.
</reasoning>
<answer>NO</answer>",,,FALSE
170,ASVS-U00171,"Verify that the application's documentation defines the environmental and contextual attributes (including but not limited to, time of day, user location, IP address, or device) that are used in the application to make security decisions, including those pertaining to authentication and authorization.",V8.1.3,V8,Authorization,V8.1,Authorization Documentation,3,42,Claim,Claim,0.9729,0.9729,0.0009,0.0263,2,,False,True,NO,NONE,NONE,0,"This text is purely procedural and operational, providing a checklist item for verifying the documentation of an application's security decisions. It does not make a normative claim about why a specific design property (e.g., using environmental and contextual attributes) leads to better security outcomes.",,,"<reasoning>
This text is purely procedural and operational, providing a checklist item for verifying the documentation of an application's security decisions. It does not make a normative claim about why a specific design property (e.g., using environmental and contextual attributes) leads to better security outcomes.
</reasoning>
<answer>NO</answer>",,,FALSE
171,ASVS-U00172,"Verify that authentication and authorization documentation defines how environmental and contextual factors are used in decision-making, in addition to function-level, data-specific, and field-level authorization. This should include the attributes evaluated, thresholds for risk, and actions taken (e.g., allow, challenge, deny, step-up authentication).",V8.1.4,V8,Authorization,V8.1,Authorization Documentation,3,42,Evidence,Evidence,0.9853,0.0133,0.0014,0.9853,3,2,False,False,NO,NONE,NONE,0,"This text is purely procedural and descriptive, providing guidance on what to include in authentication and authorization documentation. It does not make a normative claim about why a specific design property (e.g., using environmental and contextual factors in decision-making) leads to better security outcomes.",,,"<reasoning>
This text is purely procedural and descriptive, providing guidance on what to include in authentication and authorization documentation. It does not make a normative claim about why a specific design property (e.g., using environmental and contextual factors in decision-making) leads to better security outcomes.
</reasoning>
<answer>NO</answer>",,,FALSE
172,ASVS-U00173,Verify that the application ensures that function-level access is restricted to consumers with explicit permissions.,V8.2.1,V8,Authorization,V8.2,General Authorization Design,1,15,Claim,Claim,0.9954,0.9954,0.0017,0.0029,4,,False,False,NO,NONE,NONE,0,"This text is purely procedural and descriptive, it does not provide a normative claim that a specific design property (e.g. least privilege, compartmentalization) causes better security outcomes. It simply states a requirement for function-level access control without explaining why this design choice improves security.",,,"<reasoning>
This text is purely procedural and descriptive, it does not provide a normative claim that a specific design property (e.g. least privilege, compartmentalization) causes better security outcomes. It simply states a requirement for function-level access control without explaining why this design choice improves security.
</reasoning>
<answer>NO</answer>",,,FALSE
173,ASVS-U00174,Verify that the application ensures that data-specific access is restricted to consumers with explicit permissions to specific data items to mitigate insecure direct object reference (IDOR) and broken object level authorization (BOLA).,V8.2.2,V8,Authorization,V8.2,General Authorization Design,1,32,Claim,Claim,0.9948,0.9948,0.0019,0.0034,5,,False,False,NO,NONE,NONE,0,"This text is primarily descriptive and procedural, as it instructs to verify that the application restricts access to specific data items based on explicit permissions. While it mentions the security concerns of IDOR and BOLA, it does not make a normative claim about why this design property (restriction of access based on explicit permissions) leads to better security outcomes.",,,"<reasoning>
This text is primarily descriptive and procedural, as it instructs to verify that the application restricts access to specific data items based on explicit permissions. While it mentions the security concerns of IDOR and BOLA, it does not make a normative claim about why this design property (restriction of access based on explicit permissions) leads to better security outcomes.
</reasoning>
<answer>NO</answer>",,,FALSE
174,ASVS-U00175,Verify that the application ensures that field-level access is restricted to consumers with explicit permissions to specific fields to mitigate broken object property level authorization (BOPLA).,V8.2.3,V8,Authorization,V8.2,General Authorization Design,2,26,Claim,Claim,0.9949,0.9949,0.0021,0.003,6,,False,True,NO,NONE,NONE,0,"This text is primarily descriptive and procedural, as it instructs to verify a specific security control (field-level access restriction) to mitigate a particular vulnerability (BOPLA). There is no explicit argument made about why this design property (restriction of field-level access) leads to better security outcomes.",,,"<reasoning>
This text is primarily descriptive and procedural, as it instructs to verify a specific security control (field-level access restriction) to mitigate a particular vulnerability (BOPLA). There is no explicit argument made about why this design property (restriction of field-level access) leads to better security outcomes.
</reasoning>
<answer>NO</answer>",,,FALSE
175,ASVS-U00176,"Verify that adaptive security controls based on a consumer's environmental and contextual attributes (such as time of day, location, IP address, or device) are implemented for authentication and authorization decisions, as defined in the application's documentation. These controls must be applied when the consumer tries to start a new session and also during an existing session.",V8.2.4,V8,Authorization,V8.2,General Authorization Design,3,56,Evidence,Evidence,0.9802,0.0183,0.0015,0.9802,7,6,False,False,NO,NONE,NONE,0,"This text is purely procedural and operational, describing what controls should be implemented and when they should be applied, without making a normative claim about why these controls improve security outcomes. There is no argument about how the design property of adaptive security controls based on environmental and contextual attributes leads to better security.",,,"<reasoning>
This text is purely procedural and operational, describing what controls should be implemented and when they should be applied, without making a normative claim about why these controls improve security outcomes. There is no argument about how the design property of adaptive security controls based on environmental and contextual attributes leads to better security.
</reasoning>
<answer>NO</answer>",,,FALSE
176,ASVS-U00177,"Verify that the application enforces authorization rules at a trusted service layer and doesn't rely on controls that an untrusted consumer could manipulate, such as client-side JavaScript.",V8.3.1,V8,Authorization,V8.3,Operation Level Authorization,1,27,Evidence,Evidence,0.9817,0.0168,0.0015,0.9817,8,6,False,False,YES,Trust and Verification,Minimum Trust and Maximum Trustworthiness,1,This text implies that enforcing authorization rules at a trusted service layer is better than relying on client-side controls because it reduces the risk of manipulation by an untrusted consumer. This is a normative claim that a specific design property (enforcing authorization at a trusted service layer) leads to better security outcomes. The text argues that this design choice is more secure because it reduces the attack surface.,"The core security argument in the text is that the application should not rely on client-side controls that can be manipulated by an untrusted consumer, and instead, should enforce authorization rules at a trusted service layer. This reasoning belongs to the Trust and Verification family because it emphasizes the importance of verifying access and not trusting components that can be compromised. It's not about isolating components or limiting access (Separation and Scope), nor is it about redundancy or observability (Redundancy and Observability).","The core argument is that the application should not rely on client-side controls that can be manipulated by an untrusted consumer, implying that trusting these controls without verification is a problem. This maps to the principle of Minimum Trust, as it highlights the risk of assuming that an untrusted component will behave correctly without checking.","<reasoning>
This text implies that enforcing authorization rules at a trusted service layer is better than relying on client-side controls because it reduces the risk of manipulation by an untrusted consumer. This is a normative claim that a specific design property (enforcing authorization at a trusted service layer) leads to better security outcomes. The text argues that this design choice is more secure because it reduces the attack surface.
</reasoning>
<answer>YES</answer>","<reasoning>
The core security argument in the text is that the application should not rely on client-side controls that can be manipulated by an untrusted consumer, and instead, should enforce authorization rules at a trusted service layer. This reasoning belongs to the Trust and Verification family because it emphasizes the importance of verifying access and not trusting components that can be compromised. It's not about isolating components or limiting access (Separation and Scope), nor is it about redundancy or observability (Redundancy and Observability).
</reasoning>
<answer>2. Trust and Verification</answer>","<reasoning>
The core argument is that the application should not rely on client-side controls that can be manipulated by an untrusted consumer, implying that trusting these controls without verification is a problem. This maps to the principle of Minimum Trust, as it highlights the risk of assuming that an untrusted component will behave correctly without checking.
</reasoning>
<answer>Minimum Trust and Maximum Trustworthiness</answer>",FALSE
177,ASVS-U00178,"Verify that changes to values on which authorization decisions are made are applied immediately. Where changes cannot be applied immediately, (such as when relying on data in self-contained tokens), there must be mitigating controls to alert when a consumer performs an action when they are no longer authorized to do so and revert the change. Note that this alternative would not mitigate information leakage.",V8.3.2,V8,Authorization,V8.3,Operation Level Authorization,3,64,Evidence,Evidence,0.9551,0.0421,0.0028,0.9551,9,6,False,False,NO,NONE,NONE,0,"This text primarily provides practical instructions and describes a mitigation strategy for a specific scenario, but it does not make a normative claim about why a specific design property (e.g., immediate application of changes, mitigating controls) leads to better security outcomes. The text focuses on what to do in a particular situation rather than arguing why a certain design choice is more secure.",,,"<reasoning>
This text primarily provides practical instructions and describes a mitigation strategy for a specific scenario, but it does not make a normative claim about why a specific design property (e.g., immediate application of changes, mitigating controls) leads to better security outcomes. The text focuses on what to do in a particular situation rather than arguing why a certain design choice is more secure.
</reasoning>
<answer>NO</answer>",,,FALSE
178,ASVS-U00179,"Verify that access to an object is based on the originating subject's (e.g. consumer's) permissions, not on the permissions of any intermediary or service acting on their behalf. For example, if a consumer calls a web service using a self-contained token for authentication, and the service then requests data from a different service, the second service will use the consumer's token, rather than a machine-to-machine token from the first service, to make permission decisions.",V8.3.3,V8,Authorization,V8.3,Operation Level Authorization,3,74,Evidence,Evidence,0.9433,0.0537,0.003,0.9433,10,6,False,False,NO,NONE,NONE,0,"This text describes a specific design choice for access control, but it doesn't explicitly argue why this design choice leads to better security outcomes. The text focuses on how to implement permission-based access control, rather than making a normative claim about the security benefits of this approach.",,,"<reasoning>
This text describes a specific design choice for access control, but it doesn't explicitly argue why this design choice leads to better security outcomes. The text focuses on how to implement permission-based access control, rather than making a normative claim about the security benefits of this approach.
</reasoning>
<answer>NO</answer>",,,FALSE
179,ASVS-U00180,Verify that multi-tenant applications use cross-tenant controls to ensure consumer operations will never affect tenants with which they do not have permissions to interact.,V8.4.1,V8,Authorization,V8.4,Other Authorization Considerations,2,24,Claim,Claim,0.9958,0.9958,0.0024,0.0018,11,,False,False,NO,NONE,NONE,0,"This text describes a specific control mechanism (cross-tenant controls) to prevent a particular security issue (consumer operations affecting unauthorized tenants). While it implies that this control is necessary for security, it does not explicitly argue why this design property (compartmentalization/isolation) leads to better security outcomes.",,,"<reasoning>
This text describes a specific control mechanism (cross-tenant controls) to prevent a particular security issue (consumer operations affecting unauthorized tenants). While it implies that this control is necessary for security, it does not explicitly argue why this design property (compartmentalization/isolation) leads to better security outcomes.
</reasoning>
<answer>NO</answer>",,,FALSE
180,ASVS-U00181,"Verify that access to administrative interfaces incorporates multiple layers of security, including continuous consumer identity verification, device security posture assessment, and contextual risk analysis, ensuring that network location or trusted endpoints are not the sole factors for authorization even though they may reduce the likelihood of unauthorized access.",V8.4.2,V8,Authorization,V8.4,Other Authorization Considerations,3,48,Claim,Claim,0.9954,0.9954,0.0014,0.0032,12,,False,False,NO,NONE,NONE,0,"This text describes a set of security measures to be implemented, but it does not make a normative claim about why a specific design property (e.g., multiple layers of security, continuous verification) leads to better security outcomes. The text focuses on what to do (verify access, incorporate multiple layers) rather than arguing why a particular design choice improves security.",,,"<reasoning>
This text describes a set of security measures to be implemented, but it does not make a normative claim about why a specific design property (e.g., multiple layers of security, continuous verification) leads to better security outcomes. The text focuses on what to do (verify access, incorporate multiple layers) rather than arguing why a particular design choice improves security.
</reasoning>
<answer>NO</answer>",,,FALSE
181,ASVS-U00182,Verify that self-contained tokens are validated using their digital signature or MAC to protect against tampering before accepting the token's contents.,V9.1.1,V9,Self-contained Tokens,V9.1,Token source and integrity,1,21,Claim,Claim,0.9945,0.9945,0.002,0.0034,0,,False,False,NO,NONE,NONE,0,"This text is purely procedural, providing a specific step to take when validating self-contained tokens. It does not make a normative claim about why this design choice improves security outcomes. The text simply states what to do without explaining why it matters for security.",,,"<reasoning>
This text is purely procedural, providing a specific step to take when validating self-contained tokens. It does not make a normative claim about why this design choice improves security outcomes. The text simply states what to do without explaining why it matters for security.
</reasoning>
<answer>NO</answer>",,,FALSE
182,ASVS-U00183,"Verify that only algorithms on an allowlist can be used to create and verify self-contained tokens, for a given context. The allowlist must include the permitted algorithms, ideally only either symmetric or asymmetric algorithms, and must not include the 'None' algorithm. If both symmetric and asymmetric must be supported, additional controls will be needed to prevent key confusion.",V9.1.2,V9,Self-contained Tokens,V9.1,Token source and integrity,1,58,Claim,Claim,0.9855,0.9855,0.0009,0.0136,1,,False,True,NO,NONE,NONE,0,"This text primarily provides practical instructions and guidelines for configuring an allowlist for token creation and verification. While it mentions the importance of excluding the 'None' algorithm and controlling key confusion, it does not explicitly argue why these design choices lead to better security outcomes. The text focuses on what to do and how to do it, rather than making a normative claim about the security benefits of a specific design property.",,,"<reasoning>
This text primarily provides practical instructions and guidelines for configuring an allowlist for token creation and verification. While it mentions the importance of excluding the 'None' algorithm and controlling key confusion, it does not explicitly argue why these design choices lead to better security outcomes. The text focuses on what to do and how to do it, rather than making a normative claim about the security benefits of a specific design property.
</reasoning>
<answer>NO</answer>",,,FALSE
183,ASVS-U00184,"Verify that key material that is used to validate self-contained tokens is from trusted pre-configured sources for the token issuer, preventing attackers from specifying untrusted sources and keys. For JWTs and other JWS structures, headers such as 'jku', 'x5u', and 'jwk' must be validated against an allowlist of trusted sources.",V9.1.3,V9,Self-contained Tokens,V9.1,Token source and integrity,1,50,Evidence,Evidence,0.991,0.0077,0.0013,0.991,2,1,False,False,NO,NONE,NONE,0,"This text is primarily procedural and operational, providing specific instructions on how to validate key material and headers in JWTs and JWS structures. While it mentions the goal of preventing attackers from specifying untrusted sources and keys, it does not make a normative claim about why a specific design property (e.g., allowlisting trusted sources) leads to better security outcomes.",,,"<reasoning>
This text is primarily procedural and operational, providing specific instructions on how to validate key material and headers in JWTs and JWS structures. While it mentions the goal of preventing attackers from specifying untrusted sources and keys, it does not make a normative claim about why a specific design property (e.g., allowlisting trusted sources) leads to better security outcomes.
</reasoning>
<answer>NO</answer>",,,FALSE
184,ASVS-U00185,"Verify that, if a validity time span is present in the token data, the token and its content are accepted only if the verification time is within this validity time span. For example, for JWTs, the claims 'nbf' and 'exp' must be verified.",V9.2.1,V9,Self-contained Tokens,V9.2,Token content,1,43,Evidence,Evidence,0.9903,0.0081,0.0015,0.9903,3,1,False,False,NO,NONE,NONE,0,"This text is purely procedural and descriptive, providing instructions on how to verify token validity without making a normative claim about why this design choice improves security. It does not argue that a specific design property (e.g., token validation) is the reason for better security outcomes.",,,"<reasoning>
This text is purely procedural and descriptive, providing instructions on how to verify token validity without making a normative claim about why this design choice improves security. It does not argue that a specific design property (e.g., token validation) is the reason for better security outcomes.
</reasoning>
<answer>NO</answer>",,,FALSE
185,ASVS-U00186,"Verify that the service receiving a token validates the token to be the correct type and is meant for the intended purpose before accepting the token's contents. For example, only access tokens can be accepted for authorization decisions and only ID Tokens can be used for proving user authentication.",V9.2.2,V9,Self-contained Tokens,V9.2,Token content,2,49,Evidence,Evidence,0.9723,0.0262,0.0015,0.9723,4,1,False,False,NO,NONE,NONE,0,"This text is primarily descriptive and procedural, explaining what to do when verifying tokens. While it mentions the importance of validating tokens for their intended purpose, it doesn't make a normative claim about why this design property (e.g., token validation) leads to better security outcomes.",,,"<reasoning>
This text is primarily descriptive and procedural, explaining what to do when verifying tokens. While it mentions the importance of validating tokens for their intended purpose, it doesn't make a normative claim about why this design property (e.g., token validation) leads to better security outcomes.
</reasoning>
<answer>NO</answer>",,,FALSE
186,ASVS-U00187,"Verify that the service only accepts tokens which are intended for use with that service (audience). For JWTs, this can be achieved by validating the 'aud' claim against an allowlist defined in the service.",V9.2.3,V9,Self-contained Tokens,V9.2,Token content,2,34,Claim,Claim,0.9859,0.9859,0.0012,0.0129,5,,False,False,NO,NONE,NONE,0,"This text is purely procedural and descriptive, providing a specific implementation detail for validating JWTs. It does not make a normative claim about why this design choice improves security outcomes. The text only describes how to achieve a certain goal (validating the 'aud' claim) without arguing why this design property (e.g., audience restriction) is essential for security.",,,"<reasoning>
This text is purely procedural and descriptive, providing a specific implementation detail for validating JWTs. It does not make a normative claim about why this design choice improves security outcomes. The text only describes how to achieve a certain goal (validating the 'aud' claim) without arguing why this design property (e.g., audience restriction) is essential for security.
</reasoning>
<answer>NO</answer>",,,FALSE
187,ASVS-U00188,"Verify that, if a token issuer uses the same private key for issuing tokens to different audiences, the issued tokens contain an audience restriction that uniquely identifies the intended audiences. This will prevent a token from being reused with an unintended audience. If the audience identifier is dynamically provisioned, the token issuer must validate these audiences in order to make sure that they do not result in audience impersonation.",V9.2.4,V9,Self-contained Tokens,V9.2,Token content,2,69,Claim,Claim,0.9942,0.9942,0.0017,0.0041,6,,False,False,NO,NONE,NONE,0,"This text describes a specific security measure to prevent token reuse and audience impersonation, but it does not make a normative claim about why this design property (audience restriction) leads to better security outcomes. The text explains what to do and how to do it, but it does not argue why this design choice is essential for security.",,,"<reasoning>
This text describes a specific security measure to prevent token reuse and audience impersonation, but it does not make a normative claim about why this design property (audience restriction) leads to better security outcomes. The text explains what to do and how to do it, but it does not argue why this design choice is essential for security.
</reasoning>
<answer>NO</answer>",,,FALSE
188,ASVS-U00189,"Verify that tokens are only sent to components that strictly need them. For example, when using a backend-for-frontend pattern for browser-based JavaScript applications, access and refresh tokens shall only be accessible for the backend.",V10.1.1,V10,OAuth and OIDC,V10.1,Generic OAuth and OIDC Security,2,34,Evidence,Evidence,0.9723,0.0261,0.0016,0.9723,0,2,False,False,NO,NONE,NONE,0,"This text provides a specific guidance on how to handle tokens, but it doesn't explicitly argue why this design choice improves security. The text describes a best practice, but it doesn't make a normative claim about the design property (in this case, minimal exposure or least privilege) that leads to better security outcomes.",,,"<reasoning>
This text provides a specific guidance on how to handle tokens, but it doesn't explicitly argue why this design choice improves security. The text describes a best practice, but it doesn't make a normative claim about the design property (in this case, minimal exposure or least privilege) that leads to better security outcomes.
</reasoning>
<answer>NO</answer>",,,FALSE
189,ASVS-U00190,"Verify that the client only accepts values from the authorization server (such as the authorization code or ID Token) if these values result from an authorization flow that was initiated by the same user agent session and transaction. This requires that client-generated secrets, such as the proof key for code exchange (PKCE) 'code_verifier', 'state' or OIDC 'nonce', are not guessable, are specific to the transaction, and are securely bound to both the client and the user agent session in which the transaction was started.",V10.1.2,V10,OAuth and OIDC,V10.1,Generic OAuth and OIDC Security,2,84,Evidence,Evidence,0.9891,0.0094,0.0014,0.9891,1,2,False,False,NO,NONE,NONE,0,"This text primarily provides a descriptive and procedural guidance on how to verify authorization values, without making a normative claim about why a specific design property improves security. The text explains how to implement a secure authorization flow, but it does not argue that a particular design principle, such as Uniqueness or Binding, is the reason for improved security.",,,"<reasoning>
This text primarily provides a descriptive and procedural guidance on how to verify authorization values, without making a normative claim about why a specific design property improves security. The text explains how to implement a secure authorization flow, but it does not argue that a particular design principle, such as Uniqueness or Binding, is the reason for improved security.
</reasoning>
<answer>NO</answer>",,,FALSE
190,ASVS-U00191,"Verify that, if the code flow is used, the OAuth client has protection against browser-based request forgery attacks, commonly known as cross-site request forgery (CSRF), which trigger token requests, either by using proof key for code exchange (PKCE) functionality or checking the 'state' parameter that was sent in the authorization request.",V10.2.1,V10,OAuth and OIDC,V10.2,OAuth Client,2,51,Claim,Claim,0.9955,0.9955,0.0017,0.0028,2,,False,True,NO,NONE,NONE,0,"This text is purely procedural and descriptive, providing instructions on how to protect against CSRF attacks using specific techniques (PKCE or checking the'state' parameter). There is no normative claim arguing why a specific design property (e.g., using PKCE or checking the'state' parameter) leads to better security outcomes.",,,"<reasoning>
This text is purely procedural and descriptive, providing instructions on how to protect against CSRF attacks using specific techniques (PKCE or checking the'state' parameter). There is no normative claim arguing why a specific design property (e.g., using PKCE or checking the'state' parameter) leads to better security outcomes.
</reasoning>
<answer>NO</answer>",,,FALSE
191,ASVS-U00192,"Verify that, if the OAuth client can interact with more than one authorization server, it has a defense against mix-up attacks. For example, it could require that the authorization server return the 'iss' parameter value and validate it in the authorization response and the token response.",V10.2.2,V10,OAuth and OIDC,V10.2,OAuth Client,2,46,Evidence,Evidence,0.9271,0.0711,0.0019,0.9271,3,2,False,False,NO,NONE,NONE,0,"This text provides a specific implementation detail for preventing mix-up attacks in OAuth clients, but it does not make a normative claim about why this design property (verifying the 'iss' parameter value) leads to better security outcomes. The text is primarily procedural, describing a step to take without explaining why it improves security.",,,"<reasoning>
This text provides a specific implementation detail for preventing mix-up attacks in OAuth clients, but it does not make a normative claim about why this design property (verifying the 'iss' parameter value) leads to better security outcomes. The text is primarily procedural, describing a step to take without explaining why it improves security.
</reasoning>
<answer>NO</answer>",,,FALSE
192,ASVS-U00193,Verify that the OAuth client only requests the required scopes (or other authorization parameters) in requests to the authorization server.,V10.2.3,V10,OAuth and OIDC,V10.2,OAuth Client,3,20,Claim,Claim,0.9709,0.9709,0.0009,0.0282,4,,False,True,NO,NONE,NONE,0,"This text is purely procedural, providing a specific step to take in the OAuth flow without explaining why it improves security. It does not make a normative claim about a design property, such as minimal exposure or least privilege, that leads to better security outcomes.",,,"<reasoning>
This text is purely procedural, providing a specific step to take in the OAuth flow without explaining why it improves security. It does not make a normative claim about a design property, such as minimal exposure or least privilege, that leads to better security outcomes.
</reasoning>
<answer>NO</answer>",,,FALSE
193,ASVS-U00194,"Verify that the resource server only accepts access tokens that are intended for use with that service (audience). The audience may be included in a structured access token (such as the 'aud' claim in JWT), or it can be checked using the token introspection endpoint.",V10.3.1,V10,OAuth and OIDC,V10.3,OAuth Resource Server,2,45,Evidence,Evidence,0.9905,0.0083,0.0013,0.9905,5,4,False,False,NO,NONE,NONE,0,"This text is purely descriptive and procedural, providing instructions on how to verify the audience of an access token. It does not make a normative claim about why this design choice improves security outcomes. The text explains what to do, but does not argue why this specific design property (e.g. verifying the audience) leads to better security.",,,"<reasoning>
This text is purely descriptive and procedural, providing instructions on how to verify the audience of an access token. It does not make a normative claim about why this design choice improves security outcomes. The text explains what to do, but does not argue why this specific design property (e.g. verifying the audience) leads to better security.
</reasoning>
<answer>NO</answer>",,,FALSE
194,ASVS-U00195,"Verify that the resource server enforces authorization decisions based on claims from the access token that define delegated authorization. If claims such as 'sub', 'scope', and 'authorization_details' are present, they must be part of the decision.",V10.3.2,V10,OAuth and OIDC,V10.3,OAuth Resource Server,2,36,Evidence,Evidence,0.9875,0.0111,0.0014,0.9875,6,4,False,False,NO,NONE,NONE,0,"This text is purely descriptive and procedural, providing instructions on how to verify authorization decisions without making a normative claim about why this design choice improves security. It does not argue that a specific design property (e.g., using claims in access tokens) leads to better security outcomes.",,,"<reasoning>
This text is purely descriptive and procedural, providing instructions on how to verify authorization decisions without making a normative claim about why this design choice improves security. It does not argue that a specific design property (e.g., using claims in access tokens) leads to better security outcomes.
</reasoning>
<answer>NO</answer>",,,FALSE
195,ASVS-U00196,"Verify that if an access control decision requires identifying a unique user from an access token (JWT or related token introspection response), the resource server identifies the user from claims that cannot be reassigned to other users. Typically, it means using a combination of 'iss' and 'sub' claims.",V10.3.3,V10,OAuth and OIDC,V10.3,OAuth Resource Server,2,48,Claim,Claim,0.9932,0.9932,0.0014,0.0053,7,,False,True,NO,NONE,NONE,0,"This text is primarily descriptive and procedural, providing guidance on how to implement access control decisions using JWT tokens. While it mentions specific claims ('iss' and'sub') that should be used to identify users, it does not make a normative claim about why this design choice improves security outcomes.",,,"<reasoning>
This text is primarily descriptive and procedural, providing guidance on how to implement access control decisions using JWT tokens. While it mentions specific claims ('iss' and'sub') that should be used to identify users, it does not make a normative claim about why this design choice improves security outcomes.
</reasoning>
<answer>NO</answer>",,,FALSE
196,ASVS-U00197,"Verify that, if the resource server requires specific authentication strength, methods, or recentness, it verifies that the presented access token satisfies these constraints. For example, if present, using the OIDC 'acr', 'amr' and 'auth_time' claims respectively.",V10.3.4,V10,OAuth and OIDC,V10.3,OAuth Resource Server,2,36,Evidence,Evidence,0.9892,0.0098,0.001,0.9892,8,7,False,False,NO,NONE,NONE,0,"This text is purely descriptive and procedural, providing guidance on how to verify specific authentication constraints. It does not make a normative claim about why a particular design property (e.g., verification of authentication strength, methods, or recentness) leads to better security outcomes.",,,"<reasoning>
This text is purely descriptive and procedural, providing guidance on how to verify specific authentication constraints. It does not make a normative claim about why a particular design property (e.g., verification of authentication strength, methods, or recentness) leads to better security outcomes.
</reasoning>
<answer>NO</answer>",,,FALSE
197,ASVS-U00198,"Verify that the resource server prevents the use of stolen access tokens or replay of access tokens (from unauthorized parties) by requiring sender-constrained access tokens, either Mutual TLS for OAuth 2 or OAuth 2 Demonstration of Proof of Possession (DPoP).",V10.3.5,V10,OAuth and OIDC,V10.3,OAuth Resource Server,3,40,Claim,Claim,0.9944,0.9944,0.0028,0.0028,9,,False,False,NO,NONE,NONE,0,"This text does not contain a normative design argument. It provides a specific recommendation for implementing a security measure (sender-constrained access tokens) to prevent a particular threat (stolen or replayed access tokens), but it does not explain why this design choice leads to better security outcomes. The text is primarily procedural, describing a solution without arguing why it is secure.",,,"<reasoning>
This text does not contain a normative design argument. It provides a specific recommendation for implementing a security measure (sender-constrained access tokens) to prevent a particular threat (stolen or replayed access tokens), but it does not explain why this design choice leads to better security outcomes. The text is primarily procedural, describing a solution without arguing why it is secure.
</reasoning>
<answer>NO</answer>",,,FALSE
198,ASVS-U00199,Verify that the authorization server validates redirect URIs based on a client-specific allowlist of pre-registered URIs using exact string comparison.,V10.4.1,V10,OAuth and OIDC,V10.4,OAuth Authorization Server,1,20,Claim,Claim,0.8811,0.8811,0.0011,0.1178,10,,False,False,NO,NONE,NONE,0,"This text is purely procedural and descriptive, providing a specific implementation detail for authorization servers. It does not make a normative claim about why this design choice improves security outcomes or connects a specific design property to a security benefit.",,,"<reasoning>
This text is purely procedural and descriptive, providing a specific implementation detail for authorization servers. It does not make a normative claim about why this design choice improves security outcomes or connects a specific design property to a security benefit.
</reasoning>
<answer>NO</answer>",,,FALSE
199,ASVS-U00200,"Verify that, if the authorization server returns the authorization code in the authorization response, it can be used only once for a token request. For the second valid request with an authorization code that has already been used to issue an access token, the authorization server must reject a token request and revoke any issued tokens related to the authorization code.",V10.4.2,V10,OAuth and OIDC,V10.4,OAuth Authorization Server,1,61,Claim,Claim,0.9917,0.9917,0.0016,0.0068,11,,False,False,NO,NONE,NONE,0,"This text describes a specific behavior of an authorization server, specifying how it should handle authorization codes and token requests. While it implies that reusing an authorization code is a security risk, it does not explicitly argue why this design property (e.g., one-time use of authorization codes) improves security outcomes.",,,"<reasoning>
This text describes a specific behavior of an authorization server, specifying how it should handle authorization codes and token requests. While it implies that reusing an authorization code is a security risk, it does not explicitly argue why this design property (e.g., one-time use of authorization codes) improves security outcomes.
</reasoning>
<answer>NO</answer>",,,FALSE
200,ASVS-U00201,Verify that the authorization code is short-lived. The maximum lifetime can be up to 10 minutes for L1 and L2 applications and up to 1 minute for L3 applications.,V10.4.3,V10,OAuth and OIDC,V10.4,OAuth Authorization Server,1,29,Claim,Claim,0.9932,0.9932,0.0021,0.0047,12,,False,False,NO,NONE,NONE,0,"This text does not contain a normative design argument. It provides a specific guideline for the maximum lifetime of authorization codes, but it does not explain why a shorter lifetime improves security outcomes. The text is purely procedural, providing a specific recommendation without arguing why it matters for security.",,,"<reasoning>
This text does not contain a normative design argument. It provides a specific guideline for the maximum lifetime of authorization codes, but it does not explain why a shorter lifetime improves security outcomes. The text is purely procedural, providing a specific recommendation without arguing why it matters for security.
</reasoning>
<answer>NO</answer>",,,FALSE
201,ASVS-U00202,"Verify that for a given client, the authorization server only allows the usage of grants that this client needs to use. Note that the grants 'token' (Implicit flow) and 'password' (Resource Owner Password Credentials flow) must no longer be used.",V10.4.4,V10,OAuth and OIDC,V10.4,OAuth Authorization Server,1,40,Claim,Claim,0.8597,0.8597,0.0012,0.1391,13,,False,False,NO,NONE,NONE,0,"This text is purely procedural and descriptive, providing instructions on what to do without explaining why it improves security. It does not make a normative claim about a specific design property (e.g., least privilege, minimum exposure) that leads to better security outcomes.",,,"<reasoning>
This text is purely procedural and descriptive, providing instructions on what to do without explaining why it improves security. It does not make a normative claim about a specific design property (e.g., least privilege, minimum exposure) that leads to better security outcomes.
</reasoning>
<answer>NO</answer>",,,FALSE
202,ASVS-U00203,"Verify that the authorization server mitigates refresh token replay attacks for public clients, preferably using sender-constrained refresh tokens, i.e., Demonstrating Proof of Possession (DPoP) or Certificate-Bound Access Tokens using mutual TLS (mTLS). For L1 and L2 applications, refresh token rotation may be used. If refresh token rotation is used, the authorization server must invalidate the refresh token after usage, and revoke all refresh tokens for that authorization if an already used and invalidated refresh token is provided.",V10.4.5,V10,OAuth and OIDC,V10.4,OAuth Authorization Server,1,77,Claim,Claim,0.9851,0.9851,0.0025,0.0124,14,,False,False,NO,NONE,NONE,0,"This text primarily provides procedural advice on how to mitigate refresh token replay attacks, specifying techniques such as sender-constrained refresh tokens, DPoP, and mTLS. While it mentions the importance of invalidating and revoking refresh tokens, it does not make a normative claim about why a specific design property (e.g., token rotation, mutual TLS) leads to better security outcomes.",,,"<reasoning>
This text primarily provides procedural advice on how to mitigate refresh token replay attacks, specifying techniques such as sender-constrained refresh tokens, DPoP, and mTLS. While it mentions the importance of invalidating and revoking refresh tokens, it does not make a normative claim about why a specific design property (e.g., token rotation, mutual TLS) leads to better security outcomes.
</reasoning>
<answer>NO</answer>",,,FALSE
203,ASVS-U00204,"Verify that, if the code grant is used, the authorization server mitigates authorization code interception attacks by requiring proof key for code exchange (PKCE). For authorization requests, the authorization server must require a valid 'code_challenge' value and must not accept a 'code_challenge_method' value of 'plain'. For a token request, it must require validation of the 'code_verifier' parameter.",V10.4.6,V10,OAuth and OIDC,V10.4,OAuth Authorization Server,2,57,Claim,Claim,0.9724,0.9724,0.001,0.0266,15,,False,True,NO,NONE,NONE,0,"This text is purely procedural and descriptive, providing specific requirements for implementing PKCE to mitigate authorization code interception attacks. It does not make a normative claim about why a specific design property (e.g., requiring a 'code_challenge' value) leads to better security outcomes.",,,"<reasoning>
This text is purely procedural and descriptive, providing specific requirements for implementing PKCE to mitigate authorization code interception attacks. It does not make a normative claim about why a specific design property (e.g., requiring a 'code_challenge' value) leads to better security outcomes.
</reasoning>
<answer>NO</answer>",,,FALSE
204,ASVS-U00205,"Verify that if the authorization server supports unauthenticated dynamic client registration, it mitigates the risk of malicious client applications. It must validate client metadata such as any registered URIs, ensure the user's consent, and warn the user before processing an authorization request with an untrusted client application.",V10.4.7,V10,OAuth and OIDC,V10.4,OAuth Authorization Server,2,47,Evidence,Evidence,0.9822,0.0162,0.0017,0.9822,16,15,False,False,NO,NONE,NONE,0,"This text does not contain a normative design argument. It provides procedural advice on how to mitigate a specific risk, but it does not argue why a specific design property (e.g., validation of client metadata, user consent, or warning the user) leads to better security outcomes. The text focuses on what to do to mitigate the risk, rather than explaining why a particular design choice improves security.",,,"<reasoning>
This text does not contain a normative design argument. It provides procedural advice on how to mitigate a specific risk, but it does not argue why a specific design property (e.g., validation of client metadata, user consent, or warning the user) leads to better security outcomes. The text focuses on what to do to mitigate the risk, rather than explaining why a particular design choice improves security.
</reasoning>
<answer>NO</answer>",,,FALSE
205,ASVS-U00206,"Verify that refresh tokens have an absolute expiration, including if sliding refresh token expiration is applied.",V10.4.8,V10,OAuth and OIDC,V10.4,OAuth Authorization Server,2,16,Claim,Claim,0.9938,0.9938,0.0013,0.0049,17,,False,False,NO,NONE,NONE,0,This text is purely procedural and does not provide a normative design argument. It instructs the reader to verify a specific implementation detail (absolute expiration of refresh tokens) without explaining why this design choice improves security outcomes.,,,"<reasoning>
This text is purely procedural and does not provide a normative design argument. It instructs the reader to verify a specific implementation detail (absolute expiration of refresh tokens) without explaining why this design choice improves security outcomes.
</reasoning>
<answer>NO</answer>",,,FALSE
206,ASVS-U00207,"Verify that refresh tokens and reference access tokens can be revoked by an authorized user using the authorization server user interface, to mitigate the risk of malicious clients or stolen tokens.",V10.4.9,V10,OAuth and OIDC,V10.4,OAuth Authorization Server,2,31,Claim,Claim,0.995,0.995,0.0016,0.0034,18,,False,True,NO,NONE,NONE,0,"This text does not contain a normative design argument. It provides a practical instruction on how to mitigate a specific risk, but it does not argue why a specific design property (e.g. revocability of tokens) is the reason for improved security outcomes. The text is focused on the operational aspect of revoking tokens rather than making a design-level argument.",,,"<reasoning>
This text does not contain a normative design argument. It provides a practical instruction on how to mitigate a specific risk, but it does not argue why a specific design property (e.g. revocability of tokens) is the reason for improved security outcomes. The text is focused on the operational aspect of revoking tokens rather than making a design-level argument.
</reasoning>
<answer>NO</answer>",,,FALSE
207,ASVS-U00208,"Verify that confidential client is authenticated for client-to-authorized server backchannel requests such as token requests, pushed authorization requests (PAR), and token revocation requests.",V10.4.10,V10,OAuth and OIDC,V10.4,OAuth Authorization Server,2,23,Evidence,Evidence,0.9864,0.0122,0.0014,0.9864,19,18,False,False,NO,NONE,NONE,0,"This text is purely procedural and descriptive, providing a checklist of actions to take without explaining why these actions improve security. There is no normative claim or argument about how a specific design property (e.g., authentication, authorization) leads to better security outcomes.",,,"<reasoning>
This text is purely procedural and descriptive, providing a checklist of actions to take without explaining why these actions improve security. There is no normative claim or argument about how a specific design property (e.g., authentication, authorization) leads to better security outcomes.
</reasoning>
<answer>NO</answer>",,,FALSE
208,ASVS-U00209,Verify that the authorization server configuration only assigns the required scopes to the OAuth client.,V10.4.11,V10,OAuth and OIDC,V10.4,OAuth Authorization Server,2,15,Claim,Claim,0.9702,0.9702,0.0011,0.0286,20,,False,True,NO,NONE,NONE,0,This text is purely procedural and does not make a normative claim about why assigning only required scopes to the OAuth client improves security. It simply instructs the reader to verify a specific configuration without explaining the security benefits of doing so.,,,"<reasoning>
This text is purely procedural and does not make a normative claim about why assigning only required scopes to the OAuth client improves security. It simply instructs the reader to verify a specific configuration without explaining the security benefits of doing so.
</reasoning>
<answer>NO</answer>",,,FALSE
209,ASVS-U00210,"Verify that for a given client, the authorization server only allows the 'response_mode' value that this client needs to use. For example, by having the authorization server validate this value against the expected values or by using pushed authorization request (PAR) or JWT-secured Authorization Request (JAR).",V10.4.12,V10,OAuth and OIDC,V10.4,OAuth Authorization Server,3,46,Evidence,Evidence,0.984,0.0149,0.0012,0.984,21,20,False,False,NO,NONE,NONE,0,"This text provides a specific implementation guidance on how to validate the'response_mode' value, but it does not make a normative claim about why this design choice improves security. The text describes a procedure to follow, but it does not argue that a specific design property (e.g. minimal exposure, least privilege) is the reason for improved security.",,,"<reasoning>
This text provides a specific implementation guidance on how to validate the'response_mode' value, but it does not make a normative claim about why this design choice improves security. The text describes a procedure to follow, but it does not argue that a specific design property (e.g. minimal exposure, least privilege) is the reason for improved security.
</reasoning>
<answer>NO</answer>",,,FALSE
210,ASVS-U00211,Verify that grant type 'code' is always used together with pushed authorization requests (PAR).,V10.4.13,V10,OAuth and OIDC,V10.4,OAuth Authorization Server,3,14,Claim,Claim,0.9914,0.9914,0.0013,0.0073,22,,False,False,NO,NONE,NONE,0,"This text is purely procedural and descriptive, providing a specific configuration recommendation without explaining why it improves security. There is no normative claim or argument about a design property leading to better security outcomes.",,,"<reasoning>
This text is purely procedural and descriptive, providing a specific configuration recommendation without explaining why it improves security. There is no normative claim or argument about a design property leading to better security outcomes.
</reasoning>
<answer>NO</answer>",,,FALSE
211,ASVS-U00212,"Verify that the authorization server issues only sender-constrained (Proof-of-Possession) access tokens, either with certificate-bound access tokens using mutual TLS (mTLS) or DPoP-bound access tokens (Demonstration of Proof of Possession).",V10.4.14,V10,OAuth and OIDC,V10.4,OAuth Authorization Server,3,29,Claim,Claim,0.9912,0.9912,0.0025,0.0063,23,,False,True,NO,NONE,NONE,0,"This text is purely descriptive and procedural, providing instructions on how to implement a specific security mechanism (sender-constrained access tokens) without explaining why this design choice improves security outcomes. There is no normative claim or argument about how this design property (e.g., sender-constrained access tokens) leads to better security.",,,"<reasoning>
This text is purely descriptive and procedural, providing instructions on how to implement a specific security mechanism (sender-constrained access tokens) without explaining why this design choice improves security outcomes. There is no normative claim or argument about how this design property (e.g., sender-constrained access tokens) leads to better security.
</reasoning>
<answer>NO</answer>",,,FALSE
212,ASVS-U00213,"Verify that, for a server-side client (which is not executed on the end-user device), the authorization server ensures that the 'authorization_details' parameter value is from the client backend and that the user has not tampered with it. For example, by requiring the usage of pushed authorization request (PAR) or JWT-secured Authorization Request (JAR).",V10.4.15,V10,OAuth and OIDC,V10.4,OAuth Authorization Server,3,53,Evidence,Evidence,0.9835,0.0151,0.0014,0.9835,24,23,False,False,NO,NONE,NONE,0,"This text is purely procedural and descriptive, providing a specific implementation guidance on how to verify the authenticity of the 'authorization_details' parameter. It does not make a normative claim about why a specific design property (e.g. compartmentalization, least privilege, etc.) leads to better security outcomes.",,,"<reasoning>
This text is purely procedural and descriptive, providing a specific implementation guidance on how to verify the authenticity of the 'authorization_details' parameter. It does not make a normative claim about why a specific design property (e.g. compartmentalization, least privilege, etc.) leads to better security outcomes.
</reasoning>
<answer>NO</answer>",,,FALSE
213,ASVS-U00214,"Verify that the client is confidential and the authorization server requires the use of strong client authentication methods (based on public-key cryptography and resistant to replay attacks), such as mutual TLS ('tls_client_auth', 'self_signed_tls_client_auth') or private key JWT ('private_key_jwt').",V10.4.16,V10,OAuth and OIDC,V10.4,OAuth Authorization Server,3,38,Evidence,Evidence,0.9813,0.0174,0.0013,0.9813,25,23,False,False,NO,NONE,NONE,0,"This text does not contain a normative design argument. It provides a list of recommended authentication methods and their properties, but it does not explain why these methods are more secure or how they contribute to a specific security outcome. The text is purely descriptive and procedural, providing guidance on what to do without arguing why it improves security.",,,"<reasoning>
This text does not contain a normative design argument. It provides a list of recommended authentication methods and their properties, but it does not explain why these methods are more secure or how they contribute to a specific security outcome. The text is purely descriptive and procedural, providing guidance on what to do without arguing why it improves security.
</reasoning>
<answer>NO</answer>",,,FALSE
214,ASVS-U00215,"Verify that the client (as the relying party) mitigates ID Token replay attacks. For example, by ensuring that the 'nonce' claim in the ID Token matches the 'nonce' value sent in the authentication request to the OpenID Provider (in OAuth2 refereed to as the authorization request sent to the authorization server).",V10.5.1,V10,OAuth and OIDC,V10.5,OIDC Client,2,51,Evidence,Evidence,0.9217,0.0764,0.0019,0.9217,26,23,False,False,NO,NONE,NONE,0,"This text is purely procedural and descriptive, providing a specific example of how to mitigate ID Token replay attacks. It does not make a normative claim about why a particular design property (e.g. using nonces, verifying claims) leads to better security outcomes.",,,"<reasoning>
This text is purely procedural and descriptive, providing a specific example of how to mitigate ID Token replay attacks. It does not make a normative claim about why a particular design property (e.g. using nonces, verifying claims) leads to better security outcomes.
</reasoning>
<answer>NO</answer>",,,FALSE
215,ASVS-U00216,"Verify that the client uniquely identifies the user from ID Token claims, usually the 'sub' claim, which cannot be reassigned to other users (for the scope of an identity provider).",V10.5.2,V10,OAuth and OIDC,V10.5,OIDC Client,2,30,Claim,Claim,0.9932,0.9932,0.0013,0.0055,27,,False,False,NO,NONE,NONE,0,"This text is purely descriptive and procedural, providing guidance on how to verify user identification from ID Token claims. It does not make a normative claim about why this design choice improves security outcomes. The text focuses on the ""how"" rather than the ""why"".",,,"<reasoning>
This text is purely descriptive and procedural, providing guidance on how to verify user identification from ID Token claims. It does not make a normative claim about why this design choice improves security outcomes. The text focuses on the ""how"" rather than the ""why"".
</reasoning>
<answer>NO</answer>",,,FALSE
216,ASVS-U00217,Verify that the client rejects attempts by a malicious authorization server to impersonate another authorization server through authorization server metadata. The client must reject authorization server metadata if the issuer URL in the authorization server metadata does not exactly match the pre-configured issuer URL expected by the client.,V10.5.3,V10,OAuth and OIDC,V10.5,OIDC Client,2,48,Claim,Claim,0.9895,0.9895,0.0015,0.0091,28,,False,False,NO,NONE,NONE,0,"This text is purely procedural and descriptive, providing a specific implementation detail for a security mechanism. It does not make a normative claim about why a specific design property (e.g., exact matching of issuer URLs) leads to better security outcomes.",,,"<reasoning>
This text is purely procedural and descriptive, providing a specific implementation detail for a security mechanism. It does not make a normative claim about why a specific design property (e.g., exact matching of issuer URLs) leads to better security outcomes.
</reasoning>
<answer>NO</answer>",,,FALSE
217,ASVS-U00218,Verify that the client validates that the ID Token is intended to be used for that client (audience) by checking that the 'aud' claim from the token is equal to the 'client_id' value for the client.,V10.5.4,V10,OAuth and OIDC,V10.5,OIDC Client,2,36,Claim,Claim,0.9802,0.9802,0.0011,0.0187,29,,False,True,NO,NONE,NONE,0,"This text is purely procedural and descriptive, providing a specific step to verify the ID Token's audience claim. It does not make a normative claim about why this design property (in this case, validation of the 'aud' claim) improves security outcomes.",,,"<reasoning>
This text is purely procedural and descriptive, providing a specific step to verify the ID Token's audience claim. It does not make a normative claim about why this design property (in this case, validation of the 'aud' claim) improves security outcomes.
</reasoning>
<answer>NO</answer>",,,FALSE
218,ASVS-U00219,"Verify that, when using OIDC back-channel logout, the relying party mitigates denial of service through forced logout and cross-JWT confusion in the logout flow. The client must verify that the logout token is correctly typed with a value of 'logout+jwt', contains the 'event' claim with the correct member name, and does not contain a 'nonce' claim. Note that it is also recommended to have a short expiration (e.g., 2 minutes).",V10.5.5,V10,OAuth and OIDC,V10.5,OIDC Client,2,70,Evidence,Evidence,0.7336,0.264,0.0024,0.7336,30,29,False,False,NO,NONE,NONE,0,"This text provides a set of specific guidelines for implementing OIDC back-channel logout, including verification of token types, claims, and expiration. While it mentions potential security concerns like denial of service and cross-JWT confusion, it does not make a normative claim about why a specific design property (e.g., short expiration, correct typing) leads to better security outcomes. The text is primarily procedural and operational, focusing on what to do rather than why it improves security.",,,"<reasoning>
This text provides a set of specific guidelines for implementing OIDC back-channel logout, including verification of token types, claims, and expiration. While it mentions potential security concerns like denial of service and cross-JWT confusion, it does not make a normative claim about why a specific design property (e.g., short expiration, correct typing) leads to better security outcomes. The text is primarily procedural and operational, focusing on what to do rather than why it improves security.
</reasoning>
<answer>NO</answer>",,,FALSE
219,ASVS-U00220,"Verify that the OpenID Provider only allows values 'code', 'ciba', 'id_token', or 'id_token code' for response mode. Note that 'code' is preferred over 'id_token code' (the OIDC Hybrid flow), and 'token' (any Implicit flow) must not be used.",V10.6.1,V10,OAuth and OIDC,V10.6,OpenID Provider,2,38,Claim,Claim,0.9391,0.9391,0.0015,0.0594,31,,False,True,NO,NONE,NONE,0,"This text is purely procedural and descriptive, providing specific values for response mode and recommending one over another without explaining why it improves security. There is no normative claim connecting a design property to a security outcome.",,,"<reasoning>
This text is purely procedural and descriptive, providing specific values for response mode and recommending one over another without explaining why it improves security. There is no normative claim connecting a design property to a security outcome.
</reasoning>
<answer>NO</answer>",,,FALSE
220,ASVS-U00221,"Verify that the OpenID Provider mitigates denial of service through forced logout. By obtaining explicit confirmation from the end-user or, if present, validating parameters in the logout request (initiated by the relying party), such as the 'id_token_hint'.",V10.6.2,V10,OAuth and OIDC,V10.6,OpenID Provider,2,37,Evidence,Evidence,0.9889,0.0097,0.0014,0.9889,32,31,False,False,NO,NONE,NONE,0,"This text is purely procedural and operational, describing a specific step to take in verifying an OpenID Provider's logout functionality. It does not make a normative claim about why a particular design property (e.g. explicit confirmation or parameter validation) leads to better security outcomes.",,,"<reasoning>
This text is purely procedural and operational, describing a specific step to take in verifying an OpenID Provider's logout functionality. It does not make a normative claim about why a particular design property (e.g. explicit confirmation or parameter validation) leads to better security outcomes.
</reasoning>
<answer>NO</answer>",,,FALSE
221,ASVS-U00222,"Verify that the authorization server ensures that the user consents to each authorization request. If the identity of the client cannot be assured, the authorization server must always explicitly prompt the user for consent.",V10.7.1,V10,OAuth and OIDC,V10.7,Consent Management,2,34,Claim,Claim,0.9942,0.9942,0.0014,0.0044,33,,False,False,NO,NONE,NONE,0,"This text does not contain a normative design argument. It provides a procedural advice on how to handle authorization requests, but it does not explain why explicitly prompting the user for consent leads to better security outcomes. The text describes a specific implementation detail without connecting it to a design property that improves security.",,,"<reasoning>
This text does not contain a normative design argument. It provides a procedural advice on how to handle authorization requests, but it does not explain why explicitly prompting the user for consent leads to better security outcomes. The text describes a specific implementation detail without connecting it to a design property that improves security.
</reasoning>
<answer>NO</answer>",,,FALSE
222,ASVS-U00223,"Verify that when the authorization server prompts for user consent, it presents sufficient and clear information about what is being consented to. When applicable, this should include the nature of the requested authorizations (typically based on scope, resource server, Rich Authorization Requests (RAR) authorization details), the identity of the authorized application, and the lifetime of these authorizations.",V10.7.2,V10,OAuth and OIDC,V10.7,Consent Management,2,57,Claim,Claim,0.9754,0.9754,0.0012,0.0234,34,,False,False,NO,NONE,NONE,0,"This text is purely descriptive and procedural, providing guidance on what information should be presented to users when prompting for consent. It does not make a normative claim about why presenting this information leads to better security outcomes or how it relates to a specific design principle.",,,"<reasoning>
This text is purely descriptive and procedural, providing guidance on what information should be presented to users when prompting for consent. It does not make a normative claim about why presenting this information leads to better security outcomes or how it relates to a specific design principle.
</reasoning>
<answer>NO</answer>",,,FALSE
223,ASVS-U00224,"Verify that the user can review, modify, and revoke consents which the user has granted through the authorization server.",V10.7.3,V10,OAuth and OIDC,V10.7,Consent Management,2,19,Claim,Claim,0.9938,0.9938,0.0016,0.0046,35,,False,False,NO,NONE,NONE,0,"This text is purely procedural and operational, as it describes a specific action to be taken (verifying user consent management) without providing a normative claim about why this design choice improves security. There is no argument about how this design property (e.g., user consent management) leads to better security outcomes.",,,"<reasoning>
This text is purely procedural and operational, as it describes a specific action to be taken (verifying user consent management) without providing a normative claim about why this design choice improves security. There is no argument about how this design property (e.g., user consent management) leads to better security outcomes.
</reasoning>
<answer>NO</answer>",,,FALSE
224,ASVS-U00225,"Verify that there is a documented policy for management of cryptographic keys and a cryptographic key lifecycle that follows a key management standard such as NIST SP 800-57. This should include ensuring that keys are not overshared (for example, with more than two entities for shared secrets and more than one entity for private keys).",V11.1.1,V11,Cryptography,V11.1,Cryptographic Inventory and Documentation,2,55,Evidence,Evidence,0.9908,0.0078,0.0013,0.9908,0,1,False,False,NO,NONE,NONE,0,"This text is primarily procedural and operational, providing guidance on how to manage cryptographic keys and referencing a specific standard. While it mentions avoiding oversharing of keys, it does not make a normative claim about why this design property (limited key sharing) leads to better security outcomes.",,,"<reasoning>
This text is primarily procedural and operational, providing guidance on how to manage cryptographic keys and referencing a specific standard. While it mentions avoiding oversharing of keys, it does not make a normative claim about why this design property (limited key sharing) leads to better security outcomes.
</reasoning>
<answer>NO</answer>",,,FALSE
225,ASVS-U00226,"Verify that a cryptographic inventory is performed, maintained, regularly updated, and includes all cryptographic keys, algorithms, and certificates used by the application. It must also document where keys can and cannot be used in the system, and the types of data that can and cannot be protected using the keys.",V11.1.2,V11,Cryptography,V11.1,Cryptographic Inventory and Documentation,2,50,Claim,Claim,0.9917,0.9917,0.001,0.0073,1,,False,True,NO,NONE,NONE,0,"This text is purely procedural and operational, providing a checklist of tasks to perform for cryptographic inventory management. It does not make a normative claim about why a specific design property (e.g., inventory management) leads to better security outcomes.",,,"<reasoning>
This text is purely procedural and operational, providing a checklist of tasks to perform for cryptographic inventory management. It does not make a normative claim about why a specific design property (e.g., inventory management) leads to better security outcomes.
</reasoning>
<answer>NO</answer>",,,FALSE
226,ASVS-U00227,"Verify that cryptographic discovery mechanisms are employed to identify all instances of cryptography in the system, including encryption, hashing, and signing operations.",V11.1.3,V11,Cryptography,V11.1,Cryptographic Inventory and Documentation,3,22,Claim,Claim,0.9952,0.9952,0.0014,0.0034,2,,False,True,NO,NONE,NONE,0,"This text is purely procedural, providing a checklist item for verifying the use of cryptographic discovery mechanisms. It does not make a normative claim about why this design property (e.g., using cryptographic discovery mechanisms) leads to better security outcomes.",,,"<reasoning>
This text is purely procedural, providing a checklist item for verifying the use of cryptographic discovery mechanisms. It does not make a normative claim about why this design property (e.g., using cryptographic discovery mechanisms) leads to better security outcomes.
</reasoning>
<answer>NO</answer>",,,FALSE
227,ASVS-U00228,"Verify that a cryptographic inventory is maintained. This must include a documented plan that outlines the migration path to new cryptographic standards, such as post-quantum cryptography, in order to react to future threats.",V11.1.4,V11,Cryptography,V11.1,Cryptographic Inventory and Documentation,3,33,Evidence,Evidence,0.9864,0.0115,0.0021,0.9864,3,2,False,False,NO,NONE,NONE,0,"This text is purely procedural and operational, as it provides a checklist item for maintaining a cryptographic inventory and outlines a plan for migrating to new cryptographic standards. There is no normative claim that a specific design property (e.g., simplicity, compartmentalization, etc.) leads to better security outcomes.",,,"<reasoning>
This text is purely procedural and operational, as it provides a checklist item for maintaining a cryptographic inventory and outlines a plan for migrating to new cryptographic standards. There is no normative claim that a specific design property (e.g., simplicity, compartmentalization, etc.) leads to better security outcomes.
</reasoning>
<answer>NO</answer>",,,FALSE
228,ASVS-U00229,Verify that industry-validated implementations (including libraries and hardware-accelerated implementations) are used for cryptographic operations.,V11.2.1,V11,Cryptography,V11.2,Secure Cryptography Implementation,2,14,Claim,Claim,0.9821,0.9821,0.0008,0.017,4,,False,False,NO,NONE,NONE,0,This text does not contain a normative design argument. It provides a procedural advice on what to do (verifying industry-validated implementations) without explaining why this specific design choice improves security outcomes. There is no connection made between the design property (using industry-validated implementations) and a security outcome.,,,"<reasoning>
This text does not contain a normative design argument. It provides a procedural advice on what to do (verifying industry-validated implementations) without explaining why this specific design choice improves security outcomes. There is no connection made between the design property (using industry-validated implementations) and a security outcome.
</reasoning>
<answer>NO</answer>",,,FALSE
229,ASVS-U00230,"Verify that the application is designed with crypto agility such that random number, authenticated encryption, MAC, or hashing algorithms, key lengths, rounds, ciphers and modes can be reconfigured, upgraded, or swapped at any time, to protect against cryptographic breaks. Similarly, it must also be possible to replace keys and passwords and re-encrypt data. This will allow for seamless upgrades to post-quantum cryptography (PQC), once high-assurance implementations of approved PQC schemes or standards are widely available.",V11.2.2,V11,Cryptography,V11.2,Secure Cryptography Implementation,2,75,Claim,Claim,0.9913,0.9913,0.0012,0.0075,5,,False,True,NO,NONE,NONE,0,"This text describes a design property (crypto agility) and its benefits (protecting against cryptographic breaks, seamless upgrades to post-quantum cryptography), but it does not explicitly argue why this design property leads to better security outcomes. The text primarily focuses on the what and how of implementing crypto agility, rather than making a normative claim about its security benefits.",,,"<reasoning>
This text describes a design property (crypto agility) and its benefits (protecting against cryptographic breaks, seamless upgrades to post-quantum cryptography), but it does not explicitly argue why this design property leads to better security outcomes. The text primarily focuses on the what and how of implementing crypto agility, rather than making a normative claim about its security benefits.
</reasoning>
<answer>NO</answer>",,,FALSE
230,ASVS-U00231,"Verify that all cryptographic primitives utilize a minimum of 128-bits of security based on the algorithm, key size, and configuration. For example, a 256-bit ECC key provides roughly 128 bits of security where RSA requires a 3072-bit key to achieve 128 bits of security.",V11.2.3,V11,Cryptography,V11.2,Secure Cryptography Implementation,2,44,Evidence,Evidence,0.987,0.0116,0.0015,0.987,6,5,False,False,NO,NONE,NONE,0,"This text is purely descriptive and procedural, providing guidance on how to achieve a certain level of security with different cryptographic primitives. It does not make a normative claim about why a specific design property (e.g. key size, algorithm choice) leads to better security outcomes.",,,"<reasoning>
This text is purely descriptive and procedural, providing guidance on how to achieve a certain level of security with different cryptographic primitives. It does not make a normative claim about why a specific design property (e.g. key size, algorithm choice) leads to better security outcomes.
</reasoning>
<answer>NO</answer>",,,FALSE
231,ASVS-U00232,"Verify that all cryptographic operations are constant-time, with no 'short-circuit' operations in comparisons, calculations, or returns, to avoid leaking information.",V11.2.4,V11,Cryptography,V11.2,Secure Cryptography Implementation,3,20,Claim,Claim,0.9927,0.9927,0.001,0.0063,7,,False,True,NO,NONE,NONE,0,"This text provides a specific guideline for implementing cryptographic operations, but it does not explicitly argue why constant-time operations are necessary for security. The text describes what to do, but it does not make a normative claim about how this design property improves security outcomes.",,,"<reasoning>
This text provides a specific guideline for implementing cryptographic operations, but it does not explicitly argue why constant-time operations are necessary for security. The text describes what to do, but it does not make a normative claim about how this design property improves security outcomes.
</reasoning>
<answer>NO</answer>",,,FALSE
232,ASVS-U00233,"Verify that all cryptographic modules fail securely, and errors are handled in a way that does not enable vulnerabilities, such as Padding Oracle attacks.",V11.2.5,V11,Cryptography,V11.2,Secure Cryptography Implementation,3,24,Evidence,Evidence,0.9861,0.0124,0.0015,0.9861,8,7,False,False,NO,NONE,NONE,0,"This text is primarily procedural, instructing the reader to verify that cryptographic modules fail securely and handle errors in a specific way. While it mentions a specific type of attack (Padding Oracle attacks), it does not make a normative claim about why a particular design property (e.g., secure failure, error handling) leads to better security outcomes.",,,"<reasoning>
This text is primarily procedural, instructing the reader to verify that cryptographic modules fail securely and handle errors in a specific way. While it mentions a specific type of attack (Padding Oracle attacks), it does not make a normative claim about why a particular design property (e.g., secure failure, error handling) leads to better security outcomes.
</reasoning>
<answer>NO</answer>",,,FALSE
233,ASVS-U00234,"Verify that insecure block modes (e.g., ECB) and weak padding schemes (e.g., PKCS#1 v1.5) are not used.",V11.3.1,V11,Cryptography,V11.3,Encryption Algorithms,1,17,Evidence,Evidence,0.9915,0.0072,0.0013,0.9915,9,7,False,False,NO,NONE,NONE,0,"This text is purely procedural, providing a checklist of things to verify, without explaining why these specific block modes and padding schemes are insecure or how their avoidance leads to better security outcomes. There is no normative design argument here.",,,"<reasoning>
This text is purely procedural, providing a checklist of things to verify, without explaining why these specific block modes and padding schemes are insecure or how their avoidance leads to better security outcomes. There is no normative design argument here.
</reasoning>
<answer>NO</answer>",,,FALSE
234,ASVS-U00235,Verify that only approved ciphers and modes such as AES with GCM are used.,V11.3.2,V11,Cryptography,V11.3,Encryption Algorithms,1,14,Evidence,Evidence,0.9898,0.0084,0.0018,0.9898,10,7,False,False,NO,NONE,NONE,0,"This text is purely procedural, providing a specific recommendation for cipher and mode usage without explaining why this choice improves security outcomes. There is no normative claim connecting the design property (using approved ciphers and modes) to a security outcome.",,,"<reasoning>
This text is purely procedural, providing a specific recommendation for cipher and mode usage without explaining why this choice improves security outcomes. There is no normative claim connecting the design property (using approved ciphers and modes) to a security outcome.
</reasoning>
<answer>NO</answer>",,,FALSE
235,ASVS-U00236,Verify that encrypted data is protected against unauthorized modification preferably by using an approved authenticated encryption method or by combining an approved encryption method with an approved MAC algorithm.,V11.3.3,V11,Cryptography,V11.3,Encryption Algorithms,2,29,Claim,Claim,0.9957,0.9957,0.0022,0.0021,11,,False,False,NO,NONE,NONE,0,"This text is purely procedural, providing a specific recommendation for protecting encrypted data without explaining why this approach improves security outcomes. It does not make a normative claim about a specific design property (e.g., authentication, encryption) leading to better security.",,,"<reasoning>
This text is purely procedural, providing a specific recommendation for protecting encrypted data without explaining why this approach improves security outcomes. It does not make a normative claim about a specific design property (e.g., authentication, encryption) leading to better security.
</reasoning>
<answer>NO</answer>",,,FALSE
236,ASVS-U00237,"Verify that nonces, initialization vectors, and other single-use numbers are not used for more than one encryption key and data-element pair. The method of generation must be appropriate for the algorithm being used.",V11.3.4,V11,Cryptography,V11.3,Encryption Algorithms,3,33,Claim,Claim,0.9715,0.9715,0.0014,0.0271,12,,False,False,NO,NONE,NONE,0,"This text is purely procedural and descriptive, providing guidance on how to use nonces, initialization vectors, and other single-use numbers correctly. It does not make a normative claim about why a specific design property (e.g., uniqueness of nonces) leads to better security outcomes.",,,"<reasoning>
This text is purely procedural and descriptive, providing guidance on how to use nonces, initialization vectors, and other single-use numbers correctly. It does not make a normative claim about why a specific design property (e.g., uniqueness of nonces) leads to better security outcomes.
</reasoning>
<answer>NO</answer>",,,FALSE
237,ASVS-U00238,Verify that any combination of an encryption algorithm and a MAC algorithm is operating in encrypt-then-MAC mode.,V11.3.5,V11,Cryptography,V11.3,Encryption Algorithms,3,17,Claim,Claim,0.9944,0.9944,0.0015,0.004,13,,False,True,NO,NONE,NONE,0,"This text is purely procedural, providing a specific instruction on how to operate encryption and MAC algorithms. There is no normative claim or argument about why this specific design property (encrypt-then-MAC mode) leads to better security outcomes.",,,"<reasoning>
This text is purely procedural, providing a specific instruction on how to operate encryption and MAC algorithms. There is no normative claim or argument about why this specific design property (encrypt-then-MAC mode) leads to better security outcomes.
</reasoning>
<answer>NO</answer>",,,FALSE
238,ASVS-U00239,"Verify that only approved hash functions are used for general cryptographic use cases, including digital signatures, HMAC, KDF, and random bit generation. Disallowed hash functions, such as MD5, must not be used for any cryptographic purpose.",V11.4.1,V11,Cryptography,V11.4,Hashing and Hash-based Functions,1,36,Evidence,Evidence,0.9904,0.0079,0.0017,0.9904,14,13,False,False,NO,NONE,NONE,0,"This text is purely procedural and descriptive, providing a list of approved and disallowed hash functions without explaining why using approved hash functions leads to better security outcomes. There is no normative design argument connecting the use of specific hash functions to a security property, such as simplicity or minimum exposure.",,,"<reasoning>
This text is purely procedural and descriptive, providing a list of approved and disallowed hash functions without explaining why using approved hash functions leads to better security outcomes. There is no normative design argument connecting the use of specific hash functions to a security property, such as simplicity or minimum exposure.
</reasoning>
<answer>NO</answer>",,,FALSE
239,ASVS-U00240,"Verify that passwords are stored using an approved, computationally intensive, key derivation function (also known as a ""password hashing function""), with parameter settings configured based on current guidance. The settings should balance security and performance to make brute-force attacks sufficiently challenging for the required level of security.",V11.4.2,V11,Cryptography,V11.4,Hashing and Hash-based Functions,2,47,Claim,Claim,0.9952,0.9952,0.0015,0.0032,15,,False,False,NO,NONE,NONE,0,"This text primarily provides procedural advice on how to store passwords securely, specifying the use of an approved key derivation function and configuring parameter settings. While it mentions balancing security and performance, it does not make a normative claim about why a specific design property (e.g., computationally intensive key derivation) leads to better security outcomes.",,,"<reasoning>
This text primarily provides procedural advice on how to store passwords securely, specifying the use of an approved key derivation function and configuring parameter settings. While it mentions balancing security and performance, it does not make a normative claim about why a specific design property (e.g., computationally intensive key derivation) leads to better security outcomes.
</reasoning>
<answer>NO</answer>",,,FALSE
240,ASVS-U00241,"Verify that hash functions used in digital signatures, as part of data authentication or data integrity are collision resistant and have appropriate bit-lengths. If collision resistance is required, the output length must be at least 256 bits. If only resistance to second pre-image attacks is required, the output length must be at least 128 bits.",V11.4.3,V11,Cryptography,V11.4,Hashing and Hash-based Functions,2,55,Claim,Claim,0.9931,0.9931,0.0013,0.0056,16,,False,False,NO,NONE,NONE,0,"This text provides specific guidelines for selecting hash functions, but it does not make a normative claim about why a particular design property (e.g., collision resistance, bit-length) leads to better security outcomes. The text is primarily descriptive and procedural, providing instructions on what to do without explaining why it improves security.",,,"<reasoning>
This text provides specific guidelines for selecting hash functions, but it does not make a normative claim about why a particular design property (e.g., collision resistance, bit-length) leads to better security outcomes. The text is primarily descriptive and procedural, providing instructions on what to do without explaining why it improves security.
</reasoning>
<answer>NO</answer>",,,FALSE
241,ASVS-U00242,Verify that the application uses approved key derivation functions with key stretching parameters when deriving secret keys from passwords. The parameters in use must balance security and performance to prevent brute-force attacks from compromising the resulting cryptographic key.,V11.4.4,V11,Cryptography,V11.4,Hashing and Hash-based Functions,2,38,Claim,Claim,0.9941,0.9941,0.001,0.0049,17,,False,False,NO,NONE,NONE,0,"This text is primarily descriptive and procedural, providing guidance on how to derive secret keys from passwords. While it mentions the importance of balancing security and performance, it does not make a normative claim about why a specific design property (e.g., key stretching) leads to better security outcomes.",,,"<reasoning>
This text is primarily descriptive and procedural, providing guidance on how to derive secret keys from passwords. While it mentions the importance of balancing security and performance, it does not make a normative claim about why a specific design property (e.g., key stretching) leads to better security outcomes.
</reasoning>
<answer>NO</answer>",,,FALSE
242,ASVS-U00243,Verify that all random numbers and strings which are intended to be non-guessable must be generated using a cryptographically secure pseudo-random number generator (CSPRNG) and have at least 128 bits of entropy. Note that UUIDs do not respect this condition.,V11.5.1,V11,Cryptography,V11.5,Random Values,2,40,Claim,Claim,0.994,0.994,0.0015,0.0044,18,,False,False,NO,NONE,NONE,0,"This text is primarily descriptive and procedural, providing specific guidelines for generating random numbers and strings. While it mentions the importance of using a cryptographically secure pseudo-random number generator (CSPRNG) and a certain level of entropy, it does not make a normative claim about why this design property (e.g., using a CSPRNG or having a certain level of entropy) leads to better security outcomes.",,,"<reasoning>
This text is primarily descriptive and procedural, providing specific guidelines for generating random numbers and strings. While it mentions the importance of using a cryptographically secure pseudo-random number generator (CSPRNG) and a certain level of entropy, it does not make a normative claim about why this design property (e.g., using a CSPRNG or having a certain level of entropy) leads to better security outcomes.
</reasoning>
<answer>NO</answer>",,,FALSE
243,ASVS-U00244,"Verify that the random number generation mechanism in use is designed to work securely, even under heavy demand.",V11.5.2,V11,Cryptography,V11.5,Random Values,3,18,Claim,Claim,0.9956,0.9956,0.0026,0.0018,19,,False,True,NO,NONE,NONE,0,"This text is purely procedural and operational, as it instructs to verify a mechanism without explaining why a specific design property (e.g., randomness, unpredictability) leads to better security outcomes. There is no normative claim connecting a design property to a security outcome.",,,"<reasoning>
This text is purely procedural and operational, as it instructs to verify a mechanism without explaining why a specific design property (e.g., randomness, unpredictability) leads to better security outcomes. There is no normative claim connecting a design property to a security outcome.
</reasoning>
<answer>NO</answer>",,,FALSE
244,ASVS-U00245,"Verify that only approved cryptographic algorithms and modes of operation are used for key generation and seeding, and digital signature generation and verification. Key generation algorithms must not generate insecure keys vulnerable to known attacks, for example, RSA keys which are vulnerable to Fermat factorization.",V11.6.1,V11,Cryptography,V11.6,Public Key Cryptography,2,45,Evidence,Evidence,0.9792,0.019,0.0017,0.9792,20,19,False,False,NO,NONE,NONE,0,"This text is primarily descriptive and procedural, providing guidance on what to do (verifying approved algorithms and modes) and how to do it (avoiding insecure keys). There is no explicit argument about why a specific design property (e.g., using approved algorithms) leads to better security outcomes.",,,"<reasoning>
This text is primarily descriptive and procedural, providing guidance on what to do (verifying approved algorithms and modes) and how to do it (avoiding insecure keys). There is no explicit argument about why a specific design property (e.g., using approved algorithms) leads to better security outcomes.
</reasoning>
<answer>NO</answer>",,,FALSE
245,ASVS-U00246,Verify that approved cryptographic algorithms are used for key exchange (such as Diffie-Hellman) with a focus on ensuring that key exchange mechanisms use secure parameters. This will prevent attacks on the key establishment process which could lead to adversary-in-the-middle attacks or cryptographic breaks.,V11.6.2,V11,Cryptography,V11.6,Public Key Cryptography,3,43,Evidence,Evidence,0.9897,0.0084,0.0019,0.9897,21,19,False,False,NO,NONE,NONE,0,"This text primarily focuses on describing a specific security measure (verifying approved cryptographic algorithms) and its benefits (preventing attacks on key establishment process), but it does not make a normative claim about a specific design property (e.g., simplicity, compartmentalization, etc.) that leads to better security outcomes. The text is more procedural and operational in nature.",,,"<reasoning>
This text primarily focuses on describing a specific security measure (verifying approved cryptographic algorithms) and its benefits (preventing attacks on key establishment process), but it does not make a normative claim about a specific design property (e.g., simplicity, compartmentalization, etc.) that leads to better security outcomes. The text is more procedural and operational in nature.
</reasoning>
<answer>NO</answer>",,,FALSE
246,ASVS-U00247,"Verify that full memory encryption is in use that protects sensitive data while it is in use, preventing access by unauthorized users or processes.",V11.7.1,V11,Cryptography,V11.7,In-Use Data Cryptography,3,24,Claim,Claim,0.995,0.995,0.0013,0.0036,22,,False,False,NO,NONE,NONE,0,"This text is purely descriptive and procedural, as it instructs to verify a specific security control (full memory encryption) without providing a normative claim about why this design property (memory encryption) improves security outcomes. There is no argument about how this design choice leads to better security.",,,"<reasoning>
This text is purely descriptive and procedural, as it instructs to verify a specific security control (full memory encryption) without providing a normative claim about why this design property (memory encryption) improves security outcomes. There is no argument about how this design choice leads to better security.
</reasoning>
<answer>NO</answer>",,,FALSE
247,ASVS-U00248,"Verify that data minimization ensures the minimal amount of data is exposed during processing, and ensure that data is encrypted immediately after use or as soon as feasible.",V11.7.2,V11,Cryptography,V11.7,In-Use Data Cryptography,3,28,Claim,Claim,0.9952,0.9952,0.0029,0.002,23,,False,False,NO,NONE,NONE,0,"This text is purely procedural and operational, providing instructions on how to handle data processing and encryption. It does not make a normative claim about why a specific design property, such as data minimization or immediate encryption, leads to better security outcomes.",,,"<reasoning>
This text is purely procedural and operational, providing instructions on how to handle data processing and encryption. It does not make a normative claim about why a specific design property, such as data minimization or immediate encryption, leads to better security outcomes.
</reasoning>
<answer>NO</answer>",,,FALSE
248,ASVS-U00249,"Verify that only the latest recommended versions of the TLS protocol are enabled, such as TLS 1.2 and TLS 1.3. The latest version of the TLS protocol must be the preferred option.",V12.1.1,V12,Secure Communication,V12.1,General TLS Security Guidance,1,32,Evidence,Evidence,0.9861,0.012,0.0019,0.9861,0,1,False,False,NO,NONE,NONE,0,"This text is purely procedural and descriptive, providing a specific recommendation for configuring TLS protocol versions without explaining why this design choice improves security outcomes. There is no normative claim connecting the design property (using the latest TLS protocol versions) to a security outcome.",,,"<reasoning>
This text is purely procedural and descriptive, providing a specific recommendation for configuring TLS protocol versions without explaining why this design choice improves security outcomes. There is no normative claim connecting the design property (using the latest TLS protocol versions) to a security outcome.
</reasoning>
<answer>NO</answer>",,,FALSE
249,ASVS-U00250,"Verify that only recommended cipher suites are enabled, with the strongest cipher suites set as preferred. L3 applications must only support cipher suites which provide forward secrecy.",V12.1.2,V12,Secure Communication,V12.1,General TLS Security Guidance,2,27,Claim,Claim,0.9928,0.9928,0.0011,0.006,1,,False,True,NO,NONE,NONE,0,"This text is purely procedural and descriptive, providing instructions on how to configure cipher suites without explaining why this configuration leads to better security outcomes. There is no normative claim connecting a specific design property (e.g., forward secrecy) to a security outcome.",,,"<reasoning>
This text is purely procedural and descriptive, providing instructions on how to configure cipher suites without explaining why this configuration leads to better security outcomes. There is no normative claim connecting a specific design property (e.g., forward secrecy) to a security outcome.
</reasoning>
<answer>NO</answer>",,,FALSE
250,ASVS-U00251,Verify that the application validates that mTLS client certificates are trusted before using the certificate identity for authentication or authorization.,V12.1.3,V12,Secure Communication,V12.1,General TLS Security Guidance,2,20,Claim,Claim,0.9938,0.9938,0.0018,0.0044,2,,False,True,NO,NONE,NONE,0,"This text is purely procedural and descriptive, providing a specific step to take in verifying the application's behavior. It does not make a normative claim about why validating trusted client certificates leads to better security outcomes or how this design property improves security.",,,"<reasoning>
This text is purely procedural and descriptive, providing a specific step to take in verifying the application's behavior. It does not make a normative claim about why validating trusted client certificates leads to better security outcomes or how this design property improves security.
</reasoning>
<answer>NO</answer>",,,FALSE
251,ASVS-U00252,"Verify that proper certification revocation, such as Online Certificate Status Protocol (OCSP) Stapling, is enabled and configured.",V12.1.4,V12,Secure Communication,V12.1,General TLS Security Guidance,3,17,Evidence,Evidence,0.9863,0.0123,0.0014,0.9863,3,2,False,False,NO,NONE,NONE,0,"This text is purely procedural and operational, providing a specific instruction on how to configure a security feature (OCSP Stapling) without explaining why this design choice improves security outcomes. There is no normative claim or argument about how this design property (certification revocation) leads to better security.",,,"<reasoning>
This text is purely procedural and operational, providing a specific instruction on how to configure a security feature (OCSP Stapling) without explaining why this design choice improves security outcomes. There is no normative claim or argument about how this design property (certification revocation) leads to better security.
</reasoning>
<answer>NO</answer>",,,FALSE
252,ASVS-U00253,"Verify that Encrypted Client Hello (ECH) is enabled in the application's TLS settings to prevent exposure of sensitive metadata, such as the Server Name Indication (SNI), during TLS handshake processes.",V12.1.5,V12,Secure Communication,V12.1,General TLS Security Guidance,3,30,Evidence,Evidence,0.9858,0.0126,0.0016,0.9858,4,2,False,False,NO,NONE,NONE,0,"This text is purely procedural and descriptive, providing instructions on how to configure TLS settings to prevent exposure of sensitive metadata. There is no normative claim or argument about why a specific design property (e.g., encryption, compartmentalization) leads to better security outcomes.",,,"<reasoning>
This text is purely procedural and descriptive, providing instructions on how to configure TLS settings to prevent exposure of sensitive metadata. There is no normative claim or argument about why a specific design property (e.g., encryption, compartmentalization) leads to better security outcomes.
</reasoning>
<answer>NO</answer>",,,FALSE
253,ASVS-U00254,"Verify that TLS is used for all connectivity between a client and external facing, HTTP-based services, and does not fall back to insecure or unencrypted communications.",V12.2.1,V12,Secure Communication,V12.2,HTTPS Communication with External Facing Services,1,26,Claim,Claim,0.993,0.993,0.0022,0.0048,5,,False,False,NO,NONE,NONE,0,"This text is purely procedural and descriptive, providing a specific guideline for implementing TLS without explaining why using TLS leads to better security outcomes. There is no normative claim connecting the design property (using TLS) to a security outcome.",,,"<reasoning>
This text is purely procedural and descriptive, providing a specific guideline for implementing TLS without explaining why using TLS leads to better security outcomes. There is no normative claim connecting the design property (using TLS) to a security outcome.
</reasoning>
<answer>NO</answer>",,,FALSE
254,ASVS-U00255,Verify that external facing services use publicly trusted TLS certificates.,V12.2.2,V12,Secure Communication,V12.2,HTTPS Communication with External Facing Services,1,10,Claim,Claim,0.9935,0.9935,0.002,0.0046,6,,False,True,NO,NONE,NONE,0,This text is purely procedural and does not make a normative claim about why using publicly trusted TLS certificates leads to better security outcomes. It simply instructs to verify that external facing services use such certificates without explaining why this design choice improves security.,,,"<reasoning>
This text is purely procedural and does not make a normative claim about why using publicly trusted TLS certificates leads to better security outcomes. It simply instructs to verify that external facing services use such certificates without explaining why this design choice improves security.
</reasoning>
<answer>NO</answer>",,,FALSE
255,ASVS-U00256,"Verify that an encrypted protocol such as TLS is used for all inbound and outbound connections to and from the application, including monitoring systems, management tools, remote access and SSH, middleware, databases, mainframes, partner systems, or external APIs. The server must not fall back to insecure or unencrypted protocols.",V12.3.1,V12,Secure Communication,V12.3,General Service to Service Communication Security,2,49,Evidence,Evidence,0.9864,0.0124,0.0011,0.9864,7,6,False,False,NO,NONE,NONE,0,"This text is purely descriptive and procedural, providing a checklist of connections that should use encrypted protocols. It does not make a normative claim about why using encrypted protocols leads to better security outcomes or how a specific design property (e.g., encryption) improves security.",,,"<reasoning>
This text is purely descriptive and procedural, providing a checklist of connections that should use encrypted protocols. It does not make a normative claim about why using encrypted protocols leads to better security outcomes or how a specific design property (e.g., encryption) improves security.
</reasoning>
<answer>NO</answer>",,,FALSE
256,ASVS-U00257,Verify that TLS clients validate certificates received before communicating with a TLS server.,V12.3.2,V12,Secure Communication,V12.3,General Service to Service Communication Security,2,13,Claim,Claim,0.9937,0.9937,0.0023,0.004,8,,False,False,NO,NONE,NONE,0,"This text is purely procedural, providing a specific step to take in a TLS implementation without explaining why validating certificates leads to better security outcomes. There is no normative design argument here, just a practical instruction.",,,"<reasoning>
This text is purely procedural, providing a specific step to take in a TLS implementation without explaining why validating certificates leads to better security outcomes. There is no normative design argument here, just a practical instruction.
</reasoning>
<answer>NO</answer>",,,FALSE
257,ASVS-U00258,"Verify that TLS or another appropriate transport encryption mechanism used for all connectivity between internal, HTTP-based services within the application, and does not fall back to insecure or unencrypted communications.",V12.3.3,V12,Secure Communication,V12.3,General Service to Service Communication Security,2,30,Claim,Claim,0.9938,0.9938,0.0015,0.0047,9,,False,False,NO,NONE,NONE,0,"This text is purely procedural and descriptive, providing a checklist item for verifying the use of transport encryption. It does not make a normative claim about why using TLS or another transport encryption mechanism leads to better security outcomes. It simply states what should be done without explaining why it improves security.",,,"<reasoning>
This text is purely procedural and descriptive, providing a checklist item for verifying the use of transport encryption. It does not make a normative claim about why using TLS or another transport encryption mechanism leads to better security outcomes. It simply states what should be done without explaining why it improves security.
</reasoning>
<answer>NO</answer>",,,FALSE
258,ASVS-U00259,"Verify that TLS connections between internal services use trusted certificates. Where internally generated or self-signed certificates are used, the consuming service must be configured to only trust specific internal CAs and specific self-signed certificates.",V12.3.4,V12,Secure Communication,V12.3,General Service to Service Communication Security,2,34,Claim,Claim,0.9943,0.9943,0.0017,0.004,10,,False,True,NO,NONE,NONE,0,"This text provides a specific configuration recommendation for TLS connections, but it does not make a normative claim about why this design choice improves security. The text describes what to do and how to do it, but it does not argue that a specific design property (e.g., trusted certificates, specific CAs) is the reason for better security outcomes.",,,"<reasoning>
This text provides a specific configuration recommendation for TLS connections, but it does not make a normative claim about why this design choice improves security. The text describes what to do and how to do it, but it does not argue that a specific design property (e.g., trusted certificates, specific CAs) is the reason for better security outcomes.
</reasoning>
<answer>NO</answer>",,,FALSE
259,ASVS-U00260,"Verify that services communicating internally within a system (intra-service communications) use strong authentication to ensure that each endpoint is verified. Strong authentication methods, such as TLS client authentication, must be employed to ensure identity, using public-key infrastructure and mechanisms that are resistant to replay attacks. For microservice architectures, consider using a service mesh to simplify certificate management and enhance security.",V12.3.5,V12,Secure Communication,V12.3,General Service to Service Communication Security,3,60,Evidence,Evidence,0.9615,0.0368,0.0017,0.9615,11,10,False,False,NO,NONE,NONE,0,"This text primarily provides practical instructions and describes how to implement strong authentication, without making a normative claim about why a specific design property (e.g., strong authentication, service mesh) leads to better security outcomes. The text focuses on the ""what"" and ""how"" rather than the ""why"".",,,"<reasoning>
This text primarily provides practical instructions and describes how to implement strong authentication, without making a normative claim about why a specific design property (e.g., strong authentication, service mesh) leads to better security outcomes. The text focuses on the ""what"" and ""how"" rather than the ""why"".
</reasoning>
<answer>NO</answer>",,,FALSE
260,ASVS-U00261,Verify that all communication needs for the application are documented. This must include external services which the application relies upon and cases where an end user might be able to provide an external location to which the application will then connect.,V13.1.1,V13,Configuration,V13.1,Configuration Documentation,2,41,Claim,Claim,0.9935,0.9935,0.0014,0.0051,0,,False,True,NO,NONE,NONE,0,"This text is purely procedural and operational, providing guidance on what to document without making a normative claim about why documenting communication needs improves security. There is no argument about how this design property (e.g., documentation, transparency) leads to better security outcomes.",,,"<reasoning>
This text is purely procedural and operational, providing guidance on what to document without making a normative claim about why documenting communication needs improves security. There is no argument about how this design property (e.g., documentation, transparency) leads to better security outcomes.
</reasoning>
<answer>NO</answer>",,,FALSE
261,ASVS-U00262,"Verify that for each service the application uses, the documentation defines the maximum number of concurrent connections (e.g., connection pool limits) and how the application behaves when that limit is reached, including any fallback or recovery mechanisms, to prevent denial of service conditions.",V13.1.2,V13,Configuration,V13.1,Configuration Documentation,3,43,Evidence,Evidence,0.9705,0.0279,0.0017,0.9705,1,0,False,False,NO,NONE,NONE,0,"This text is purely procedural and operational, providing guidance on what to verify in the documentation, but it does not make a normative claim about why a specific design property (e.g., connection pool limits) improves security outcomes. It does not argue that a particular design choice is the reason for better security.",,,"<reasoning>
This text is purely procedural and operational, providing guidance on what to verify in the documentation, but it does not make a normative claim about why a specific design property (e.g., connection pool limits) improves security outcomes. It does not argue that a particular design choice is the reason for better security.
</reasoning>
<answer>NO</answer>",,,FALSE
262,ASVS-U00263,"Verify that the application documentation defines resource‑management strategies for every external system or service it uses (e.g., databases, file handles, threads, HTTP connections). This should include resource‑release procedures, timeout settings, failure handling, and where retry logic is implemented, specifying retry limits, delays, and back‑off algorithms. For synchronous HTTP request–response operations it should mandate short timeouts and either disable retries or strictly limit retries to prevent cascading delays and resource exhaustion.",V13.1.3,V13,Configuration,V13.1,Configuration Documentation,3,70,Evidence,Evidence,0.991,0.0079,0.001,0.991,2,0,False,False,NO,NONE,NONE,0,"This text provides a list of best practices for resource management, but it does not make a normative claim about why these strategies improve security. The text describes what to do and how to do it, but it does not argue that a specific design property (e.g., short timeouts, limited retries) is the reason for better security outcomes.",,,"<reasoning>
This text provides a list of best practices for resource management, but it does not make a normative claim about why these strategies improve security. The text describes what to do and how to do it, but it does not argue that a specific design property (e.g., short timeouts, limited retries) is the reason for better security outcomes.
</reasoning>
<answer>NO</answer>",,,FALSE
263,ASVS-U00264,"Verify that the application's documentation defines the secrets that are critical for the security of the application and a schedule for rotating them, based on the organization's threat model and business requirements.",V13.1.4,V13,Configuration,V13.1,Configuration Documentation,3,32,Claim,Claim,0.9868,0.9868,0.001,0.0122,3,,False,True,NO,NONE,NONE,0,"This text is purely procedural and operational, as it provides guidance on what to do (verifying documentation and defining a rotation schedule) without making a normative claim about why a specific design property (e.g., secret rotation) improves security outcomes. There is no argument about how the design choice leads to better security.",,,"<reasoning>
This text is purely procedural and operational, as it provides guidance on what to do (verifying documentation and defining a rotation schedule) without making a normative claim about why a specific design property (e.g., secret rotation) improves security outcomes. There is no argument about how the design choice leads to better security.
</reasoning>
<answer>NO</answer>",,,FALSE
264,ASVS-U00265,"Verify that communications between backend application components that don't support the application's standard user session mechanism, including APIs, middleware, and data layers, are authenticated. Authentication must use individual service accounts, short-term tokens, or certificate-based authentication and not unchanging credentials such as passwords, API keys, or shared accounts with privileged access.",V13.2.1,V13,Configuration,V13.2,Backend Communication Configuration,2,50,Evidence,Evidence,0.977,0.0211,0.0019,0.977,4,3,False,False,NO,NONE,NONE,0,"This text provides a set of instructions on how to authenticate communications between backend application components, but it does not make a normative claim about why a specific design property (e.g. individual service accounts, short-term tokens, or certificate-based authentication) leads to better security outcomes. The text focuses on what to do and how to do it, without arguing why these specific design choices improve security.",,,"<reasoning>
This text provides a set of instructions on how to authenticate communications between backend application components, but it does not make a normative claim about why a specific design property (e.g. individual service accounts, short-term tokens, or certificate-based authentication) leads to better security outcomes. The text focuses on what to do and how to do it, without arguing why these specific design choices improve security.
</reasoning>
<answer>NO</answer>",,,FALSE
265,ASVS-U00266,"Verify that communications between backend application components, including local or operating system services, APIs, middleware, and data layers, are performed with accounts assigned the least necessary privileges.",V13.2.2,V13,Configuration,V13.2,Backend Communication Configuration,2,27,Claim,Claim,0.7497,0.7497,0.0009,0.2494,5,,False,True,NO,NONE,NONE,0,"This text is primarily procedural, providing a checklist item for verification. While it mentions ""least necessary privileges"", it doesn't explicitly argue why this design property (Least Privilege) leads to better security outcomes. The text focuses on what to do rather than why it's important for security.",,,"<reasoning>
This text is primarily procedural, providing a checklist item for verification. While it mentions ""least necessary privileges"", it doesn't explicitly argue why this design property (Least Privilege) leads to better security outcomes. The text focuses on what to do rather than why it's important for security.
</reasoning>
<answer>NO</answer>",,,FALSE
266,ASVS-U00267,"Verify that if a credential has to be used for service authentication, the credential being used by the consumer is not a default credential (e.g., root/root or admin/admin).",V13.2.3,V13,Configuration,V13.2,Backend Communication Configuration,2,28,Evidence,Evidence,0.9845,0.0143,0.0012,0.9845,6,5,False,False,NO,NONE,NONE,0,"This text does not contain a normative design argument. It provides a specific guidance on what to do (verify that the credential is not default) without explaining why this design choice improves security. The text is purely procedural and operational, focusing on a specific action to take rather than arguing why a particular design property leads to better security outcomes.",,,"<reasoning>
This text does not contain a normative design argument. It provides a specific guidance on what to do (verify that the credential is not default) without explaining why this design choice improves security. The text is purely procedural and operational, focusing on a specific action to take rather than arguing why a particular design property leads to better security outcomes.
</reasoning>
<answer>NO</answer>",,,FALSE
267,ASVS-U00268,"Verify that an allowlist is used to define the external resources or systems with which the application is permitted to communicate (e.g., for outbound requests, data loads, or file access). This allowlist can be implemented at the application layer, web server, firewall, or a combination of different layers.",V13.2.4,V13,Configuration,V13.2,Backend Communication Configuration,2,48,Evidence,Evidence,0.9805,0.0181,0.0013,0.9805,7,5,False,False,NO,NONE,NONE,0,"This text is purely descriptive and procedural, providing guidance on how to implement an allowlist without explaining why it improves security outcomes. There is no normative claim connecting the use of an allowlist to a specific security benefit, such as reduced attack surface or improved access control.",,,"<reasoning>
This text is purely descriptive and procedural, providing guidance on how to implement an allowlist without explaining why it improves security outcomes. There is no normative claim connecting the use of an allowlist to a specific security benefit, such as reduced attack surface or improved access control.
</reasoning>
<answer>NO</answer>",,,FALSE
268,ASVS-U00269,Verify that the web or application server is configured with an allowlist of resources or systems to which the server can send requests or load data or files from.,V13.2.5,V13,Configuration,V13.2,Backend Communication Configuration,2,29,Claim,Claim,0.9785,0.9785,0.0009,0.0206,8,,False,True,NO,NONE,NONE,0,"This text is purely procedural and descriptive, providing a specific configuration recommendation without explaining why this design choice improves security. It does not make a normative claim about a specific design property (e.g., least privilege, compartmentalization) leading to better security outcomes.",,,"<reasoning>
This text is purely procedural and descriptive, providing a specific configuration recommendation without explaining why this design choice improves security. It does not make a normative claim about a specific design property (e.g., least privilege, compartmentalization) leading to better security outcomes.
</reasoning>
<answer>NO</answer>",,,FALSE
269,ASVS-U00270,"Verify that where the application connects to separate services, it follows the documented configuration for each connection, such as maximum parallel connections, behavior when maximum allowed connections is reached, connection timeouts, and retry strategies.",V13.2.6,V13,Configuration,V13.2,Backend Communication Configuration,3,34,Evidence,Evidence,0.9834,0.0148,0.0018,0.9834,9,8,False,False,NO,NONE,NONE,0,"This text is purely procedural and operational, providing a checklist of items to verify in an application's configuration. It does not make a normative claim about why a specific design property (e.g., connection timeouts, retry strategies) improves security outcomes. The text focuses on ensuring the application follows a documented configuration, but it does not argue why this configuration is more secure.",,,"<reasoning>
This text is purely procedural and operational, providing a checklist of items to verify in an application's configuration. It does not make a normative claim about why a specific design property (e.g., connection timeouts, retry strategies) improves security outcomes. The text focuses on ensuring the application follows a documented configuration, but it does not argue why this configuration is more secure.
</reasoning>
<answer>NO</answer>",,,FALSE
270,ASVS-U00271,"Verify that a secrets management solution, such as a key vault, is used to securely create, store, control access to, and destroy backend secrets. These could include passwords, key material, integrations with databases and third-party systems, keys and seeds for time-based tokens, other internal secrets, and API keys. Secrets must not be included in application source code or included in build artifacts. For an L3 application, this must involve a hardware-backed solution such as an HSM.",V13.3.1,V13,Configuration,V13.3,Secret Management,2,76,Evidence,Evidence,0.9755,0.0222,0.0023,0.9755,10,8,False,False,NO,NONE,NONE,0,"This text primarily provides practical instructions and describes how a secrets management solution should be used, without making a normative claim about why a specific design property (e.g., using a hardware-backed solution) improves security outcomes. The text focuses on what to do and how to do it, rather than arguing why a particular design choice is essential for security.",,,"<reasoning>
This text primarily provides practical instructions and describes how a secrets management solution should be used, without making a normative claim about why a specific design property (e.g., using a hardware-backed solution) improves security outcomes. The text focuses on what to do and how to do it, rather than arguing why a particular design choice is essential for security.
</reasoning>
<answer>NO</answer>",,,FALSE
271,ASVS-U00272,Verify that access to secret assets adheres to the principle of least privilege.,V13.3.2,V13,Configuration,V13.3,Secret Management,2,13,Claim,Claim,0.9914,0.9914,0.0069,0.0016,11,,False,True,NO,NONE,NONE,0,"This text is purely instructional and procedural, telling the reader to verify that a certain principle is being followed, but it doesn't provide a normative claim or argument about why the principle of least privilege leads to better security outcomes.",,,"<reasoning>
This text is purely instructional and procedural, telling the reader to verify that a certain principle is being followed, but it doesn't provide a normative claim or argument about why the principle of least privilege leads to better security outcomes.
</reasoning>
<answer>NO</answer>",,,FALSE
272,ASVS-U00273,Verify that all cryptographic operations are performed using an isolated security module (such as a vault or hardware security module) to securely manage and protect key material from exposure outside of the security module.,V13.3.3,V13,Configuration,V13.3,Secret Management,3,34,Evidence,Evidence,0.9413,0.0572,0.0015,0.9413,12,11,False,False,NO,NONE,NONE,0,"This text describes a specific design choice (using an isolated security module) and its intended security benefit (protecting key material from exposure), but it does not explicitly argue why this design property (isolation) leads to better security outcomes. The text is more prescriptive and procedural, focusing on what to do rather than why it improves security.",,,"<reasoning>
This text describes a specific design choice (using an isolated security module) and its intended security benefit (protecting key material from exposure), but it does not explicitly argue why this design property (isolation) leads to better security outcomes. The text is more prescriptive and procedural, focusing on what to do rather than why it improves security.
</reasoning>
<answer>NO</answer>",,,FALSE
273,ASVS-U00274,Verify that secrets are configured to expire and be rotated based on the application's documentation.,V13.3.4,V13,Configuration,V13.3,Secret Management,3,15,Claim,Claim,0.9917,0.9917,0.001,0.0073,13,,False,False,NO,NONE,NONE,0,"This text is purely procedural and operational, providing a checklist item for verifying the configuration of secrets. It does not make a normative claim about why rotating secrets leads to better security outcomes or how it relates to a specific design property.",,,"<reasoning>
This text is purely procedural and operational, providing a checklist item for verifying the configuration of secrets. It does not make a normative claim about why rotating secrets leads to better security outcomes or how it relates to a specific design property.
</reasoning>
<answer>NO</answer>",,,FALSE
274,ASVS-U00275,"Verify that the application is deployed either without any source control metadata, including the .git or .svn folders, or in a way that these folders are inaccessible both externally and to the application itself.",V13.4.1,V13,Configuration,V13.4,Unintended Information Leakage,1,34,Claim,Claim,0.956,0.956,0.001,0.043,14,,False,False,NO,NONE,NONE,0,"This text is purely procedural and operational, providing instructions on how to deploy an application securely. It does not make a normative claim about why a specific design property (e.g., minimal exposure, compartmentalization) leads to better security outcomes.",,,"<reasoning>
This text is purely procedural and operational, providing instructions on how to deploy an application securely. It does not make a normative claim about why a specific design property (e.g., minimal exposure, compartmentalization) leads to better security outcomes.
</reasoning>
<answer>NO</answer>",,,FALSE
275,ASVS-U00276,Verify that debug modes are disabled for all components in production environments to prevent exposure of debugging features and information leakage.,V13.4.2,V13,Configuration,V13.4,Unintended Information Leakage,2,21,Claim,Claim,0.9938,0.9938,0.0009,0.0053,15,,False,False,NO,NONE,NONE,0,"This text is purely procedural and operational, as it instructs to disable debug modes in production environments without explaining why this design choice improves security. It does not make a normative claim about a specific design property (e.g., minimal exposure, least privilege) leading to better security outcomes.",,,"<reasoning>
This text is purely procedural and operational, as it instructs to disable debug modes in production environments without explaining why this design choice improves security. It does not make a normative claim about a specific design property (e.g., minimal exposure, least privilege) leading to better security outcomes.
</reasoning>
<answer>NO</answer>",,,FALSE
276,ASVS-U00277,Verify that web servers do not expose directory listings to clients unless explicitly intended.,V13.4.3,V13,Configuration,V13.4,Unintended Information Leakage,2,14,Claim,Claim,0.994,0.994,0.0014,0.0046,16,,False,False,NO,NONE,NONE,0,This text is purely procedural and does not contain a normative design argument. It instructs to verify a specific configuration without explaining why exposing directory listings is a security concern or how hiding them improves security outcomes.,,,"<reasoning>
This text is purely procedural and does not contain a normative design argument. It instructs to verify a specific configuration without explaining why exposing directory listings is a security concern or how hiding them improves security outcomes.
</reasoning>
<answer>NO</answer>",,,FALSE
277,ASVS-U00278,"Verify that using the HTTP TRACE method is not supported in production environments, to avoid potential information leakage.",V13.4.4,V13,Configuration,V13.4,Unintended Information Leakage,2,18,Claim,Claim,0.9954,0.9954,0.0024,0.0022,17,,False,True,NO,NONE,NONE,0,"This text is purely procedural and operational, as it provides a specific instruction to verify a particular setting in a production environment. There is no normative claim or argument about why a specific design property (e.g., minimal exposure, least privilege) leads to better security outcomes.",,,"<reasoning>
This text is purely procedural and operational, as it provides a specific instruction to verify a particular setting in a production environment. There is no normative claim or argument about why a specific design property (e.g., minimal exposure, least privilege) leads to better security outcomes.
</reasoning>
<answer>NO</answer>",,,FALSE
278,ASVS-U00279,Verify that documentation (such as for internal APIs) and monitoring endpoints are not exposed unless explicitly intended.,V13.4.5,V13,Configuration,V13.4,Unintended Information Leakage,2,17,Evidence,Evidence,0.9854,0.0126,0.002,0.9854,18,17,False,False,NO,NONE,NONE,0,"This text is purely procedural and operational, as it provides a checklist item for verification without explaining why exposing documentation and monitoring endpoints by default is a security risk or how limiting exposure improves security outcomes. There is no normative design argument here.",,,"<reasoning>
This text is purely procedural and operational, as it provides a checklist item for verification without explaining why exposing documentation and monitoring endpoints by default is a security risk or how limiting exposure improves security outcomes. There is no normative design argument here.
</reasoning>
<answer>NO</answer>",,,FALSE
279,ASVS-U00280,Verify that the application does not expose detailed version information of backend components.,V13.4.6,V13,Configuration,V13.4,Unintended Information Leakage,3,13,Claim,Claim,0.9925,0.9925,0.0012,0.0063,19,,False,False,NO,NONE,NONE,0,"This text is purely procedural and does not contain a normative design argument. It instructs the reader to verify something, but it does not explain why hiding detailed version information of backend components improves security.",,,"<reasoning>
This text is purely procedural and does not contain a normative design argument. It instructs the reader to verify something, but it does not explain why hiding detailed version information of backend components improves security.
</reasoning>
<answer>NO</answer>",,,FALSE
280,ASVS-U00281,"Verify that the web tier is configured to only serve files with specific file extensions to prevent unintentional information, configuration, and source code leakage.",V13.4.7,V13,Configuration,V13.4,Unintended Information Leakage,3,24,Claim,Claim,0.9937,0.9937,0.0011,0.0052,20,,False,False,NO,NONE,NONE,0,"This text is purely procedural and descriptive, providing a specific security control to implement without explaining why it improves security outcomes. It does not make a normative claim about a specific design property (e.g., minimal exposure, least privilege) that leads to better security.",,,"<reasoning>
This text is purely procedural and descriptive, providing a specific security control to implement without explaining why it improves security outcomes. It does not make a normative claim about a specific design property (e.g., minimal exposure, least privilege) that leads to better security.
</reasoning>
<answer>NO</answer>",,,FALSE
281,ASVS-U00282,"Verify that all sensitive data created and processed by the application has been identified and classified into protection levels. This includes data that is only encoded and therefore easily decoded, such as Base64 strings or the plaintext payload inside a JWT. Protection levels need to take into account any data protection and privacy regulations and standards which the application is required to comply with.",V14.1.1,V14,Data Protection,V14.1,Data Protection Documentation,2,64,Evidence,Evidence,0.9864,0.0121,0.0015,0.9864,0,1,False,False,NO,NONE,NONE,0,"This text is purely procedural and operational, providing guidance on how to identify and classify sensitive data, but it does not make a normative claim about why a specific design property (e.g. data classification, protection levels) leads to better security outcomes. The text focuses on compliance with regulations and standards rather than arguing why a particular design choice improves security.",,,"<reasoning>
This text is purely procedural and operational, providing guidance on how to identify and classify sensitive data, but it does not make a normative claim about why a specific design property (e.g. data classification, protection levels) leads to better security outcomes. The text focuses on compliance with regulations and standards rather than arguing why a particular design choice improves security.
</reasoning>
<answer>NO</answer>",,,FALSE
282,ASVS-U00283,"Verify that all sensitive data protection levels have a documented set of protection requirements. This must include (but not be limited to) requirements related to general encryption, integrity verification, retention, how the data is to be logged, access controls around sensitive data in logs, database-level encryption, privacy and privacy-enhancing technologies to be used, and other confidentiality requirements.",V14.1.2,V14,Data Protection,V14.1,Data Protection Documentation,2,57,Claim,Claim,0.9942,0.9942,0.001,0.0048,1,,False,True,NO,NONE,NONE,0,"This text is purely procedural and operational, providing a checklist of requirements for protecting sensitive data. It does not make a normative claim about why a specific design property (e.g. encryption, access controls) leads to better security outcomes. The text focuses on what needs to be done, rather than why it needs to be done.",,,"<reasoning>
This text is purely procedural and operational, providing a checklist of requirements for protecting sensitive data. It does not make a normative claim about why a specific design property (e.g. encryption, access controls) leads to better security outcomes. The text focuses on what needs to be done, rather than why it needs to be done.
</reasoning>
<answer>NO</answer>",,,FALSE
283,ASVS-U00284,"Verify that sensitive data is only sent to the server in the HTTP message body or header fields, and that the URL and query string do not contain sensitive information, such as an API key or session token.",V14.2.1,V14,Data Protection,V14.2,General Data Protection,1,38,Evidence,Evidence,0.9824,0.0159,0.0017,0.9824,2,1,False,False,NO,NONE,NONE,0,"This text is purely procedural and descriptive, providing guidance on how to handle sensitive data in HTTP requests. It does not make a normative claim about why a specific design property (e.g., minimal exposure, compartmentalization) leads to better security outcomes.",,,"<reasoning>
This text is purely procedural and descriptive, providing guidance on how to handle sensitive data in HTTP requests. It does not make a normative claim about why a specific design property (e.g., minimal exposure, compartmentalization) leads to better security outcomes.
</reasoning>
<answer>NO</answer>",,,FALSE
284,ASVS-U00285,"Verify that the application prevents sensitive data from being cached in server components, such as load balancers and application caches, or ensures that the data is securely purged after use.",V14.2.2,V14,Data Protection,V14.2,General Data Protection,2,30,Evidence,Evidence,0.9867,0.012,0.0013,0.9867,3,1,False,False,NO,NONE,NONE,0,"This text is purely procedural and operational, as it provides a specific instruction on what to do (verifying that sensitive data is not cached or is securely purged) without explaining why this design choice improves security. There is no normative claim connecting a design property (e.g., minimal exposure, compartmentalization) to a security outcome.",,,"<reasoning>
This text is purely procedural and operational, as it provides a specific instruction on what to do (verifying that sensitive data is not cached or is securely purged) without explaining why this design choice improves security. There is no normative claim connecting a design property (e.g., minimal exposure, compartmentalization) to a security outcome.
</reasoning>
<answer>NO</answer>",,,FALSE
285,ASVS-U00286,"Verify that defined sensitive data is not sent to untrusted parties (e.g., user trackers) to prevent unwanted collection of data outside of the application's control.",V14.2.3,V14,Data Protection,V14.2,General Data Protection,2,25,Evidence,Evidence,0.6828,0.3152,0.002,0.6828,4,1,False,False,NO,NONE,NONE,0,"This text is primarily procedural and operational, as it instructs to verify that sensitive data is not sent to untrusted parties. While it mentions the goal of preventing unwanted data collection, it does not make a normative claim about a specific design property (e.g., compartmentalization, minimum exposure) being the reason for improved security.",,,"<reasoning>
This text is primarily procedural and operational, as it instructs to verify that sensitive data is not sent to untrusted parties. While it mentions the goal of preventing unwanted data collection, it does not make a normative claim about a specific design property (e.g., compartmentalization, minimum exposure) being the reason for improved security.
</reasoning>
<answer>NO</answer>",,,FALSE
286,ASVS-U00287,"Verify that controls around sensitive data related to encryption, integrity verification, retention, how the data is to be logged, access controls around sensitive data in logs, privacy and privacy-enhancing technologies, are implemented as defined in the documentation for the specific data's protection level.",V14.2.4,V14,Data Protection,V14.2,General Data Protection,2,43,Claim,Claim,0.9881,0.9881,0.0008,0.0111,5,,False,False,NO,NONE,NONE,0,"This text is purely procedural and operational, providing a checklist of controls to be implemented around sensitive data. It does not make a normative claim about why a specific design property (e.g., access controls, encryption, etc.) leads to better security outcomes. The text focuses on what to do, rather than why it should be done.",,,"<reasoning>
This text is purely procedural and operational, providing a checklist of controls to be implemented around sensitive data. It does not make a normative claim about why a specific design property (e.g., access controls, encryption, etc.) leads to better security outcomes. The text focuses on what to do, rather than why it should be done.
</reasoning>
<answer>NO</answer>",,,FALSE
287,ASVS-U00288,"Verify that caching mechanisms are configured to only cache responses which have the expected content type for that resource and do not contain sensitive, dynamic content. The web server should return a 404 or 302 response when a non-existent file is accessed rather than returning a different, valid file. This should prevent Web Cache Deception attacks.",V14.2.5,V14,Data Protection,V14.2,General Data Protection,3,56,Claim,Claim,0.9911,0.9911,0.0012,0.0077,6,,False,True,NO,NONE,NONE,0,"This text primarily provides procedural advice on how to configure caching mechanisms and web server responses to prevent Web Cache Deception attacks. While it mentions the security benefit of preventing these attacks, it does not make a normative claim about a specific design property (e.g., minimal exposure, least privilege) being the reason for improved security.",,,"<reasoning>
This text primarily provides procedural advice on how to configure caching mechanisms and web server responses to prevent Web Cache Deception attacks. While it mentions the security benefit of preventing these attacks, it does not make a normative claim about a specific design property (e.g., minimal exposure, least privilege) being the reason for improved security.
</reasoning>
<answer>NO</answer>",,,FALSE
288,ASVS-U00289,"Verify that the application only returns the minimum required sensitive data for the application's functionality. For example, only returning some of the digits of a credit card number and not the full number. If the complete data is required, it should be masked in the user interface unless the user specifically views it.",V14.2.6,V14,Data Protection,V14.2,General Data Protection,3,53,Evidence,Evidence,0.98,0.0182,0.0018,0.98,7,6,False,False,NO,NONE,NONE,0,"This text provides a practical instruction on how to handle sensitive data, but it doesn't explicitly argue why this design choice improves security. The text describes what to do (returning minimum required data, masking complete data) without explaining why this design property (minimum exposure) leads to better security outcomes.",,,"<reasoning>
This text provides a practical instruction on how to handle sensitive data, but it doesn't explicitly argue why this design choice improves security. The text describes what to do (returning minimum required data, masking complete data) without explaining why this design property (minimum exposure) leads to better security outcomes.
</reasoning>
<answer>NO</answer>",,,FALSE
289,ASVS-U00290,"Verify that sensitive information is subject to data retention classification, ensuring that outdated or unnecessary data is deleted automatically, on a defined schedule, or as the situation requires.",V14.2.7,V14,Data Protection,V14.2,General Data Protection,3,28,Claim,Claim,0.995,0.995,0.0035,0.0014,8,,False,False,NO,NONE,NONE,0,"This text is purely procedural and operational, describing a process for data retention and deletion without making a normative claim about why this process improves security. It does not argue that a specific design property, such as minimal exposure or simplicity, is the reason for better security outcomes.",,,"<reasoning>
This text is purely procedural and operational, describing a process for data retention and deletion without making a normative claim about why this process improves security. It does not argue that a specific design property, such as minimal exposure or simplicity, is the reason for better security outcomes.
</reasoning>
<answer>NO</answer>",,,FALSE
290,ASVS-U00291,Verify that sensitive information is removed from the metadata of user-submitted files unless storage is consented to by the user.,V14.2.8,V14,Data Protection,V14.2,General Data Protection,3,20,Claim,Claim,0.9954,0.9954,0.0021,0.0025,9,,False,True,NO,NONE,NONE,0,"This text is purely procedural and operational, as it provides a specific instruction on what to do with user-submitted files without explaining why this approach improves security. There is no normative claim or argument about a specific design property (e.g., minimal exposure, least privilege) that leads to better security outcomes.",,,"<reasoning>
This text is purely procedural and operational, as it provides a specific instruction on what to do with user-submitted files without explaining why this approach improves security. There is no normative claim or argument about a specific design property (e.g., minimal exposure, least privilege) that leads to better security outcomes.
</reasoning>
<answer>NO</answer>",,,FALSE
291,ASVS-U00292,"Verify that authenticated data is cleared from client storage, such as the browser DOM, after the client or session is terminated. The 'Clear-Site-Data' HTTP response header field may be able to help with this but the client-side should also be able to clear up if the server connection is not available when the session is terminated.",V14.3.1,V14,Data Protection,V14.3,Client-side Data Protection,1,56,Evidence,Evidence,0.9845,0.0139,0.0016,0.9845,10,9,False,False,NO,NONE,NONE,0,"This text is primarily descriptive and procedural, providing guidance on how to clear authenticated data from client storage. While it mentions a specific technique (the 'Clear-Site-Data' HTTP response header field), it does not make a normative claim about why this design property (e.g., clearing authenticated data) improves security outcomes.",,,"<reasoning>
This text is primarily descriptive and procedural, providing guidance on how to clear authenticated data from client storage. While it mentions a specific technique (the 'Clear-Site-Data' HTTP response header field), it does not make a normative claim about why this design property (e.g., clearing authenticated data) improves security outcomes.
</reasoning>
<answer>NO</answer>",,,FALSE
292,ASVS-U00293,"Verify that the application sets sufficient anti-caching HTTP response header fields (i.e., Cache-Control: no-store) so that sensitive data is not cached in browsers.",V14.3.2,V14,Data Protection,V14.3,Client-side Data Protection,2,23,Claim,Claim,0.9896,0.9896,0.001,0.0094,11,,False,True,NO,NONE,NONE,0,"This text is purely procedural and descriptive, providing a specific instruction on how to configure HTTP response headers to prevent caching of sensitive data. There is no normative claim or argument made about why this design property (in this case, setting anti-caching headers) leads to better security outcomes.",,,"<reasoning>
This text is purely procedural and descriptive, providing a specific instruction on how to configure HTTP response headers to prevent caching of sensitive data. There is no normative claim or argument made about why this design property (in this case, setting anti-caching headers) leads to better security outcomes.
</reasoning>
<answer>NO</answer>",,,FALSE
293,ASVS-U00294,"Verify that data stored in browser storage (such as localStorage, sessionStorage, IndexedDB, or cookies) does not contain sensitive data, with the exception of session tokens.",V14.3.3,V14,Data Protection,V14.3,Client-side Data Protection,2,25,Evidence,Evidence,0.9865,0.0124,0.001,0.9865,12,11,False,False,NO,NONE,NONE,0,"This text is purely procedural and descriptive, providing guidance on what to do (verifying data storage) without explaining why this practice improves security. There is no normative claim connecting a specific design property to a security outcome.",,,"<reasoning>
This text is purely procedural and descriptive, providing guidance on what to do (verifying data storage) without explaining why this practice improves security. There is no normative claim connecting a specific design property to a security outcome.
</reasoning>
<answer>NO</answer>",,,FALSE
294,ASVS-U00295,"Verify that application documentation defines risk based remediation time frames for 3rd party component versions with vulnerabilities and for updating libraries in general, to minimize the risk from these components.",V15.1.1,V15,Secure Coding and Architecture,V15.1,Secure Coding and Architecture Documentation,1,30,Claim,Claim,0.9881,0.9881,0.0009,0.011,0,,False,True,NO,NONE,NONE,0,"This text is purely procedural and operational, providing guidance on what to do (verifying documentation) and how to do it (defining risk-based remediation time frames). There is no normative claim about a specific design property (e.g., simplicity, compartmentalization, etc.) that leads to better security outcomes.",,,"<reasoning>
This text is purely procedural and operational, providing guidance on what to do (verifying documentation) and how to do it (defining risk-based remediation time frames). There is no normative claim about a specific design property (e.g., simplicity, compartmentalization, etc.) that leads to better security outcomes.
</reasoning>
<answer>NO</answer>",,,FALSE
295,ASVS-U00296,"Verify that an inventory catalog, such as software bill of materials (SBOM), is maintained of all third-party libraries in use, including verifying that components come from pre-defined, trusted, and continually maintained repositories.",V15.1.2,V15,Secure Coding and Architecture,V15.1,Secure Coding and Architecture Documentation,2,32,Evidence,Evidence,0.9848,0.0139,0.0013,0.9848,1,0,False,False,NO,NONE,NONE,0,"This text is purely procedural and operational, providing instructions on how to maintain an inventory catalog of third-party libraries. It does not make a normative claim about why a specific design property (e.g., using trusted repositories) leads to better security outcomes.",,,"<reasoning>
This text is purely procedural and operational, providing instructions on how to maintain an inventory catalog of third-party libraries. It does not make a normative claim about why a specific design property (e.g., using trusted repositories) leads to better security outcomes.
</reasoning>
<answer>NO</answer>",,,FALSE
296,ASVS-U00297,"Verify that the application documentation identifies functionality which is time-consuming or resource-demanding. This must include how to prevent a loss of availability due to overusing this functionality and how to avoid a situation where building a response takes longer than the consumer's timeout. Potential defenses may include asynchronous processing, using queues, and limiting parallel processes per user and per application.",V15.1.3,V15,Secure Coding and Architecture,V15.1,Secure Coding and Architecture Documentation,2,60,Claim,Claim,0.9677,0.9677,0.0011,0.0312,2,,False,False,NO,NONE,NONE,0,"This text provides practical advice on how to prevent a loss of availability and avoid timeouts, but it does not make a normative claim about why a specific design property (e.g. asynchronous processing, queuing, limiting parallel processes) leads to better security outcomes. The text is primarily focused on describing potential defenses and operational considerations.",,,"<reasoning>
This text provides practical advice on how to prevent a loss of availability and avoid timeouts, but it does not make a normative claim about why a specific design property (e.g. asynchronous processing, queuing, limiting parallel processes) leads to better security outcomes. The text is primarily focused on describing potential defenses and operational considerations.
</reasoning>
<answer>NO</answer>",,,FALSE
297,ASVS-U00298,"Verify that application documentation highlights third-party libraries which are considered to be ""risky components"".",V15.1.4,V15,Secure Coding and Architecture,V15.1,Secure Coding and Architecture Documentation,3,14,Claim,Claim,0.9881,0.9881,0.0014,0.0106,3,,False,False,NO,NONE,NONE,0,"This text is purely procedural and operational, as it instructs to verify documentation without providing a normative claim about why highlighting ""risky components"" improves security. There is no argument about how this design property (transparency about third-party libraries) leads to better security outcomes.",,,"<reasoning>
This text is purely procedural and operational, as it instructs to verify documentation without providing a normative claim about why highlighting ""risky components"" improves security. There is no argument about how this design property (transparency about third-party libraries) leads to better security outcomes.
</reasoning>
<answer>NO</answer>",,,FALSE
298,ASVS-U00299,"Verify that application documentation highlights parts of the application where ""dangerous functionality"" is being used.",V15.1.5,V15,Secure Coding and Architecture,V15.1,Secure Coding and Architecture Documentation,3,15,Claim,Claim,0.9943,0.9943,0.0013,0.0043,4,,False,False,NO,NONE,NONE,0,"This text is purely procedural and operational, as it instructs to verify documentation without providing a normative claim about why highlighting ""dangerous functionality"" improves security. There is no argument about how this design property (transparency or visibility of dangerous functionality) leads to better security outcomes.",,,"<reasoning>
This text is purely procedural and operational, as it instructs to verify documentation without providing a normative claim about why highlighting ""dangerous functionality"" improves security. There is no argument about how this design property (transparency or visibility of dangerous functionality) leads to better security outcomes.
</reasoning>
<answer>NO</answer>",,,FALSE
299,ASVS-U00300,Verify that the application only contains components which have not breached the documented update and remediation time frames.,V15.2.1,V15,Secure Coding and Architecture,V15.2,Security Architecture and Dependencies,1,18,Claim,Claim,0.9892,0.9892,0.0012,0.0096,5,,False,False,NO,NONE,NONE,0,"This text is purely procedural and operational, as it instructs to verify that the application meets certain time frames for updates and remediation. There is no normative claim or argument about how a specific design property (e.g., simplicity, compartmentalization, etc.) improves security outcomes.",,,"<reasoning>
This text is purely procedural and operational, as it instructs to verify that the application meets certain time frames for updates and remediation. There is no normative claim or argument about how a specific design property (e.g., simplicity, compartmentalization, etc.) improves security outcomes.
</reasoning>
<answer>NO</answer>",,,FALSE
300,ASVS-U00301,"Verify that the application has implemented defenses against loss of availability due to functionality which is time-consuming or resource-demanding, based on the documented security decisions and strategies for this.",V15.2.2,V15,Secure Coding and Architecture,V15.2,Security Architecture and Dependencies,2,29,Claim,Claim,0.9725,0.9725,0.0008,0.0267,6,,False,True,NO,NONE,NONE,0,"This text does not contain a normative design argument. It is a procedural instruction to verify the implementation of defenses against loss of availability, without explaining why a specific design property (e.g. redundancy, simplicity, etc.) leads to better security outcomes. The text is focused on checking if the application has implemented certain defenses, rather than arguing why those defenses are necessary or effective.",,,"<reasoning>
This text does not contain a normative design argument. It is a procedural instruction to verify the implementation of defenses against loss of availability, without explaining why a specific design property (e.g. redundancy, simplicity, etc.) leads to better security outcomes. The text is focused on checking if the application has implemented certain defenses, rather than arguing why those defenses are necessary or effective.
</reasoning>
<answer>NO</answer>",,,FALSE
301,ASVS-U00302,"Verify that the production environment only includes functionality that is required for the application to function, and does not expose extraneous functionality such as test code, sample snippets, and development functionality.",V15.2.3,V15,Secure Coding and Architecture,V15.2,Security Architecture and Dependencies,2,31,Evidence,Evidence,0.9894,0.009,0.0016,0.9894,7,6,False,False,NO,NONE,NONE,0,"This text does not contain a normative design argument, but rather a procedural advice. It instructs to verify that the production environment only includes required functionality, but it does not explain why this design property (minimal exposure) leads to better security outcomes.",,,"<reasoning>
This text does not contain a normative design argument, but rather a procedural advice. It instructs to verify that the production environment only includes required functionality, but it does not explain why this design property (minimal exposure) leads to better security outcomes.
</reasoning>
<answer>NO</answer>",,,FALSE
302,ASVS-U00303,"Verify that third-party components and all of their transitive dependencies are included from the expected repository, whether internally owned or an external source, and that there is no risk of a dependency confusion attack.",V15.2.4,V15,Secure Coding and Architecture,V15.2,Security Architecture and Dependencies,3,34,Claim,Claim,0.9952,0.9952,0.0015,0.0033,8,,False,True,NO,NONE,NONE,0,"This text is purely procedural and operational, providing a checklist for verifying the origin of third-party components and their dependencies. It does not make a normative claim about why a specific design property (e.g., isolation, minimal access, redundancy) improves security outcomes. The text focuses on the ""what"" and ""how"" rather than the ""why"".",,,"<reasoning>
This text is purely procedural and operational, providing a checklist for verifying the origin of third-party components and their dependencies. It does not make a normative claim about why a specific design property (e.g., isolation, minimal access, redundancy) improves security outcomes. The text focuses on the ""what"" and ""how"" rather than the ""why"".
</reasoning>
<answer>NO</answer>",,,FALSE
303,ASVS-U00304,"Verify that the application implements additional protections around parts of the application which are documented as containing ""dangerous functionality"" or using third-party libraries considered to be ""risky components"". This could include techniques such as sandboxing, encapsulation, containerization or network level isolation to delay and deter attackers who compromise one part of an application from pivoting elsewhere in the application.",V15.2.5,V15,Secure Coding and Architecture,V15.2,Security Architecture and Dependencies,3,59,Evidence,Evidence,0.9561,0.0421,0.0017,0.9561,9,8,False,False,NO,NONE,NONE,0,"This text describes a set of techniques (sandboxing, encapsulation, containerization, network level isolation) to protect parts of an application containing ""dangerous functionality"" or using ""risky components"". While it mentions the goal of delaying and deterring attackers, it does not explicitly argue why these techniques lead to better security outcomes. The text is more focused on describing what to do rather than why these design choices improve security.",,,"<reasoning>
This text describes a set of techniques (sandboxing, encapsulation, containerization, network level isolation) to protect parts of an application containing ""dangerous functionality"" or using ""risky components"". While it mentions the goal of delaying and deterring attackers, it does not explicitly argue why these techniques lead to better security outcomes. The text is more focused on describing what to do rather than why these design choices improve security.
</reasoning>
<answer>NO</answer>",,,FALSE
304,ASVS-U00305,"Verify that the application only returns the required subset of fields from a data object. For example, it should not return an entire data object, as some individual fields should not be accessible to users.",V15.3.1,V15,Secure Coding and Architecture,V15.3,Defensive Coding,1,35,Evidence,Evidence,0.9601,0.0382,0.0017,0.9601,10,8,False,False,NO,NONE,NONE,0,"This text does not contain a normative design argument, but rather a descriptive and procedural advice. It instructs to verify that the application only returns the required subset of fields, but it does not explain why this design choice improves security outcomes.",,,"<reasoning>
This text does not contain a normative design argument, but rather a descriptive and procedural advice. It instructs to verify that the application only returns the required subset of fields, but it does not explain why this design choice improves security outcomes.
</reasoning>
<answer>NO</answer>",,,FALSE
305,ASVS-U00306,"Verify that where the application backend makes calls to external URLs, it is configured to not follow redirects unless it is intended functionality.",V15.3.2,V15,Secure Coding and Architecture,V15.3,Defensive Coding,2,23,Claim,Claim,0.9922,0.9922,0.0012,0.0066,11,,False,True,NO,NONE,NONE,0,"This text is purely procedural and operational, providing a specific configuration recommendation without explaining why it improves security. It does not make a normative claim about a design property (e.g., minimal exposure, least privilege) leading to better security outcomes.",,,"<reasoning>
This text is purely procedural and operational, providing a specific configuration recommendation without explaining why it improves security. It does not make a normative claim about a design property (e.g., minimal exposure, least privilege) leading to better security outcomes.
</reasoning>
<answer>NO</answer>",,,FALSE
306,ASVS-U00307,"Verify that the application has countermeasures to protect against mass assignment attacks by limiting allowed fields per controller and action, e.g., it is not possible to insert or update a field value when it was not intended to be part of that action.",V15.3.3,V15,Secure Coding and Architecture,V15.3,Defensive Coding,2,43,Evidence,Evidence,0.9222,0.076,0.0018,0.9222,12,11,False,False,NO,NONE,NONE,0,"This text describes a specific security measure (limiting allowed fields per controller and action) and its purpose (protecting against mass assignment attacks), but it does not make a normative claim about why this design property (limiting allowed fields) leads to better security outcomes. The text is primarily descriptive and procedural, explaining how to implement a security control without arguing why it is essential for security.",,,"<reasoning>
This text describes a specific security measure (limiting allowed fields per controller and action) and its purpose (protecting against mass assignment attacks), but it does not make a normative claim about why this design property (limiting allowed fields) leads to better security outcomes. The text is primarily descriptive and procedural, explaining how to implement a security control without arguing why it is essential for security.
</reasoning>
<answer>NO</answer>",,,FALSE
307,ASVS-U00308,"Verify that all proxying and middleware components transfer the user's original IP address correctly using trusted data fields that cannot be manipulated by the end user, and the application and web server use this correct value for logging and security decisions such as rate limiting, taking into account that even the original IP address may not be reliable due to dynamic IPs, VPNs, or corporate firewalls.",V15.3.4,V15,Secure Coding and Architecture,V15.3,Defensive Coding,2,66,Evidence,Evidence,0.9867,0.0118,0.0015,0.9867,13,11,False,False,NO,NONE,NONE,0,"This text primarily provides practical instructions on how to handle IP addresses in proxying and middleware components, and discusses the limitations of relying on IP addresses for security decisions. While it mentions security-related concerns, it does not make a normative claim about a specific design property (e.g., compartmentalization, least privilege) that leads to better security outcomes.",,,"<reasoning>
This text primarily provides practical instructions on how to handle IP addresses in proxying and middleware components, and discusses the limitations of relying on IP addresses for security decisions. While it mentions security-related concerns, it does not make a normative claim about a specific design property (e.g., compartmentalization, least privilege) that leads to better security outcomes.
</reasoning>
<answer>NO</answer>",,,FALSE
308,ASVS-U00309,Verify that the application explicitly ensures that variables are of the correct type and performs strict equality and comparator operations. This is to avoid type juggling or type confusion vulnerabilities caused by the application code making an assumption about a variable type.,V15.3.5,V15,Secure Coding and Architecture,V15.3,Defensive Coding,2,42,Claim,Claim,0.9938,0.9938,0.0012,0.0049,14,,False,False,NO,NONE,NONE,0,"This text does not contain a normative design argument, but rather a descriptive/procedural advice on how to avoid a specific type of vulnerability. The text explains the reason behind the advice (avoiding type juggling or type confusion vulnerabilities), but it does not argue that a specific design property (e.g. strict equality and comparator operations) is the reason for better security outcomes.",,,"<reasoning>
This text does not contain a normative design argument, but rather a descriptive/procedural advice on how to avoid a specific type of vulnerability. The text explains the reason behind the advice (avoiding type juggling or type confusion vulnerabilities), but it does not argue that a specific design property (e.g. strict equality and comparator operations) is the reason for better security outcomes.
</reasoning>
<answer>NO</answer>",,,FALSE
309,ASVS-U00310,"Verify that JavaScript code is written in a way that prevents prototype pollution, for example, by using Set() or Map() instead of object literals.",V15.3.6,V15,Secure Coding and Architecture,V15.3,Defensive Coding,2,24,Claim,Claim,0.9744,0.9744,0.0014,0.0242,15,,False,False,NO,NONE,NONE,0,"This text provides a specific recommendation for writing JavaScript code to prevent prototype pollution, but it does not make a normative claim about why this design choice improves security. The text only describes a best practice without explaining why it leads to better security outcomes.",,,"<reasoning>
This text provides a specific recommendation for writing JavaScript code to prevent prototype pollution, but it does not make a normative claim about why this design choice improves security. The text only describes a best practice without explaining why it leads to better security outcomes.
</reasoning>
<answer>NO</answer>",,,FALSE
310,ASVS-U00311,"Verify that the application has defenses against HTTP parameter pollution attacks, particularly if the application framework makes no distinction about the source of request parameters (query string, body parameters, cookies, or header fields).",V15.3.7,V15,Secure Coding and Architecture,V15.3,Defensive Coding,2,33,Claim,Claim,0.5153,0.5153,0.0012,0.4835,16,,False,True,NO,NONE,NONE,0,"This text does not contain a normative design argument. It provides a practical instruction to verify defenses against a specific type of attack, but it does not argue why a specific design property (e.g., input validation, parameter separation) is essential for security. The text is purely procedural, advising what to do without explaining why it matters for security.",,,"<reasoning>
This text does not contain a normative design argument. It provides a practical instruction to verify defenses against a specific type of attack, but it does not argue why a specific design property (e.g., input validation, parameter separation) is essential for security. The text is purely procedural, advising what to do without explaining why it matters for security.
</reasoning>
<answer>NO</answer>",,,FALSE
311,ASVS-U00312,"Verify that shared objects in multi-threaded code (such as caches, files, or in-memory objects accessed by multiple threads) are accessed safely by using thread-safe types and synchronization mechanisms like locks or semaphores to avoid race conditions and data corruption.",V15.4.1,V15,Secure Coding and Architecture,V15.4,Safe Concurrency,3,39,Evidence,Evidence,0.9866,0.0122,0.0012,0.9866,17,16,False,False,NO,NONE,NONE,0,"This text provides practical advice on how to avoid race conditions and data corruption in multi-threaded code, but it does not make a normative claim about why a specific design property (e.g. thread-safety, synchronization) leads to better security outcomes. The text is primarily descriptive and procedural, focusing on what to do rather than why it improves security.",,,"<reasoning>
This text provides practical advice on how to avoid race conditions and data corruption in multi-threaded code, but it does not make a normative claim about why a specific design property (e.g. thread-safety, synchronization) leads to better security outcomes. The text is primarily descriptive and procedural, focusing on what to do rather than why it improves security.
</reasoning>
<answer>NO</answer>",,,FALSE
312,ASVS-U00313,"Verify that checks on a resource's state, such as its existence or permissions, and the actions that depend on them are performed as a single atomic operation to prevent time-of-check to time-of-use (TOCTOU) race conditions. For example, checking if a file exists before opening it, or verifying a user’s access before granting it.",V15.4.2,V15,Secure Coding and Architecture,V15.4,Safe Concurrency,3,53,Evidence,Evidence,0.9837,0.0145,0.0018,0.9837,18,16,False,False,NO,NONE,NONE,0,"This text describes a specific design approach to prevent TOCTOU race conditions, but it does not explicitly argue why this design property (atomic operation) leads to better security outcomes. The text primarily focuses on what to do and how to do it, without making a normative claim about the security benefits of this design choice.",,,"<reasoning>
This text describes a specific design approach to prevent TOCTOU race conditions, but it does not explicitly argue why this design property (atomic operation) leads to better security outcomes. The text primarily focuses on what to do and how to do it, without making a normative claim about the security benefits of this design choice.
</reasoning>
<answer>NO</answer>",,,FALSE
313,ASVS-U00314,"Verify that locks are used consistently to avoid threads getting stuck, whether by waiting on each other or retrying endlessly, and that locking logic stays within the code responsible for managing the resource to ensure locks cannot be inadvertently or maliciously modified by external classes or code.",V15.4.3,V15,Secure Coding and Architecture,V15.4,Safe Concurrency,3,47,Claim,Claim,0.9957,0.9957,0.0014,0.003,19,,False,True,NO,NONE,NONE,0,"This text provides guidance on how to use locks consistently to avoid thread-related issues, but it does not make a normative claim about why a specific design property (e.g., compartmentalization, least privilege) improves security outcomes. The text focuses on the ""how"" and ""what"" rather than the ""why"" behind the design choice.",,,"<reasoning>
This text provides guidance on how to use locks consistently to avoid thread-related issues, but it does not make a normative claim about why a specific design property (e.g., compartmentalization, least privilege) improves security outcomes. The text focuses on the ""how"" and ""what"" rather than the ""why"" behind the design choice.
</reasoning>
<answer>NO</answer>",,,FALSE
314,ASVS-U00315,"Verify that resource allocation policies prevent thread starvation by ensuring fair access to resources, such as by leveraging thread pools, allowing lower-priority threads to proceed within a reasonable timeframe.",V15.4.4,V15,Secure Coding and Architecture,V15.4,Safe Concurrency,3,29,Evidence,Evidence,0.9824,0.0152,0.0024,0.9824,20,19,False,False,NO,NONE,NONE,0,"This text does not contain a normative design argument. It provides a practical instruction on how to prevent thread starvation by ensuring fair access to resources, but it does not argue why this design property (fair access to resources) leads to better security outcomes. The text is purely procedural and operational, focusing on how to achieve a specific goal rather than why it is important for security.",,,"<reasoning>
This text does not contain a normative design argument. It provides a practical instruction on how to prevent thread starvation by ensuring fair access to resources, but it does not argue why this design property (fair access to resources) leads to better security outcomes. The text is purely procedural and operational, focusing on how to achieve a specific goal rather than why it is important for security.
</reasoning>
<answer>NO</answer>",,,FALSE
315,ASVS-U00316,"Verify that an inventory exists documenting the logging performed at each layer of the application's technology stack, what events are being logged, log formats, where that logging is stored, how it is used, how access to it is controlled, and for how long logs are kept.",V16.1.1,V16,Security Logging and Error Handling,V16.1,Security Logging Documentation,2,46,Claim,Claim,0.9905,0.9905,0.0008,0.0087,0,,False,True,NO,NONE,NONE,0,"This text is purely procedural and operational, providing a checklist of items to verify in an inventory of logging practices. There is no normative claim or argument about how a specific design property (e.g., logging, access control) improves security outcomes.",,,"<reasoning>
This text is purely procedural and operational, providing a checklist of items to verify in an inventory of logging practices. There is no normative claim or argument about how a specific design property (e.g., logging, access control) improves security outcomes.
</reasoning>
<answer>NO</answer>",,,FALSE
316,ASVS-U00317,"Verify that each log entry includes necessary metadata (such as when, where, who, what) that would allow for a detailed investigation of the timeline when an event happens.",V16.2.1,V16,Security Logging and Error Handling,V16.2,General Logging,2,28,Evidence,Evidence,0.9662,0.0324,0.0014,0.9662,1,0,False,False,NO,NONE,NONE,0,"This text is purely procedural and operational, as it provides a practical instruction on what metadata to include in log entries without explaining why this design choice improves security outcomes. There is no normative claim connecting the inclusion of metadata to a specific security benefit.",,,"<reasoning>
This text is purely procedural and operational, as it provides a practical instruction on what metadata to include in log entries without explaining why this design choice improves security outcomes. There is no normative claim connecting the inclusion of metadata to a specific security benefit.
</reasoning>
<answer>NO</answer>",,,FALSE
317,ASVS-U00318,"Verify that time sources for all logging components are synchronized, and that timestamps in security event metadata use UTC or include an explicit time zone offset. UTC is recommended to ensure consistency across distributed systems and to prevent confusion during daylight saving time transitions.",V16.2.2,V16,Security Logging and Error Handling,V16.2,General Logging,2,44,Claim,Claim,0.9902,0.9902,0.0011,0.0087,2,,False,False,NO,NONE,NONE,0,"This text primarily provides practical instructions and recommendations for logging component configuration, without making a normative claim about how a specific design property improves security outcomes. The text explains the benefits of using UTC, but it's more of a practical consideration for consistency and avoiding confusion rather than a security-focused argument.",,,"<reasoning>
This text primarily provides practical instructions and recommendations for logging component configuration, without making a normative claim about how a specific design property improves security outcomes. The text explains the benefits of using UTC, but it's more of a practical consideration for consistency and avoiding confusion rather than a security-focused argument.
</reasoning>
<answer>NO</answer>",,,FALSE
318,ASVS-U00319,Verify that the application only stores or broadcasts logs to the files and services that are documented in the log inventory.,V16.2.3,V16,Security Logging and Error Handling,V16.2,General Logging,2,21,Claim,Claim,0.992,0.992,0.0012,0.0067,3,,False,False,NO,NONE,NONE,0,"This text is purely procedural and operational, as it instructs to verify that the application only stores or broadcasts logs to specific files and services, but it does not provide a normative claim or argument about why this design choice improves security outcomes. There is no connection made between the design property (logging to specific files and services) and a security outcome.",,,"<reasoning>
This text is purely procedural and operational, as it instructs to verify that the application only stores or broadcasts logs to specific files and services, but it does not provide a normative claim or argument about why this design choice improves security outcomes. There is no connection made between the design property (logging to specific files and services) and a security outcome.
</reasoning>
<answer>NO</answer>",,,FALSE
319,ASVS-U00320,"Verify that logs can be read and correlated by the log processor that is in use, preferably by using a common logging format.",V16.2.4,V16,Security Logging and Error Handling,V16.2,General Logging,2,23,Claim,Claim,0.9955,0.9955,0.0022,0.0023,4,,False,True,NO,NONE,NONE,0,"This text is purely procedural and operational, providing guidance on how to configure log processing without making a normative claim about why a specific design property improves security. There is no argument about how a particular design choice (e.g., using a common logging format) leads to better security outcomes.",,,"<reasoning>
This text is purely procedural and operational, providing guidance on how to configure log processing without making a normative claim about why a specific design property improves security. There is no argument about how a particular design choice (e.g., using a common logging format) leads to better security outcomes.
</reasoning>
<answer>NO</answer>",,,FALSE
320,ASVS-U00321,"Verify that when logging sensitive data, the application enforces logging based on the data's protection level. For example, it may not be allowed to log certain data, such as credentials or payment details. Other data, such as session tokens, may only be logged by being hashed or masked, either in full or partially.",V16.2.5,V16,Security Logging and Error Handling,V16.2,General Logging,2,53,Evidence,Evidence,0.9907,0.0078,0.0016,0.9907,5,4,False,False,NO,NONE,NONE,0,"This text is primarily descriptive and procedural, providing guidance on how to log sensitive data. While it mentions different protection levels and logging methods, it does not make a normative claim about why a specific design property (e.g., data protection levels, hashing, or masking) leads to better security outcomes.",,,"<reasoning>
This text is primarily descriptive and procedural, providing guidance on how to log sensitive data. While it mentions different protection levels and logging methods, it does not make a normative claim about why a specific design property (e.g., data protection levels, hashing, or masking) leads to better security outcomes.
</reasoning>
<answer>NO</answer>",,,FALSE
321,ASVS-U00322,"Verify that all authentication operations are logged, including successful and unsuccessful attempts. Additional metadata, such as the type of authentication or factors used, should also be collected.",V16.3.1,V16,Security Logging and Error Handling,V16.3,Security Events,2,27,Evidence,Evidence,0.9798,0.0186,0.0017,0.9798,6,4,False,False,NO,NONE,NONE,0,"This text is purely procedural and operational, providing guidance on what to log during authentication operations. It does not make a normative claim about why logging authentication operations improves security outcomes or how it relates to a specific design property.",,,"<reasoning>
This text is purely procedural and operational, providing guidance on what to log during authentication operations. It does not make a normative claim about why logging authentication operations improves security outcomes or how it relates to a specific design property.
</reasoning>
<answer>NO</answer>",,,FALSE
322,ASVS-U00323,"Verify that failed authorization attempts are logged. For L3, this must include logging all authorization decisions, including logging when sensitive data is accessed (without logging the sensitive data itself).",V16.3.2,V16,Security Logging and Error Handling,V16.3,Security Events,2,29,Claim,Claim,0.9944,0.9944,0.0012,0.0044,7,,False,True,NO,NONE,NONE,0,"This text is purely procedural and operational, providing instructions on what to log and when, without making a normative claim about why logging authorization decisions improves security. There is no argument about how this design property (logging) contributes to better security outcomes.",,,"<reasoning>
This text is purely procedural and operational, providing instructions on what to log and when, without making a normative claim about why logging authorization decisions improves security. There is no argument about how this design property (logging) contributes to better security outcomes.
</reasoning>
<answer>NO</answer>",,,FALSE
323,ASVS-U00324,"Verify that the application logs the security events that are defined in the documentation and also logs attempts to bypass the security controls, such as input validation, business logic, and anti-automation.",V16.3.3,V16,Security Logging and Error Handling,V16.3,Security Events,2,31,Evidence,Evidence,0.9889,0.0096,0.0015,0.9889,8,7,False,False,NO,NONE,NONE,0,"This text is purely procedural and operational, as it instructs to verify that the application logs specific events without providing a normative claim about why logging these events improves security. There is no argument about how a specific design property (e.g., logging, traceability) leads to better security outcomes.",,,"<reasoning>
This text is purely procedural and operational, as it instructs to verify that the application logs specific events without providing a normative claim about why logging these events improves security. There is no argument about how a specific design property (e.g., logging, traceability) leads to better security outcomes.
</reasoning>
<answer>NO</answer>",,,FALSE
324,ASVS-U00325,Verify that the application logs unexpected errors and security control failures such as backend TLS failures.,V16.3.4,V16,Security Logging and Error Handling,V16.3,Security Events,2,16,Evidence,Evidence,0.9841,0.0141,0.0018,0.9841,9,7,False,False,NO,NONE,NONE,0,"This text is purely procedural and operational, as it instructs to verify a specific logging behavior without providing a normative claim about why this design choice improves security. There is no argument about how this design property (logging unexpected errors and security control failures) leads to better security outcomes.",,,"<reasoning>
This text is purely procedural and operational, as it instructs to verify a specific logging behavior without providing a normative claim about why this design choice improves security. There is no argument about how this design property (logging unexpected errors and security control failures) leads to better security outcomes.
</reasoning>
<answer>NO</answer>",,,FALSE
325,ASVS-U00326,Verify that all logging components appropriately encode data to prevent log injection.,V16.4.1,V16,Security Logging and Error Handling,V16.4,Log Protection,2,12,Claim,Claim,0.9949,0.9949,0.0011,0.004,10,,False,False,NO,NONE,NONE,0,"This text is purely procedural, providing a specific task to perform (verifying logging components) without explaining why encoding data in logs improves security outcomes. There is no normative claim connecting a design property (e.g., input validation, data encoding) to a security benefit.",,,"<reasoning>
This text is purely procedural, providing a specific task to perform (verifying logging components) without explaining why encoding data in logs improves security outcomes. There is no normative claim connecting a design property (e.g., input validation, data encoding) to a security benefit.
</reasoning>
<answer>NO</answer>",,,FALSE
326,ASVS-U00327,Verify that logs are protected from unauthorized access and cannot be modified.,V16.4.2,V16,Security Logging and Error Handling,V16.4,Log Protection,2,12,Claim,Claim,0.9961,0.9961,0.0021,0.0018,11,,False,False,NO,NONE,NONE,0,"This text is purely procedural and operational, as it instructs to verify a specific security control without explaining why protecting logs from unauthorized access and modification improves security outcomes. There is no normative design argument connecting a design property (e.g., compartmentalization, least privilege) to a security outcome.",,,"<reasoning>
This text is purely procedural and operational, as it instructs to verify a specific security control without explaining why protecting logs from unauthorized access and modification improves security outcomes. There is no normative design argument connecting a design property (e.g., compartmentalization, least privilege) to a security outcome.
</reasoning>
<answer>NO</answer>",,,FALSE
327,ASVS-U00328,"Verify that logs are securely transmitted to a logically separate system for analysis, detection, alerting, and escalation. The aim is to ensure that if the application is breached, the logs are not compromised.",V16.4.3,V16,Security Logging and Error Handling,V16.4,Log Protection,2,33,Claim,Claim,0.996,0.996,0.002,0.002,12,,False,True,NO,NONE,NONE,0,"This text describes a specific design choice (transmitting logs to a separate system) and provides a security-related motivation for it (preventing log compromise in case of a breach). However, it does not explicitly argue that a specific design property (e.g., compartmentalization, isolation) is the reason for the improved security outcome.",,,"<reasoning>
This text describes a specific design choice (transmitting logs to a separate system) and provides a security-related motivation for it (preventing log compromise in case of a breach). However, it does not explicitly argue that a specific design property (e.g., compartmentalization, isolation) is the reason for the improved security outcome.
</reasoning>
<answer>NO</answer>",,,FALSE
328,ASVS-U00329,"Verify that a generic message is returned to the consumer when an unexpected or security-sensitive error occurs, ensuring no exposure of sensitive internal system data such as stack traces, queries, secret keys, and tokens.",V16.5.1,V16,Security Logging and Error Handling,V16.5,Error Handling,2,34,Evidence,Evidence,0.9899,0.0089,0.0012,0.9899,13,12,False,False,NO,NONE,NONE,0,"This text describes a specific practice for handling errors, but it doesn't explicitly argue why this design choice improves security. The text only states what to do (return a generic message) without explaining why this approach is beneficial for security.",,,"<reasoning>
This text describes a specific practice for handling errors, but it doesn't explicitly argue why this design choice improves security. The text only states what to do (return a generic message) without explaining why this approach is beneficial for security.
</reasoning>
<answer>NO</answer>",,,FALSE
329,ASVS-U00330,"Verify that the application continues to operate securely when external resource access fails, for example, by using patterns such as circuit breakers or graceful degradation.",V16.5.2,V16,Security Logging and Error Handling,V16.5,Error Handling,2,25,Evidence,Evidence,0.9825,0.0163,0.0012,0.9825,14,12,False,False,NO,NONE,NONE,0,"This text does not contain a normative design argument. It provides a practical instruction on how to handle external resource access failures, but it does not explain why this approach improves security outcomes. The text describes a pattern (circuit breakers or graceful degradation) without arguing that a specific design property (e.g., redundancy, fault tolerance) is the reason for improved security.",,,"<reasoning>
This text does not contain a normative design argument. It provides a practical instruction on how to handle external resource access failures, but it does not explain why this approach improves security outcomes. The text describes a pattern (circuit breakers or graceful degradation) without arguing that a specific design property (e.g., redundancy, fault tolerance) is the reason for improved security.
</reasoning>
<answer>NO</answer>",,,FALSE
330,ASVS-U00331,"Verify that the application fails gracefully and securely, including when an exception occurs, preventing fail-open conditions such as processing a transaction despite errors resulting from validation logic.",V16.5.3,V16,Security Logging and Error Handling,V16.5,Error Handling,2,27,Evidence,Evidence,0.9756,0.0229,0.0015,0.9756,15,12,False,False,NO,NONE,NONE,0,"This text describes a desirable security property (failing securely) and a specific design goal (preventing fail-open conditions), but it does not make a normative claim about why this design property leads to better security outcomes. The text is primarily focused on describing what to do (verifying that the application fails securely) rather than arguing why this design choice improves security.",,,"<reasoning>
This text describes a desirable security property (failing securely) and a specific design goal (preventing fail-open conditions), but it does not make a normative claim about why this design property leads to better security outcomes. The text is primarily focused on describing what to do (verifying that the application fails securely) rather than arguing why this design choice improves security.
</reasoning>
<answer>NO</answer>",,,FALSE
331,ASVS-U00332,"Verify that a ""last resort"" error handler is defined which will catch all unhandled exceptions. This is both to avoid losing error details that must go to log files and to ensure that an error does not take down the entire application process, leading to a loss of availability.",V16.5.4,V16,Security Logging and Error Handling,V16.5,Error Handling,3,49,Claim,Claim,0.9946,0.9946,0.0012,0.0042,16,,False,False,NO,NONE,NONE,0,"This text does not contain a normative design argument. It provides a practical instruction to define a ""last resort"" error handler to avoid losing error details and ensure availability, but it does not argue why this design property (e.g., having a catch-all error handler) inherently leads to better security outcomes.",,,"<reasoning>
This text does not contain a normative design argument. It provides a practical instruction to define a ""last resort"" error handler to avoid losing error details and ensure availability, but it does not argue why this design property (e.g., having a catch-all error handler) inherently leads to better security outcomes.
</reasoning>
<answer>NO</answer>",,,FALSE
332,ASVS-U00333,"Verify that the Traversal Using Relays around NAT (TURN) service only allows access to IP addresses that are not reserved for special purposes (e.g., internal networks, broadcast, loopback). Note that this applies to both IPv4 and IPv6 addresses.",V17.1.1,V17,WebRTC,V17.1,TURN Server,2,38,Evidence,Evidence,0.9876,0.0111,0.0013,0.9876,0,1,False,False,NO,NONE,NONE,0,"This text is purely procedural and descriptive, providing a specific guideline for configuring a TURN service. It does not make a normative claim about why this configuration improves security or connects a specific design property to a security outcome.",,,"<reasoning>
This text is purely procedural and descriptive, providing a specific guideline for configuring a TURN service. It does not make a normative claim about why this configuration improves security or connects a specific design property to a security outcome.
</reasoning>
<answer>NO</answer>",,,FALSE
333,ASVS-U00334,Verify that the Traversal Using Relays around NAT (TURN) service is not susceptible to resource exhaustion when legitimate users attempt to open a large number of ports on the TURN server.,V17.1.2,V17,WebRTC,V17.1,TURN Server,3,31,Claim,Claim,0.9918,0.9918,0.0015,0.0066,1,,False,True,NO,NONE,NONE,0,"This text is purely descriptive and operational, as it instructs to verify a specific property of the TURN service without providing a normative claim about why this property is important for security. It does not argue that a specific design property (e.g., resource management, rate limiting) is the reason the system becomes more secure.",,,"<reasoning>
This text is purely descriptive and operational, as it instructs to verify a specific property of the TURN service without providing a normative claim about why this property is important for security. It does not argue that a specific design property (e.g., resource management, rate limiting) is the reason the system becomes more secure.
</reasoning>
<answer>NO</answer>",,,FALSE
334,ASVS-U00335,Verify that the key for the Datagram Transport Layer Security (DTLS) certificate is managed and protected based on the documented policy for management of cryptographic keys.,V17.2.1,V17,WebRTC,V17.2,Media,2,26,Claim,Claim,0.9951,0.9951,0.0016,0.0033,2,,False,False,NO,NONE,NONE,0,"This text is purely procedural and operational, as it instructs to verify that a key is managed and protected according to a documented policy, without providing a normative claim about why this specific design or architectural property (e.g., key management) improves security outcomes.",,,"<reasoning>
This text is purely procedural and operational, as it instructs to verify that a key is managed and protected according to a documented policy, without providing a normative claim about why this specific design or architectural property (e.g., key management) improves security outcomes.
</reasoning>
<answer>NO</answer>",,,FALSE
335,ASVS-U00336,Verify that the media server is configured to use and support approved Datagram Transport Layer Security (DTLS) cipher suites and a secure protection profile for the DTLS Extension for establishing keys for the Secure Real-time Transport Protocol (DTLS-SRTP).,V17.2.2,V17,WebRTC,V17.2,Media,2,38,Claim,Claim,0.9291,0.9291,0.0014,0.0694,3,,False,False,NO,NONE,NONE,0,"This text is purely descriptive and procedural, providing specific instructions on how to configure a media server to use approved DTLS cipher suites and a secure protection profile. There is no normative claim or argument made about why this specific design or architectural property (e.g. using approved DTLS cipher suites) leads to better security outcomes.",,,"<reasoning>
This text is purely descriptive and procedural, providing specific instructions on how to configure a media server to use approved DTLS cipher suites and a secure protection profile. There is no normative claim or argument made about why this specific design or architectural property (e.g. using approved DTLS cipher suites) leads to better security outcomes.
</reasoning>
<answer>NO</answer>",,,FALSE
336,ASVS-U00337,Verify that Secure Real-time Transport Protocol (SRTP) authentication is checked at the media server to prevent Real-time Transport Protocol (RTP) injection attacks from leading to either a Denial of Service condition or audio or video media insertion into media streams.,V17.2.3,V17,WebRTC,V17.2,Media,2,40,Claim,Claim,0.9949,0.9949,0.0016,0.0035,4,,False,False,NO,NONE,NONE,0,"This text is purely descriptive and procedural, explaining a specific security measure to prevent RTP injection attacks. It does not make a normative claim about why a specific design property (e.g., authentication, compartmentalization, simplicity) leads to better security outcomes.",,,"<reasoning>
This text is purely descriptive and procedural, explaining a specific security measure to prevent RTP injection attacks. It does not make a normative claim about why a specific design property (e.g., authentication, compartmentalization, simplicity) leads to better security outcomes.
</reasoning>
<answer>NO</answer>",,,FALSE
337,ASVS-U00338,Verify that the media server is able to continue processing incoming media traffic when encountering malformed Secure Real-time Transport Protocol (SRTP) packets.,V17.2.4,V17,WebRTC,V17.2,Media,2,22,Claim,Claim,0.9939,0.9939,0.0012,0.0049,5,,False,False,NO,NONE,NONE,0,"This text is purely procedural and operational, as it describes a specific test to verify the media server's behavior when encountering malformed SRTP packets. There is no normative claim or argument about why a specific design property (e.g., fault tolerance, error handling) improves security outcomes.",,,"<reasoning>
This text is purely procedural and operational, as it describes a specific test to verify the media server's behavior when encountering malformed SRTP packets. There is no normative claim or argument about why a specific design property (e.g., fault tolerance, error handling) improves security outcomes.
</reasoning>
<answer>NO</answer>",,,FALSE
338,ASVS-U00339,Verify that the media server is able to continue processing incoming media traffic during a flood of Secure Real-time Transport Protocol (SRTP) packets from legitimate users.,V17.2.5,V17,WebRTC,V17.2,Media,3,26,Claim,Claim,0.9919,0.9919,0.001,0.0071,6,,False,False,NO,NONE,NONE,0,"This text is purely operational and descriptive, as it instructs to verify a specific functionality of the media server without providing a normative claim about why this functionality is essential for security. There is no argument about how this design property (e.g., continued processing of incoming media traffic) leads to better security outcomes.",,,"<reasoning>
This text is purely operational and descriptive, as it instructs to verify a specific functionality of the media server without providing a normative claim about why this functionality is essential for security. There is no argument about how this design property (e.g., continued processing of incoming media traffic) leads to better security outcomes.
</reasoning>
<answer>NO</answer>",,,FALSE
339,ASVS-U00340,"Verify that the media server is not susceptible to the ""ClientHello"" Race Condition vulnerability in Datagram Transport Layer Security (DTLS) by checking if the media server is publicly known to be vulnerable or by performing the race condition test.",V17.2.6,V17,WebRTC,V17.2,Media,3,39,Claim,Claim,0.9773,0.9773,0.0008,0.0219,7,,False,False,NO,NONE,NONE,0,"This text is purely procedural and operational, providing a specific test to verify the vulnerability of a media server to a particular race condition. There is no normative design argument or claim that a specific design property (e.g. simplicity, compartmentalization, etc.) leads to better security outcomes.",,,"<reasoning>
This text is purely procedural and operational, providing a specific test to verify the vulnerability of a media server to a particular race condition. There is no normative design argument or claim that a specific design property (e.g. simplicity, compartmentalization, etc.) leads to better security outcomes.
</reasoning>
<answer>NO</answer>",,,FALSE
340,ASVS-U00341,Verify that any audio or video recording mechanisms associated with the media server are able to continue processing incoming media traffic during a flood of Secure Real-time Transport Protocol (SRTP) packets from legitimate users.,V17.2.7,V17,WebRTC,V17.2,Media,3,34,Claim,Claim,0.993,0.993,0.0012,0.0057,8,,False,False,NO,NONE,NONE,0,"This text is purely operational and procedural, describing a specific requirement for a media server to handle a flood of SRTP packets. There is no normative claim or argument about why a specific design property (e.g. redundancy, compartmentalization, etc.) leads to better security outcomes.",,,"<reasoning>
This text is purely operational and procedural, describing a specific requirement for a media server to handle a flood of SRTP packets. There is no normative claim or argument about why a specific design property (e.g. redundancy, compartmentalization, etc.) leads to better security outcomes.
</reasoning>
<answer>NO</answer>",,,FALSE
341,ASVS-U00342,"Verify that the Datagram Transport Layer Security (DTLS) certificate is checked against the Session Description Protocol (SDP) fingerprint attribute, terminating the media stream if the check fails, to ensure the authenticity of the media stream.",V17.2.8,V17,WebRTC,V17.2,Media,3,35,Claim,Claim,0.9907,0.9907,0.0013,0.0081,9,,False,False,NO,NONE,NONE,0,"This text is purely procedural and operational, describing a specific step to take in verifying the authenticity of a media stream. It does not make a normative claim about why this design choice improves security outcomes or connects a specific design property to a security benefit.",,,"<reasoning>
This text is purely procedural and operational, describing a specific step to take in verifying the authenticity of a media stream. It does not make a normative claim about why this design choice improves security outcomes or connects a specific design property to a security benefit.
</reasoning>
<answer>NO</answer>",,,FALSE
342,ASVS-U00343,Verify that the signaling server is able to continue processing legitimate incoming signaling messages during a flood attack. This should be achieved by implementing rate limiting at the signaling level.,V17.3.1,V17,WebRTC,V17.3,Signaling,2,30,Claim,Claim,0.9948,0.9948,0.0012,0.004,10,,False,False,NO,NONE,NONE,0,"This text is purely procedural and operational, as it describes a specific implementation (rate limiting) to achieve a certain goal (processing legitimate incoming signaling messages during a flood attack). There is no normative claim that a specific design property (e.g. rate limiting) is the reason for better security outcomes.",,,"<reasoning>
This text is purely procedural and operational, as it describes a specific implementation (rate limiting) to achieve a certain goal (processing legitimate incoming signaling messages during a flood attack). There is no normative claim that a specific design property (e.g. rate limiting) is the reason for better security outcomes.
</reasoning>
<answer>NO</answer>",,,FALSE
343,ASVS-U00344,"Verify that the signaling server is able to continue processing legitimate signaling messages when encountering malformed signaling message that could cause a denial of service condition. This could include implementing input validation, safely handling integer overflows, preventing buffer overflows, and employing other robust error-handling techniques.",V17.3.2,V17,WebRTC,V17.3,Signaling,2,45,Claim,Claim,0.9936,0.9936,0.001,0.0055,11,,False,False,NO,NONE,NONE,0,"This text provides a list of techniques to prevent denial of service conditions, but it does not make a normative claim about why these techniques lead to better security outcomes. The text is primarily procedural, describing how to handle malformed signaling messages, rather than arguing why a specific design property (e.g. input validation, robust error-handling) improves security.",,,"<reasoning>
This text provides a list of techniques to prevent denial of service conditions, but it does not make a normative claim about why these techniques lead to better security outcomes. The text is primarily procedural, describing how to handle malformed signaling messages, rather than arguing why a specific design property (e.g. input validation, robust error-handling) improves security.
</reasoning>
<answer>NO</answer>",,,FALSE
