unit_id,text,section_id,section_name,word_count,cae_label,raw_label,confidence,prob_claim,prob_argument,prob_evidence,unit_position,parent_claim_idx,is_orphan_evidence,has_evidence
SP207-U00001,A typical enterprise’s infrastructure has grown increasingly complex.,1,Introduction,8,Claim,Claim,0.9943,0.9943,0.0035,0.0021,0,,False,False
SP207-U00002,"A single enterprise may operate several internal networks, remote offices with their own local infrastructure, remote and/or mobile individuals, and cloud services.",1,Introduction,22,Claim,Claim,0.9854,0.9854,0.0019,0.0127,1,,False,False
SP207-U00003,"This complexity has outstripped legacy methods of perimeter-based network security as there is no single, easily identified perimeter for the enterprise.",1,Introduction,21,Claim,Argument,0.9272,0.0719,0.9272,0.0009,2,,False,False
SP207-U00004,"Perimeter-based network security has also been shown to be insufficient since once attackers breach the perimeter, further lateral movement is unhindered.",1,Introduction,21,Claim,Argument,0.9882,0.0114,0.9882,0.0005,3,,False,False
SP207-U00005,This complex enterprise has led to the development of a new model for cybersecurity known as “zero trust” (ZT).,1,Introduction,19,Claim,Claim,0.9726,0.9726,0.026,0.0015,4,,False,False
SP207-U00006,"A ZT approach is primarily focused on data and service protection but can and should be expanded to include all enterprise assets (devices, infrastructure components,",1,Introduction,25,Claim,Claim,0.9309,0.9309,0.0011,0.068,5,,False,True
SP207-U00007,"applications, virtual and cloud components) and subjects (end users, applications and other nonhuman entities that request information from resources).",1,Introduction,19,Evidence,Evidence,0.5507,0.4478,0.0015,0.5507,6,5,False,False
SP207-U00008,"Throughout this document, “subject” will be used unless the section relates directly to a human end user in which “user” will be specifically used instead of the more generic “subject.” Zero trust security models assume that an attacker is present in the environment and that an enterprise-owned environment is no different—or no more trustworthy—than any nonenterprise-owned environment.",1,Introduction,57,Claim,Claim,0.9925,0.9925,0.0054,0.002,7,,False,False
SP207-U00009,"In this new paradigm, an enterprise must assume no implicit trust and continually analyze and evaluate the risks to its assets and business functions and then enact protections to mitigate these risks.",1,Introduction,32,Claim,Claim,0.9945,0.9945,0.0043,0.0012,8,,False,True
SP207-U00010,"In zero trust, these protections usually involve minimizing access to resources (such as data and compute resources and applications/services) to only those subjects and assets identified as needing access as well as continually authenticating and authorizing the identity and security posture of each access request.",1,Introduction,45,Evidence,Evidence,0.9891,0.0096,0.0013,0.9891,9,8,False,False
SP207-U00011,trust principles and designed to prevent data breaches and limit internal lateral movement.,1,Introduction,13,Claim,Claim,0.9958,0.9958,0.0016,0.0026,10,,False,False
SP207-U00012,"This publication discusses ZTA, its logical components, possible deployment scenarios, and threats.",1,Introduction,12,Claim,Claim,0.99,0.99,0.0015,0.0085,11,,False,False
SP207-U00013,It also presents a general road map for organizations wishing to migrate to a zero trust design approach and discusses relevant federal policies that may impact or influence a zero trust architecture.,1,Introduction,32,Claim,Claim,0.9953,0.9953,0.0027,0.0019,12,,False,False
SP207-U00014,"ZT is not a single architecture but a set of guiding principles for workflow, system design and operations that can be used to improve the security posture of any classification or sensitivity level .",1,Introduction,34,Claim,Claim,0.9956,0.9956,0.0024,0.002,13,,False,False
SP207-U00015,Transitioning to ZTA is a journey concerning how an organization evaluates risk in its mission and cannot simply be accomplished with a wholesale replacement of technology.,1,Introduction,26,Claim,Claim,0.9953,0.9953,0.0034,0.0013,14,,False,False
SP207-U00016,"That said, many organizations already have elements of a ZTA in their enterprise infrastructure today.",1,Introduction,15,Claim,Claim,0.9941,0.9941,0.003,0.0029,15,,False,False
SP207-U00017,"Organizations should seek to incrementally implement zero trust principles, process changes, and technology solutions that protect their data assets and business functions by use case.",1,Introduction,25,Claim,Claim,0.9956,0.9956,0.0019,0.0025,16,,False,False
SP207-U00018,Most enterprise infrastructures will operate in a hybrid zero trust/perimeter-based mode while continuing to invest in IT modernization initiatives and improve organization business processes.,1,Introduction,24,Claim,Claim,0.9945,0.9945,0.0014,0.0041,17,,False,False
SP207-U00019,Organizations need to implement comprehensive information security and resiliency practices for zero trust to be effective.,1,Introduction,16,Claim,Claim,0.9951,0.9951,0.0029,0.002,18,,False,False
SP207-U00020,"When balanced with existing cybersecurity policies and guidance, identity and access management, continuous monitoring, and best practices, a ZTA can protect",1,Introduction,21,Claim,Claim,0.9957,0.9957,0.0015,0.0029,19,,False,False
SP207-U00021,against common threats and improve an organization’s security posture by using a managed risk approach.,1,Introduction,15,Claim,Claim,0.9955,0.9955,0.0019,0.0026,20,,False,False
SP207-U00022,The concept of zero trust has been present in cybersecurity since before the term “zero trust” was coined.,1.1,History of Zero Trust Efforts Related to Federal Agencies,18,Claim,Claim,0.9836,0.9836,0.0142,0.0022,0,,False,True
SP207-U00023,The Defense Information Systems Agency (DISA) and the Department of Defense published their work on a more secure enterprise strategy dubbed “black core” .,1.1,History of Zero Trust Efforts Related to Federal Agencies,24,Evidence,Evidence,0.8753,0.1217,0.003,0.8753,1,0,False,False
SP207-U00024,Black core involved moving from a perimeter-based security model to one that focused on the security of individual transactions.,1.1,History of Zero Trust Efforts Related to Federal Agencies,19,Claim,Claim,0.995,0.995,0.0036,0.0014,2,,False,True
SP207-U00025,"The work of the Jericho Forum in 2004 publicized the idea of deperimeterization—limiting implicit trust based on network location and the limitations of relying on single, static defenses over a large network segment .",1.1,History of Zero Trust Efforts Related to Federal Agencies,34,Evidence,Evidence,0.9706,0.0249,0.0044,0.9706,3,2,False,False
SP207-U00026,"perimeterization evolved and improved into the larger concept of zero trust, which was later coined by John Kindervag 1 while at Forrester.",1.1,History of Zero Trust Efforts Related to Federal Agencies,22,Claim,Claim,0.9368,0.9368,0.0049,0.0583,4,,False,False
SP207-U00027,2 Zero trust then became the term used to describe various cybersecurity solutions that moved security away from implied trust based on network location and instead focused on evaluating trust on a per-transaction basis.,1.1,History of Zero Trust Efforts Related to Federal Agencies,34,Claim,Claim,0.995,0.995,0.0033,0.0017,5,,False,False
SP207-U00028,Both private industry and higher education have also undergone this evolution from perimeter-based security to a security strategy based on zero trust principles.,1.1,History of Zero Trust Efforts Related to Federal Agencies,23,Claim,Claim,0.9849,0.9849,0.0044,0.0106,6,,False,True
SP207-U00029,"Federal agencies have been urged to move to security based on zero trust principles for more than a decade, building capabilities and policies such as the Federal Information Security Modernization Act (FISMA) followed by the Risk Management Framework (RMF); Federal Identity, Credential, and Access Management (FICAM); Trusted Internet Connections (TIC); and Continuous Diagnostics and Mitigation (CDM) programs.",1.1,History of Zero Trust Efforts Related to Federal Agencies,57,Evidence,Evidence,0.9861,0.0125,0.0014,0.9861,7,6,False,False
SP207-U00030,All of these programs aim to restrict data and resource access to authorized parties.,1.1,History of Zero Trust Efforts Related to Federal Agencies,14,Claim,Claim,0.9938,0.9938,0.0014,0.0049,8,,False,False
SP207-U00031,"When these programs were started, they were limited by the technical capabilities of information systems.",1.1,History of Zero Trust Efforts Related to Federal Agencies,15,Claim,Claim,0.9935,0.9935,0.0017,0.0048,9,,False,False
SP207-U00032,Security policies were largely static and were enforced at large “choke points” that an enterprise could control to get the largest effect for the effort.,1.1,History of Zero Trust Efforts Related to Federal Agencies,25,Claim,Claim,0.9962,0.9962,0.0019,0.0019,10,,False,False
SP207-U00033,"As technology matures, it is becoming possible to continually analyze and evaluate access requests in a dynamic and granular fashion to a “need to access” basis to mitigate data exposure due to compromised accounts, attackers monitoring a network, and other threats.",1.1,History of Zero Trust Efforts Related to Federal Agencies,41,Claim,Claim,0.9956,0.9956,0.0017,0.0026,11,,False,False
SP207-U00034,"Many definitions and discussions of ZT stress the concept of removing wide-area perimeter defenses (e.g., enterprise firewalls) as a factor.",2.1,Tenets of Zero Trust,20,Evidence,Evidence,0.9822,0.0146,0.0033,0.9822,0,2,False,False
SP207-U00035,"However, most of these definitions continue to define themselves in relation to perimeters in some way (such as micro-segmentation or microperimeters; see Section 3.1) as part of the functional capabilities of a ZTA.",2.1,Tenets of Zero Trust,33,Evidence,Evidence,0.9864,0.0113,0.0023,0.9864,1,2,False,False
SP207-U00036,The following is an attempt to define ZT and ZTA in terms of basic tenets that should be involved rather than what is excluded.,2.1,Tenets of Zero Trust,24,Claim,Claim,0.9938,0.9938,0.0028,0.0034,2,,False,True
SP207-U00037,"These tenets are the ideal goal, though it must be acknowledged that not all tenets may be fully implemented in their purest form for a given strategy.",2.1,Tenets of Zero Trust,27,Claim,Claim,0.9943,0.9943,0.003,0.0027,3,,False,False
SP207-U00038,These rules and attributes are based on the needs of the business process and acceptable level of risk.,2.1,Tenets of Zero Trust,18,Claim,Claim,0.9948,0.9948,0.0019,0.0034,4,,False,False
SP207-U00039,Resource access and action permission policies can vary based on the sensitivity of the resource/data.,2.1,Tenets of Zero Trust,15,Claim,Claim,0.9946,0.9946,0.0015,0.0039,5,,False,False
SP207-U00040,Least privilege principles are applied to restrict both visibility and accessibility.,2.1,Tenets of Zero Trust,11,Claim,Claim,0.9946,0.9946,0.0017,0.0038,6,,False,False
SP207-U00041,The enterprise monitors and measures the integrity and security posture of all,2.1,Tenets of Zero Trust,12,Claim,Claim,0.9952,0.9952,0.0014,0.0034,7,,False,False
SP207-U00042,All resource authentication and authorization are dynamic and strictly enforced,2.1,Tenets of Zero Trust,10,Claim,Claim,0.9939,0.9939,0.0017,0.0044,8,,False,False
SP207-U00043,The enterprise collects as much information as possible about the current state of,2.1,Tenets of Zero Trust,13,Claim,Claim,0.9932,0.9932,0.0023,0.0044,9,,False,False
SP207-U00044,The above tenets attempt to be technology agnostic.,2.1,Tenets of Zero Trust,8,Claim,Claim,0.9909,0.9909,0.003,0.0062,10,,False,True
SP207-U00045,"For example, “user identification (ID)” could include several factors such as username/password, certificates, and onetime password.",2.1,Tenets of Zero Trust,16,Evidence,Evidence,0.9917,0.0069,0.0014,0.9917,11,10,False,False
SP207-U00046,These tenets apply to work done within an organization or in collaboration with one or more partner organizations and not to anonymous public or consumer-facing business processes.,2.1,Tenets of Zero Trust,27,Claim,Claim,0.9929,0.9929,0.005,0.002,12,,False,True
SP207-U00047,"An organization cannot impose internal policies on external actors (e.g., customers or general internet users) but may be able to implement some ZT-based policies on nonenterprise users who have a special relationship with the organization (e.g.",2.1,Tenets of Zero Trust,36,Evidence,Evidence,0.9657,0.0321,0.0022,0.9657,13,12,False,False
SP207-U00048,There are some basic assumptions for network connectivity for any organization that utilizes ZTA in network planning and deployment.,2.2,A Zero Trust View of a Network,19,Claim,Claim,0.9952,0.9952,0.0012,0.0036,0,,False,True
SP207-U00049,"Some of these assumptions apply to enterprise-owned network infrastructure, and some apply to enterprise-owned resources operating on nonenterprise-owned network infrastructure (e.g., public Wi-Fi or public cloud providers).",2.2,A Zero Trust View of a Network,27,Evidence,Evidence,0.9913,0.0072,0.0015,0.9913,1,0,False,False
SP207-U00050,These assumptions are used to direct the formation of a ZTA.,2.2,A Zero Trust View of a Network,11,Claim,Claim,0.9952,0.9952,0.0022,0.0026,2,,False,False
SP207-U00051,The network in an enterprise implementing a ZTA should be developed with the ZTA tenets outlined above and with the following assumptions.,2.2,A Zero Trust View of a Network,22,Claim,Claim,0.9943,0.9943,0.0038,0.002,3,,False,False
SP207-U00052,There are numerous logical components that make up a ZTA deployment in an enterprise.,2.2,A Zero Trust View of a Network,14,Claim,Claim,0.9949,0.9949,0.0022,0.003,4,,False,False
SP207-U00053,These components may be operated as an on-premises service or through a cloud-based service.,2.2,A Zero Trust View of a Network,14,Claim,Claim,0.9898,0.9898,0.0078,0.0024,5,,False,False
SP207-U00054,The conceptual framework model in Figure 2 shows the basic relationship between the components and their interactions.,2.2,A Zero Trust View of a Network,17,Claim,Claim,0.6685,0.6685,0.006,0.3255,6,,False,False
SP207-U00055,Note that this is an ideal model showing logical components and their interactions.,2.2,A Zero Trust View of a Network,13,Claim,Claim,0.9864,0.9864,0.0025,0.0112,7,,False,False
SP207-U00056,"From Figure 1, the policy decision point (PDP) is broken down into two logical components: the policy engine and policy administrator (defined below).",2.2,A Zero Trust View of a Network,23,Claim,Claim,0.9826,0.9826,0.0062,0.0113,8,,False,False
SP207-U00057,"The ZTA logical components use a separate control plane to communicate, while application data is communicated on a data plane (see Section 3.4).",2.2,A Zero Trust View of a Network,23,Claim,Claim,0.9914,0.9914,0.002,0.0065,9,,False,False
SP207-U00058,• Policy engine (PE): This component is responsible for the ultimate decision to grant,2.2,A Zero Trust View of a Network,14,Claim,Claim,0.9791,0.9791,0.0193,0.0017,10,,False,False
SP207-U00059,• Policy administrator (PA): This component is responsible for establishing and/or,2.2,A Zero Trust View of a Network,11,Claim,Claim,0.9705,0.9705,0.0271,0.0024,11,,False,False
SP207-U00060,The PA communicates with the PEP when creating the communication path.,2.2,A Zero Trust View of a Network,11,Claim,Claim,0.9931,0.9931,0.0018,0.0051,12,,False,False
SP207-U00061,This communication is done via the control plane.,2.2,A Zero Trust View of a Network,8,Claim,Claim,0.9916,0.9916,0.0025,0.0059,13,,False,False
SP207-U00062,"• Policy enforcement point (PEP): This system is responsible for enabling, monitoring, and eventually terminating connections between a subject and an enterprise resource.",2.2,A Zero Trust View of a Network,23,Claim,Claim,0.9955,0.9955,0.0025,0.002,14,,False,False
SP207-U00063,The PEP communicates with the PA to forward requests and/or receive policy updates from the PA.,2.2,A Zero Trust View of a Network,16,Claim,Claim,0.9925,0.9925,0.0029,0.0046,15,,False,True
SP207-U00064,"This is a single logical component in ZTA but may be broken into two different components: the client (e.g., agent on a laptop) and resource side (e.g., gateway component in front of resource that controls access) or a single portal component that acts as a gatekeeper for communication paths.",2.2,A Zero Trust View of a Network,49,Evidence,Evidence,0.9746,0.0241,0.0013,0.9746,16,15,False,False
SP207-U00065,Beyond the PEP is the trust zone (see Section 2) hosting the enterprise resource.,2.2,A Zero Trust View of a Network,14,Claim,Claim,0.9951,0.9951,0.0031,0.0018,17,,False,False
SP207-U00066,"In addition to the core components in an enterprise implementing a ZTA, several data sources",2.2,A Zero Trust View of a Network,15,Claim,Claim,0.9899,0.9899,0.0013,0.0088,18,,False,False
SP207-U00067,provide input and policy rules used by the policy engine when making access decisions.,2.2,A Zero Trust View of a Network,14,Claim,Claim,0.9948,0.9948,0.0027,0.0025,19,,False,False
SP207-U00068,"These include local data sources as well as external (i.e., nonenterprise-controlled or -created) data sources.",2.2,A Zero Trust View of a Network,15,Claim,Claim,0.9827,0.9827,0.0012,0.016,20,,False,False
SP207-U00069,• Continuous diagnostics and mitigation (CDM) system: This gathers information about the enterprise asset’s current state and applies updates to configuration and software components.,2.2,A Zero Trust View of a Network,24,Claim,Claim,0.9926,0.9926,0.001,0.0063,21,,False,True
SP207-U00070,"An enterprise CDM system provides the policy engine with the information about the asset making an access request, such as whether it is running the appropriate patched operating system (OS), the integrity of enterprise-approved software components or presence of non-approved components and whether the asset has any known vulnerabilities.",2.2,A Zero Trust View of a Network,49,Evidence,Evidence,0.976,0.0223,0.0017,0.976,22,21,False,False
SP207-U00071,CDM systems are also responsible for identifying and potentially enforcing a subset of polices on nonenterprise devices active on enterprise infrastructure.,2.2,A Zero Trust View of a Network,21,Claim,Claim,0.9957,0.9957,0.0015,0.0028,23,,False,True
SP207-U00072,"• Industry compliance system: This ensures that the enterprise remains compliant with any regulatory regime that it may fall under (e.g., FISMA, healthcare or financial industry information security requirements).",2.2,A Zero Trust View of a Network,29,Evidence,Evidence,0.9758,0.023,0.0012,0.9758,24,23,False,False
SP207-U00073,This includes all the policy rules that an enterprise develops to ensure compliance.,2.2,A Zero Trust View of a Network,13,Claim,Claim,0.9955,0.9955,0.0022,0.0023,25,,False,False
SP207-U00074,• Threat intelligence feed(s): This provides information from internal or external sources that help the policy engine make access decisions.,2.2,A Zero Trust View of a Network,20,Claim,Claim,0.9956,0.9956,0.0023,0.0021,26,,False,False
SP207-U00075,These could be multiple services that take data from internal and/or multiple external sources and provide information about newly discovered attacks or vulnerabilities.,2.2,A Zero Trust View of a Network,23,Claim,Claim,0.9827,0.9827,0.0007,0.0166,27,,False,False
SP207-U00076,"This also includes newly discovered flaws in software, newly identified malware, and reported attacks to other assets that the policy engine will want to deny access to from enterprise assets.",2.2,A Zero Trust View of a Network,30,Claim,Claim,0.995,0.995,0.001,0.004,28,,False,False
SP207-U00077,"• Network and system activity logs: This enterprise system aggregates asset logs, network traffic, resource access actions, and other events that provide real-time (or nearreal-time) feedback on the security posture of enterprise information systems.",2.2,A Zero Trust View of a Network,34,Claim,Claim,0.9536,0.9536,0.0008,0.0456,29,,False,False
SP207-U00078,"• Data access policies: These are the attributes, rules, and policies about access to enterprise resources.",2.2,A Zero Trust View of a Network,16,Claim,Claim,0.9946,0.9946,0.0017,0.0037,30,,False,False
SP207-U00079,This set of rules could be encoded in (via management interface) or dynamically generated by the policy engine.,2.2,A Zero Trust View of a Network,18,Claim,Claim,0.9948,0.9948,0.0035,0.0017,31,,False,False
SP207-U00080,These policies are the starting point for authorizing access to a resource as they provide the basic access privileges for accounts and applications/services in the enterprise.,2.2,A Zero Trust View of a Network,26,Claim,Claim,0.9849,0.9849,0.0008,0.0142,32,,False,False
SP207-U00081,These policies should be based on the defined mission roles and needs of the organization.,2.2,A Zero Trust View of a Network,15,Claim,Claim,0.9921,0.9921,0.0064,0.0015,33,,False,False
SP207-U00082,There are several ways that an enterprise can enact a ZTA for workflows.,2.2,A Zero Trust View of a Network,13,Claim,Claim,0.9948,0.9948,0.0028,0.0024,34,,False,False
SP207-U00083,These approaches vary in the components used and in the main source of policy rules for an organization.,2.2,A Zero Trust View of a Network,18,Claim,Claim,0.9746,0.9746,0.0244,0.001,35,,False,False
SP207-U00084,Each approach implements all the tenets of ZT (see Section 2.1) but may use one or two (or one component) as the main driver of policies.,2.2,A Zero Trust View of a Network,26,Claim,Claim,0.7171,0.7171,0.2812,0.0017,36,,False,False
SP207-U00085,A full ZT solution will include elements of all three approaches.,2.2,A Zero Trust View of a Network,11,Claim,Claim,0.9911,0.9911,0.007,0.0019,37,,False,False
SP207-U00086,"The approaches include enhanced identity governance–driven, logical microsegmentation, and network-based segmentation.",2.2,A Zero Trust View of a Network,11,Claim,Claim,0.9931,0.9931,0.0026,0.0042,38,,False,False
SP207-U00087,Certain approaches lend themselves to some use cases more than others.,2.2,A Zero Trust View of a Network,11,Claim,Claim,0.9419,0.9419,0.0566,0.0015,39,,False,False
SP207-U00088,An organization looking to develop a ZTA for its enterprise may find that its chosen use case and existing policies point to one approach over others.,2.2,A Zero Trust View of a Network,26,Claim,Claim,0.9873,0.9873,0.0114,0.0013,40,,False,False
SP207-U00089,That does not mean the other approaches would not work but rather that other approaches may be more difficult to implement and may require more fundamental changes to how the enterprise currently conducts business flows.,2.2,A Zero Trust View of a Network,35,Claim,Argument,0.9744,0.0249,0.9744,0.0007,41,,False,False
SP207-U00090,The enhanced identity governance approach to developing a ZTA uses the identity of actors as the key component of policy creation.,3.1.1,ZTA Using Enhanced Identity Governance,21,Claim,Claim,0.9905,0.9905,0.0083,0.0011,0,,False,False
SP207-U00091,"If it were not for subjects requesting access to enterprise resources, there would be no need to create access polices.",3.1.1,ZTA Using Enhanced Identity Governance,20,Claim,Claim,0.995,0.995,0.0026,0.0025,1,,False,False
SP207-U00092,"For this approach, enterprise resource access policies are based on identity and assigned attributes.",3.1.1,ZTA Using Enhanced Identity Governance,14,Claim,Claim,0.9953,0.9953,0.002,0.0027,2,,False,False
SP207-U00093,The primary requirement for resource access is based on the access privileges granted to the given subject.,3.1.1,ZTA Using Enhanced Identity Governance,17,Claim,Claim,0.9902,0.9902,0.0013,0.0085,3,,False,True
SP207-U00094,"Other factors such as device used, asset status, and environmental factors may alter the final confidence level calculation (and ultimate access authorization) or tailor the result in some way, such as granting only partial access to a given data source based on network location.",3.1.1,ZTA Using Enhanced Identity Governance,44,Evidence,Evidence,0.9833,0.0153,0.0015,0.9833,4,3,False,False
SP207-U00095,components protecting the resource must have a way to forward requests to a policy engine service or authenticate the subject and approve the request before granting access.,3.1.1,ZTA Using Enhanced Identity Governance,27,Claim,Claim,0.9925,0.9925,0.0008,0.0067,5,,False,True
SP207-U00096,Enhanced identity governance-based approaches for enterprises are often employed using an open network model or an enterprise network with visitor access or frequent nonenterprise devices on the network (such as with the use case in Section 4.3 below).,3.1.1,ZTA Using Enhanced Identity Governance,38,Evidence,Evidence,0.9888,0.0087,0.0024,0.9888,6,5,False,False
SP207-U00097,Network access is initially granted to all assets but access to enterprise resources are restricted to identities with the appropriate access privileges.,3.1.1,ZTA Using Enhanced Identity Governance,22,Claim,Claim,0.9935,0.9935,0.0014,0.0051,7,,False,False
SP207-U00098,There is a downside in granting basic network connectivity as malicious actors could still attempt network reconnaissance and/or use the network to launch denial of service attacks either internally or against a third party.,3.1.1,ZTA Using Enhanced Identity Governance,34,Claim,Claim,0.9887,0.9887,0.0102,0.0011,8,,False,False
SP207-U00099,Enterprises still need to monitor and respond to such behavior before it impacts workflows.,3.1.1,ZTA Using Enhanced Identity Governance,14,Claim,Claim,0.9953,0.9953,0.003,0.0018,9,,False,False
SP207-U00100,The identity-driven approach works well with the resource portal model (see Section 3.2.3) since device identity and status provide secondary support data to access decisions.,3.1.1,ZTA Using Enhanced Identity Governance,25,Claim,Claim,0.8637,0.8637,0.1348,0.0015,10,,False,False
SP207-U00101,"Other models work as well, depending on policies in place.",3.1.1,ZTA Using Enhanced Identity Governance,10,Claim,Claim,0.9917,0.9917,0.0069,0.0014,11,,False,True
SP207-U00102,Identity-driven approaches also work well for enterprises that use cloud-based applications/services that may not allow for enterprise-owned or -operated ZT security components to be used (such as many SaaS offerings).,3.1.1,ZTA Using Enhanced Identity Governance,30,Evidence,Evidence,0.9903,0.0075,0.0022,0.9903,12,11,False,False
SP207-U00103,The enterprise can use the identity of requestors to form and enforce policy on these platforms.,3.1.1,ZTA Using Enhanced Identity Governance,16,Claim,Claim,0.9917,0.9917,0.0067,0.0015,13,,False,False
SP207-U00104,An enterprise may choose to implement a ZTA based on placing individual or groups of resources on a unique network segment protected by a gateway security component.,3.1.2,ZTA Using Micro-Segmentation,27,Claim,Claim,0.9944,0.9944,0.0011,0.0044,0,,False,True
SP207-U00105,"In this approach, the enterprise places infrastructure devices such as intelligent switches (or routers) or next generation firewalls (NGFWs) or special purpose gateway devices to act as PEPs protecting each resource or small group of related resources.",3.1.2,ZTA Using Micro-Segmentation,37,Evidence,Evidence,0.9886,0.0102,0.0012,0.9886,1,0,False,False
SP207-U00106,"Alternatively (or additionally), the enterprise may choose to implement host-based micro-segmentation using software agents (see Section 3.2.1) or firewalls on the endpoint asset(s), These gateway devices dynamically grant access to individual requests from a client, asset or service.",3.1.2,ZTA Using Micro-Segmentation,38,Claim,Claim,0.9925,0.9925,0.0029,0.0046,2,,False,False
SP207-U00107,"Depending on the model, the gateway may be the sole PEP component or part of a multipart PEP consisting of the gateway and client-side agent (see Section 3.2.1).",3.1.2,ZTA Using Micro-Segmentation,28,Claim,Claim,0.951,0.951,0.0463,0.0028,3,,False,False
SP207-U00108,"This approach applies to a variety of use cases and deployment models as the protecting device acts as the PEP, with management of said devices acting as the PE/PA component.",3.1.2,ZTA Using Micro-Segmentation,30,Claim,Claim,0.9931,0.9931,0.005,0.0019,4,,False,False
SP207-U00109,This approach requires an identity governance program (IGP) to fully function but relies on the gateway components to act as the PEP that shields resources from unauthorized access and/or discovery.,3.1.2,ZTA Using Micro-Segmentation,30,Claim,Claim,0.9951,0.9951,0.0035,0.0014,5,,False,False
SP207-U00110,The key necessity to this approach is that the PEP components are managed and should be able to react and reconfigure as needed to respond to threats or change in the workflow.,3.1.2,ZTA Using Micro-Segmentation,32,Claim,Claim,0.9958,0.9958,0.0025,0.0017,6,,False,False
SP207-U00111,"It is possible to implement some features of a micro-segmented enterprise by using less advanced gateway devices and even stateless firewalls, but the administration cost and difficulty to quickly adapt to changes make this a very poor choice.",3.1.2,ZTA Using Micro-Segmentation,38,Claim,Argument,0.7946,0.2037,0.7946,0.0017,7,,False,False
SP207-U00112,The last approach uses the network infrastructure to implement a ZTA.,3.1.3,ZTA Using Network Infrastructure and Software Defined Perimeters,11,Claim,Claim,0.9949,0.9949,0.0034,0.0017,0,,False,False
SP207-U00113,"The ZTA implementation could be achieved by using an overlay network (i.e., layer 7 but also could be set up lower of the",3.1.3,ZTA Using Network Infrastructure and Software Defined Perimeters,23,Claim,Claim,0.9957,0.9957,0.0017,0.0027,1,,False,False
SP207-U00114,These approaches are sometimes referred to as software defined perimeter (SDP) approaches and frequently include concepts from Software Defined Networks (SDN),3.1.3,ZTA Using Network Infrastructure and Software Defined Perimeters,21,Claim,Argument,0.6282,0.369,0.6282,0.0028,2,,False,False
SP207-U00115,network controller that sets up and reconfigures the network based on the decisions made by the PE.,3.1.3,ZTA Using Network Infrastructure and Software Defined Perimeters,17,Claim,Claim,0.9728,0.9728,0.0009,0.0263,3,,False,False
SP207-U00116,"The clients continue to request access via PEPs, which are managed by the PA component.",3.1.3,ZTA Using Network Infrastructure and Software Defined Perimeters,15,Claim,Claim,0.9932,0.9932,0.0015,0.0053,4,,False,False
SP207-U00117,"When the approach is implemented at the application network layer (i.e., layer 7), the most common deployment model is the agent/gateway (see Section 3.2.1).",3.1.3,ZTA Using Network Infrastructure and Software Defined Perimeters,24,Claim,Argument,0.9036,0.0949,0.9036,0.0015,5,,False,False
SP207-U00118,"In this implementation, the agent and resource gateway (acting as the single PEP and configured by the PA) establish a secure channel used for communication between the client and resource.",3.1.3,ZTA Using Network Infrastructure and Software Defined Perimeters,30,Claim,Claim,0.9057,0.9057,0.0011,0.0933,6,,False,False
SP207-U00119,"There may be other variations of this model, as well for cloud virtual networks, non-IP based networks, etc.",3.1.3,ZTA Using Network Infrastructure and Software Defined Perimeters,18,Claim,Claim,0.6592,0.6592,0.003,0.3378,7,,False,False
SP207-U00120,All of the above components are logical components.,3.2,Deployed Variations of the Abstract Architecture,8,Claim,Claim,0.9925,0.9925,0.003,0.0045,0,,False,False
SP207-U00121,They do not necessarily need to be unique systems.,3.2,Deployed Variations of the Abstract Architecture,9,Claim,Claim,0.9946,0.9946,0.0019,0.0035,1,,False,False
SP207-U00122,"A single asset may perform the duties of multiple logical components, and likewise, a logical component may consist of multiple hardware or software elements to perform the tasks.",3.2,Deployed Variations of the Abstract Architecture,28,Claim,Claim,0.9846,0.9846,0.001,0.0144,2,,False,True
SP207-U00123,"For example, an enterprise-managed PKI may consist of one component responsible for issuing certificates for devices and another used for issuing certificates to end users, but both use intermediate certificates issued from the same enterprise root certificate authority.",3.2,Deployed Variations of the Abstract Architecture,38,Evidence,Evidence,0.9896,0.0089,0.0015,0.9896,3,2,False,False
SP207-U00124,"In some ZT product offerings currently available on the market, the PE and PA components are combined in a single service.",3.2,Deployed Variations of the Abstract Architecture,21,Claim,Claim,0.9851,0.9851,0.0014,0.0135,4,,False,False
SP207-U00125,There are several variations on deployment of selected components of the architecture that are outlined in the sections below.,3.2,Deployed Variations of the Abstract Architecture,19,Claim,Claim,0.9897,0.9897,0.003,0.0073,5,,False,False
SP207-U00126,"Depending on how an enterprise network is set up, multiple ZTA deployment models may be in use for different business processes in one enterprise.",3.2,Deployed Variations of the Abstract Architecture,24,Claim,Claim,0.9954,0.9954,0.0018,0.0029,6,,False,False
SP207-U00127,"In this deployment model, the PEP is divided into two components that reside on the resource or as a component directly in front of a resource.",3.2.1,Device Agent/Gateway-Based Deployment,26,Claim,Claim,0.9911,0.9911,0.0024,0.0065,0,,False,True
SP207-U00128,"For example, each enterprise-issued asset has an installed device agent that coordinates connections, and each resource has a component (i.e., gateway) that is placed directly in front so that the resource communicates only with the gateway, essentially serving as a proxy for the resource.",3.2.1,Device Agent/Gateway-Based Deployment,44,Evidence,Evidence,0.9907,0.0081,0.0012,0.9907,1,0,False,False
SP207-U00129,The agent is a software component that directs some (or all) traffic to the appropriate PEP in order for requests to be evaluated.,3.2.1,Device Agent/Gateway-Based Deployment,23,Claim,Claim,0.9899,0.9899,0.0009,0.0092,2,,False,False
SP207-U00130,The gateway is responsible for communicating with the policy administrator and allowing only approved communication paths configured by the policy administrator (see Figure 3).,3.2.1,Device Agent/Gateway-Based Deployment,24,Claim,Claim,0.9944,0.9944,0.0025,0.0031,3,,False,True
SP207-U00131,"In a typical scenario, a subject with an enterprise-issued laptop wishes to connect to an enterprise resource (e.g., human resources application/database).",3.2.1,Device Agent/Gateway-Based Deployment,21,Evidence,Evidence,0.9878,0.011,0.0011,0.9878,4,3,False,False
SP207-U00132,"The access request is taken by the local agent, and the request is forwarded to the policy administrator.",3.2.1,Device Agent/Gateway-Based Deployment,18,Claim,Claim,0.9937,0.9937,0.0013,0.005,5,,False,False
SP207-U00133,The policy administrator and policy engine could be an enterprise local asset or a cloud-hosted service.,3.2.1,Device Agent/Gateway-Based Deployment,16,Claim,Claim,0.9863,0.9863,0.012,0.0016,6,,False,False
SP207-U00134,The policy administrator forwards the request to the policy engine for evaluation.,3.2.1,Device Agent/Gateway-Based Deployment,12,Claim,Claim,0.9945,0.9945,0.0017,0.0038,7,,False,False
SP207-U00135,"If the request is authorized, the policy administrator configures a communication channel between the device agent and the relevant resource gateway via the control plane.",3.2.1,Device Agent/Gateway-Based Deployment,25,Claim,Claim,0.9947,0.9947,0.0017,0.0035,8,,False,True
SP207-U00136,"This may include information such as an internet protocol (IP) address, port information, session key, or similar security artifacts.",3.2.1,Device Agent/Gateway-Based Deployment,19,Evidence,Evidence,0.986,0.0129,0.0012,0.986,9,8,False,False
SP207-U00137,"The device agent and gateway then connect, and encrypted application/service data flows begin.",3.2.1,Device Agent/Gateway-Based Deployment,13,Claim,Claim,0.9938,0.9938,0.0016,0.0045,10,,False,True
SP207-U00138,"The connection between the device agent and resource gateway is terminated when the workflow is completed or when triggered by the policy administrator due to a security event (e.g., session time-out, failure to reauthenticate).",3.2.1,Device Agent/Gateway-Based Deployment,34,Evidence,Evidence,0.9713,0.0275,0.0012,0.9713,11,10,False,False
SP207-U00139,This model is best utilized for enterprises that have a robust device management program in place as well as discrete resources that can communicate with the gateway.,3.2.1,Device Agent/Gateway-Based Deployment,27,Claim,Claim,0.9929,0.9929,0.0011,0.0061,12,,False,False
SP207-U00140,"For enterprises that heavily utilize cloud services, this is a client-server implementation of the Cloud Security Alliance (CSA) Software Defined Perimeter (SDP) .",3.2.1,Device Agent/Gateway-Based Deployment,23,Claim,Claim,0.9891,0.9891,0.001,0.0099,13,,False,False
SP207-U00141,This model is also appropriate for enterprises that do not want a BYOD policy in place.,3.2.1,Device Agent/Gateway-Based Deployment,16,Claim,Claim,0.9815,0.9815,0.0174,0.001,14,,False,False
SP207-U00142,"Access is possible only via the device agent, which can be placed on enterprise-owned assets.",3.2.1,Device Agent/Gateway-Based Deployment,15,Claim,Claim,0.9941,0.9941,0.004,0.0019,15,,False,False
SP207-U00143,This deployment model is a variation of the device agent/gateway model above.,3.2.2,Enclave-Based Deployment,12,Claim,Claim,0.9912,0.9912,0.0045,0.0043,0,,False,True
SP207-U00144,"In this model, the gateway components may not reside on assets or in front of individual resources but instead reside at the boundary of a resource enclave (e.g., on-location data center) as shown in Figure 4.",3.2.2,Enclave-Based Deployment,36,Evidence,Evidence,0.99,0.0083,0.0016,0.99,1,0,False,False
SP207-U00145,"Usually, these resources serve a single business function or may not be able to communicate directly to a gateway (e.g., legacy database system that does not have an application programming interface that can be used to communicate with a gateway).",3.2.2,Enclave-Based Deployment,40,Evidence,Evidence,0.9749,0.0242,0.001,0.9749,2,0,False,False
SP207-U00146,"This deployment model may also be useful for enterprises that use cloud-based micro-services for a single business processes (e.g., user notification, database lookup, salary disbursement).",3.2.2,Enclave-Based Deployment,25,Evidence,Evidence,0.991,0.0077,0.0013,0.991,3,0,False,False
SP207-U00147,"In this model, the entire private cloud is located behind a gateway.",3.2.2,Enclave-Based Deployment,12,Claim,Claim,0.9824,0.9824,0.0011,0.0165,4,,False,False
SP207-U00148,It is possible for this model to be a hybrid with the device agent/gateway model.,3.2.2,Enclave-Based Deployment,15,Claim,Claim,0.9812,0.9812,0.0168,0.0021,5,,False,False
SP207-U00149,"In this model, enterprise assets have a device agent that is used to connect to enclave gateways, but these connections are created using the same process as the basic device agent/gateway model.",3.2.2,Enclave-Based Deployment,32,Claim,Claim,0.7251,0.7251,0.0012,0.2737,6,,False,False
SP207-U00150,This model is useful for enterprises that have legacy applications or on-premises data centers that cannot have individual gateways in place.,3.2.2,Enclave-Based Deployment,21,Claim,Claim,0.9932,0.9932,0.0024,0.0043,7,,False,False
SP207-U00151,The enterprise needs a robust asset and configuration management program in place to install/configure the device agents.,3.2.2,Enclave-Based Deployment,17,Claim,Claim,0.9935,0.9935,0.0012,0.0052,8,,False,False
SP207-U00152,The downside is that the gateway protects a collection of resources and may not be able to protect each resource individually.,3.2.2,Enclave-Based Deployment,21,Claim,Claim,0.9885,0.9885,0.0013,0.0103,9,,False,False
SP207-U00153,This may also allow for subjects to see resources which they do not have privileges to access.,3.2.2,Enclave-Based Deployment,17,Claim,Claim,0.9906,0.9906,0.0015,0.008,10,,False,False
SP207-U00154,"In this deployment model, the PEP is a single component that acts as a gateway for subject requests.",3.2.3,Resource Portal-Based Deployment,18,Claim,Claim,0.9875,0.9875,0.0015,0.011,0,,False,False
SP207-U00155,The gateway portal can be for an individual resource or a secure enclave for a collection of resources used for a single business function.,3.2.3,Resource Portal-Based Deployment,24,Claim,Claim,0.9937,0.9937,0.0012,0.0051,1,,False,True
SP207-U00156,One example would be a gateway portal into a private cloud or data center containing legacy applications as shown in Figure 5.,3.2.3,Resource Portal-Based Deployment,22,Evidence,Evidence,0.9615,0.0375,0.001,0.9615,2,1,False,False
SP207-U00157,The primary benefit of this model over the others is that a software component does not need to be installed on all client devices.,3.2.3,Resource Portal-Based Deployment,24,Claim,Claim,0.9266,0.9266,0.0707,0.0026,3,,False,False
SP207-U00158,This model is also more flexible for BYOD policies and interorganizational collaboration projects.,3.2.3,Resource Portal-Based Deployment,13,Claim,Claim,0.9939,0.9939,0.0038,0.0023,4,,False,False
SP207-U00159,Enterprise administrators do not need to ensure that each device has the appropriate device agent before use.,3.2.3,Resource Portal-Based Deployment,17,Claim,Claim,0.9952,0.9952,0.0021,0.0027,5,,False,False
SP207-U00160,"However, limited information can be inferred from devices requesting access.",3.2.3,Resource Portal-Based Deployment,10,Claim,Claim,0.993,0.993,0.0015,0.0054,6,,False,False
SP207-U00161,"This model can only scan and analyze assets and devices once they connect to the PEP portal and may not be able to continuously monitor them for malware, unpatched vulnerabilities, and appropriate configuration.",3.2.3,Resource Portal-Based Deployment,33,Claim,Claim,0.9943,0.9943,0.0011,0.0047,7,,False,False
SP207-U00162,"The main difference with this model is there is no local agent that handles requests, and so the enterprise may not have full visibility or arbitrary control over assets as it can only see/scan them when they connect to a portal.",3.2.3,Resource Portal-Based Deployment,41,Claim,Claim,0.9902,0.9902,0.0084,0.0014,8,,False,True
SP207-U00163,The enterprise may be able to employ measures such as browser isolation to mitigate or compensate.,3.2.3,Resource Portal-Based Deployment,16,Evidence,Evidence,0.9648,0.033,0.0021,0.9648,9,8,False,False
SP207-U00164,These assets may be invisible to the enterprise between these sessions.,3.2.3,Resource Portal-Based Deployment,11,Claim,Claim,0.9944,0.9944,0.0028,0.0028,10,,False,False
SP207-U00165,This model also allows attackers to discover and attempt to access the portal or attempt a denial-of-service (DoS) attack against the portal.,3.2.3,Resource Portal-Based Deployment,22,Claim,Claim,0.813,0.813,0.1855,0.0014,11,,False,False
SP207-U00166,The portal systems should be wellprovisioned to provide availability against a DoS attack or network disruption.,3.2.3,Resource Portal-Based Deployment,16,Claim,Claim,0.9952,0.9952,0.0017,0.0031,12,,False,False
SP207-U00167,Another variation of the agent/gateway deployment model is having vetted applications or processes run compartmentalized on assets.,3.2.4,Device Application Sandboxing,17,Claim,Claim,0.9951,0.9951,0.0025,0.0024,0,,False,False
SP207-U00168,"These compartments could be virtual machines, containers, or some other implementation, but the goal is the same: to protect the application or instances of applications from a possibly compromised host or other applications running on the asset.",3.2.4,Device Application Sandboxing,37,Claim,Claim,0.9383,0.9383,0.0009,0.0608,1,,False,True
SP207-U00169,"In Figure 6, the subject device runs approved, vetted applications in a sandbox.",3.2.4,Device Application Sandboxing,13,Evidence,Evidence,0.7182,0.2802,0.0016,0.7182,2,1,False,False
SP207-U00170,"The applications can communicate with the PEP to request access to resources, but the PEP will refuse requests from other applications on the asset.",3.2.4,Device Application Sandboxing,24,Claim,Claim,0.9856,0.9856,0.001,0.0135,3,,False,False
SP207-U00171,The PEP could be an enterprise local service or a cloud service in this model.,3.2.4,Device Application Sandboxing,15,Claim,Claim,0.9669,0.9669,0.0313,0.0018,4,,False,False
SP207-U00172,The main advantage of this model variant is that individual applications are segmented from the rest of the asset.,3.2.4,Device Application Sandboxing,19,Claim,Claim,0.9938,0.9938,0.0025,0.0037,5,,False,False
SP207-U00173,"If the asset cannot be scanned for vulnerabilities, these individual, sandboxed applications may be protected from a potential malware infection on the host asset.",3.2.4,Device Application Sandboxing,24,Claim,Claim,0.9934,0.9934,0.0009,0.0056,6,,False,False
SP207-U00174,One of the disadvantages of this model is that enterprises must maintain these sandboxed applications for all assets and may not have full visibility into client assets.,3.2.4,Device Application Sandboxing,27,Claim,Claim,0.9937,0.9937,0.0019,0.0044,7,,False,False
SP207-U00175,"The enterprise also needs to make sure each sandboxed application is secure, which may require more effort than simply monitoring devices.",3.2.4,Device Application Sandboxing,21,Claim,Claim,0.996,0.996,0.0015,0.0025,8,,False,False
SP207-U00176,"For an enterprise with a ZTA deployment, the policy engine can be thought of as the brain and the PE’s trust algorithm as its primary thought process.",3.3,Trust Algorithm,27,Claim,Claim,0.9877,0.9877,0.0104,0.0019,0,,False,False
SP207-U00177,The trust algorithm (TA) is the process used by the policy engine to ultimately grant or deny access to a resource.,3.3,Trust Algorithm,21,Claim,Claim,0.9956,0.9956,0.0022,0.0022,1,,False,False
SP207-U00178,"The policy engine takes input from multiple sources (see Section 3): the policy database with observable information about subjects, subject attributes and roles, historical subject behavior patterns, threat intelligence sources, and other metadata sources.",3.3,Trust Algorithm,34,Claim,Claim,0.9791,0.9791,0.0008,0.02,2,,False,False
SP207-U00179,The process can be grouped into broad categories and visualized in Figure 7.,3.3,Trust Algorithm,13,Claim,Claim,0.9831,0.9831,0.0022,0.0147,3,,False,False
SP207-U00180,"In the figure, the inputs can be broken into categories based on what they provide to the trust algorithm.",3.3,Trust Algorithm,19,Claim,Claim,0.716,0.716,0.0015,0.2825,4,,False,False
SP207-U00181,• Access request: This is the actual request from the subject.,3.3,Trust Algorithm,11,Claim,Claim,0.9936,0.9936,0.0022,0.0042,5,,False,False
SP207-U00182,"The resource requested is the primary information used, but information about the requester is also used.",3.3,Trust Algorithm,16,Claim,Claim,0.9932,0.9932,0.0015,0.0053,6,,False,True
SP207-U00183,"This can include OS version, software used (e.g., does the requesting application appear on a list of approved applications?",3.3,Trust Algorithm,19,Evidence,Evidence,0.7677,0.2303,0.0021,0.7677,7,6,False,False
SP207-U00184,"Depending on these factors and the asset security posture, access to assets might be restricted or denied.",3.3,Trust Algorithm,17,Claim,Claim,0.9953,0.9953,0.0023,0.0024,8,,False,False
SP207-U00185,• Subject database: This is the “who” that is requesting access to a resource .,3.3,Trust Algorithm,15,Claim,Claim,0.9771,0.9771,0.001,0.0219,9,,False,False
SP207-U00186,This is the set of subjects (human and processes) of the enterprise or collaborators and a collection of subject attributes/privileges assigned.,3.3,Trust Algorithm,21,Claim,Claim,0.9797,0.9797,0.0012,0.0191,10,,False,True
SP207-U00187,These subjects and attributes form the basis of policies for resource access [NISTIR 7987].,3.3,Trust Algorithm,14,Evidence,Evidence,0.961,0.038,0.001,0.961,11,10,False,False
SP207-U00188,"User identities can include a mix of logical identity (e.g., account ID) and results of authentication checks performed by PEPs.",3.3,Trust Algorithm,20,Evidence,Evidence,0.7135,0.2839,0.0025,0.7135,12,10,False,False
SP207-U00189,Attributes of identity that can be factored into deriving the confidence level include time and geolocation.,3.3,Trust Algorithm,16,Claim,Claim,0.9938,0.9938,0.0012,0.005,13,,False,False
SP207-U00190,"A collection of privileges given to multiple subjects could be thought of as a role, but privileges should be assigned to a subject on an individual basis and not simply because they may fit into a particular role in the organization.",3.3,Trust Algorithm,41,Claim,Claim,0.9955,0.9955,0.0021,0.0024,14,,False,False
SP207-U00191,This collection should be encoded and stored in an ID management system and policy database.,3.3,Trust Algorithm,15,Claim,Claim,0.9956,0.9956,0.002,0.0023,15,,False,False
SP207-U00192,This may also include data about past observed subject behavior in some (TA) variants (see Section 3.3.1).,3.3,Trust Algorithm,17,Claim,Claim,0.9759,0.9759,0.0017,0.0224,16,,False,False
SP207-U00193,"• Asset database (and observable status): This is the database that contains the known status of each enterprise-owned (and possibly known nonenterprise/BYOD) asset (physical and virtual, to some extent).",3.3,Trust Algorithm,29,Claim,Claim,0.9908,0.9908,0.0009,0.0083,17,,False,False
SP207-U00194,"This is compared to the observable status of the asset making the request and can include OS version, software present, and its integrity,",3.3,Trust Algorithm,23,Claim,Claim,0.8655,0.8655,0.001,0.1335,18,,False,False
SP207-U00195,• Resource requirements: This set of policies complements the user ID and attributes,3.3,Trust Algorithm,13,Claim,Claim,0.99,0.99,0.0013,0.0087,19,,False,False
SP207-U00196,• Threat intelligence: This is an information feed or feeds about general threats and active,3.3,Trust Algorithm,15,Claim,Claim,0.9908,0.9908,0.0013,0.0079,20,,False,False
SP207-U00197,The weight of importance for each data source may be a proprietary algorithm or may be configured by the enterprise.,3.3,Trust Algorithm,20,Claim,Claim,0.9956,0.9956,0.0021,0.0022,21,,False,False
SP207-U00198,These weight values can be used to reflect the importance of the data source to an enterprise.,3.3,Trust Algorithm,17,Claim,Claim,0.9953,0.9953,0.0022,0.0025,22,,False,False
SP207-U00199,The final determination is then passed to the PA for execution.,3.3,Trust Algorithm,11,Claim,Claim,0.9878,0.9878,0.0104,0.0018,23,,False,False
SP207-U00200,The PA’s job is to configure the necessary PEPs to enable authorized communication.,3.3,Trust Algorithm,13,Claim,Claim,0.9945,0.9945,0.0024,0.0031,24,,False,False
SP207-U00201,"Depending on how the ZTA is deployed, this may involve sending authentication results and connection configuration information to gateways and agents or resource portals.",3.3,Trust Algorithm,24,Claim,Claim,0.9951,0.9951,0.0014,0.0035,25,,False,False
SP207-U00202,PAs may also place a hold or pause on a communication session to reauthenticate and reauthorize the connection in accordance with policy requirements.,3.3,Trust Algorithm,23,Claim,Claim,0.9937,0.9937,0.0032,0.0031,26,,False,True
SP207-U00203,"The PA is also responsible for issuing the command to terminate the connection based on policy (e.g., after a time-out, when the workflow has been completed, due to a security alert).",3.3,Trust Algorithm,31,Evidence,Evidence,0.6774,0.3209,0.0017,0.6774,27,26,False,False
SP207-U00204,There are different ways to implement a TA.,3.3.1,Trust Algorithm Variations,8,Claim,Claim,0.9946,0.9946,0.0019,0.0035,0,,False,False
SP207-U00205,Different implementers may wish to weigh the above factors differently according to the factors’ perceived importance.,3.3.1,Trust Algorithm Variations,16,Claim,Claim,0.9936,0.9936,0.0044,0.002,1,,False,False
SP207-U00206,There are two other major characteristics that can be used to differentiate TAs.,3.3.1,Trust Algorithm Variations,13,Claim,Claim,0.9934,0.9934,0.0038,0.0028,2,,False,False
SP207-U00207,"The first is how the factors are evaluated, whether as binary decisions or weighted parts of a whole “score” or confidence level.",3.3.1,Trust Algorithm Variations,22,Claim,Claim,0.9959,0.9959,0.0021,0.002,3,,False,False
SP207-U00208,"The second is how requests are evaluated in relation to other requests by the same subject, application/service, or device.",3.3.1,Trust Algorithm Variations,19,Claim,Claim,0.9949,0.9949,0.0018,0.0033,4,,False,False
SP207-U00209,• Criteriaversus score-based: A criteria-based TA assumes a set of qualified attributes,3.3.1,Trust Algorithm Variations,12,Claim,Claim,0.9413,0.9413,0.0572,0.0016,5,,False,True
SP207-U00210,"Otherwise, the request is denied, or access privileges are reduced (e.g., read access is granted but not write access for a file).",3.3.1,Trust Algorithm Variations,22,Evidence,Evidence,0.9257,0.0727,0.0016,0.9257,6,5,False,False
SP207-U00211,• Singular versus contextual: A singular TA treats each request individually and does not take the subject history into consideration when making its evaluation.,3.3.1,Trust Algorithm Variations,24,Claim,Claim,0.9936,0.9936,0.0041,0.0023,7,,False,False
SP207-U00212,"This can allow faster evaluations, but there is a risk that an attack can go undetected if it stays within a subject’s allowed role.",3.3.1,Trust Algorithm Variations,24,Claim,Claim,0.9958,0.9958,0.0024,0.0019,8,,False,False
SP207-U00213,A contextual TA takes the subject or network agent’s recent history into consideration when evaluating access requests.,3.3.1,Trust Algorithm Variations,17,Claim,Claim,0.995,0.995,0.0017,0.0033,9,,False,False
SP207-U00214,This means the PE must maintain some state information on all subjects and applications but may be more likely to detect an attacker using subverted credentials to access information in a pattern that is atypical of what the PE sees for the given subject.,3.3.1,Trust Algorithm Variations,44,Claim,Claim,0.9959,0.9959,0.0016,0.0025,10,,False,False
SP207-U00215,This also means that the PE must be informed of user behavior by the PA (and PEPs) that subjects interact with when communicating.,3.3.1,Trust Algorithm Variations,23,Claim,Claim,0.9958,0.9958,0.0022,0.002,11,,False,False
SP207-U00216,Analysis of subject behavior can be used to provide a model of,3.3.1,Trust Algorithm Variations,12,Claim,Claim,0.9842,0.9842,0.0145,0.0013,12,,False,False
SP207-U00217,"acceptable use, and deviations from this behavior could trigger additional authentication checks or resource request denials.",3.3.1,Trust Algorithm Variations,16,Claim,Claim,0.9949,0.9949,0.0024,0.0027,13,,False,False
SP207-U00218,The two factors are not always dependent on each other.,3.3.1,Trust Algorithm Variations,10,Claim,Claim,0.9936,0.9936,0.0014,0.005,14,,False,False
SP207-U00219,"It is possible to have a TA that assigns a confidence level to every subject and/or device and still considers every access request independently (i.e., singular).",3.3.1,Trust Algorithm Variations,26,Claim,Claim,0.9949,0.9949,0.0023,0.0027,15,,False,False
SP207-U00220,"However, contextual, score-based TAs would provide the ability to offer more dynamic and granular access control, since the score provides a current confidence level for the requesting account and adapts to changing factors more quickly than static policies modified by human administrators.",3.3.1,Trust Algorithm Variations,42,Claim,Claim,0.9941,0.9941,0.0043,0.0015,16,,False,False
SP207-U00221,"Ideally, a ZTA trust algorithm should be contextual, but this may not always be possible with the infrastructure components available to the enterprise.",3.3.1,Trust Algorithm Variations,23,Claim,Claim,0.995,0.995,0.0022,0.0028,17,,False,False
SP207-U00222,A contextual TA can mitigate threats where an attacker stays close to a “normal” set of access requests for a compromised subject account or insider attack.,3.3.1,Trust Algorithm Variations,26,Claim,Claim,0.996,0.996,0.0023,0.0018,18,,False,False
SP207-U00223,"It is important to balance security, usability, and cost-effectiveness when defining and implementing trust algorithms.",3.3.1,Trust Algorithm Variations,15,Claim,Claim,0.9959,0.9959,0.0014,0.0027,19,,False,False
SP207-U00224,Continually prompting a subject for reauthentication against behavior that is consistent with historical trends and norms for their mission function and role within the organization can lead to usability issues.,3.3.1,Trust Algorithm Variations,30,Claim,Claim,0.9951,0.9951,0.0014,0.0035,20,,False,True
SP207-U00225,"For example, if an employee in the HR department of an agency normally accesses 20 to 30 employee records in a typical workday, a contextual TA may send an alert if the access requests suddenly exceed 100 records in a day.",3.3.1,Trust Algorithm Variations,41,Evidence,Evidence,0.9821,0.016,0.0019,0.9821,21,20,False,False
SP207-U00226,A contextual TA may also send an alert if someone is making access requests after normal business hours as this could be an attacker exfiltrating records by using a compromised HR account.,3.3.1,Trust Algorithm Variations,32,Claim,Claim,0.9945,0.9945,0.0023,0.0031,22,,False,False
SP207-U00227,These are examples where a contextual TA can detect an attack whereas a singular TA may fail to detect the new behavior.,3.3.1,Trust Algorithm Variations,22,Claim,Claim,0.9943,0.9943,0.0022,0.0035,23,,False,False
SP207-U00228,"In another example, an accountant who typically accesses the financial system during normal business hours is now trying to access the system in the middle of the night from an unrecognizable location.",3.3.1,Trust Algorithm Variations,32,Claim,Claim,0.9703,0.9703,0.0039,0.0258,24,,False,False
SP207-U00229,A contextual TA may trigger an alert and require the subject to satisfy a more stringent confidence level or other criteria as outlined in NIST Special Publication 800-63A .,3.3.1,Trust Algorithm Variations,29,Claim,Claim,0.9303,0.9303,0.0014,0.0683,25,,False,False
SP207-U00230,Developing a set of criteria or weights/threshold values for each resource requires planning and testing.,3.3.1,Trust Algorithm Variations,15,Claim,Claim,0.9912,0.9912,0.001,0.0077,26,,False,False
SP207-U00231,Enterprise administrators may encounter issues during the initial implementation of ZTA where access requests that should be approved are denied due to misconfiguration.,3.3.1,Trust Algorithm Variations,23,Claim,Claim,0.9936,0.9936,0.0013,0.0051,27,,False,False
SP207-U00232,This will result in an initial “tuning” phase of deployment.,3.3.1,Trust Algorithm Variations,10,Claim,Claim,0.9937,0.9937,0.0015,0.0048,28,,False,False
SP207-U00233,Criteria or scoring weights may need to be adjusted to ensure that the policies are enforced while still allowing the enterprise’s business processes to function.,3.3.1,Trust Algorithm Variations,25,Claim,Claim,0.9954,0.9954,0.0025,0.0021,29,,False,False
SP207-U00234,How long this tuning phase lasts depends on the enterprise-defined metrics,3.3.1,Trust Algorithm Variations,11,Claim,Claim,0.9877,0.9877,0.0108,0.0015,30,,False,False
SP207-U00235,for progress and tolerance for incorrect access denials/approvals for the resources used in the workflow.,3.3.1,Trust Algorithm Variations,15,Claim,Claim,0.968,0.968,0.0008,0.0312,31,,False,False
SP207-U00236,"In a ZT environment, there should be a separation (logical or possibly physical) of the communication flows used to control and configure the network and application/service communication flows used to perform the actual work of the organization.",3.4,Network/Environment Components,37,Claim,Claim,0.995,0.995,0.0014,0.0037,0,,False,True
SP207-U00237,This is often broken down to a control plane for network control communication and a data plane for application/service communication flows [Gilman].,3.4,Network/Environment Components,22,Evidence,Evidence,0.9881,0.0104,0.0016,0.9881,1,0,False,False
SP207-U00238,"The control plane is used by various infrastructure components (both enterprise-owned and from service providers) to maintain and configure assets; judge, grant, or deny access to resources; and",3.4,Network/Environment Components,28,Claim,Claim,0.9923,0.9923,0.001,0.0067,2,,False,False
SP207-U00239,perform any necessary operations to set up communication paths between resources.,3.4,Network/Environment Components,11,Claim,Claim,0.9806,0.9806,0.0011,0.0183,3,,False,False
SP207-U00240,The data plane is used for actual communication between software components.,3.4,Network/Environment Components,11,Claim,Claim,0.993,0.993,0.0011,0.0059,4,,False,False
SP207-U00241,This communication channel may not be possible before the path has been established via the control plane.,3.4,Network/Environment Components,17,Claim,Claim,0.9947,0.9947,0.003,0.0023,5,,False,True
SP207-U00242,"For example, the control plane could be used by the PA and PEP to set up the communication path between the subject and the enterprise resource.",3.4,Network/Environment Components,26,Evidence,Evidence,0.9898,0.0088,0.0014,0.9898,6,5,False,False
SP207-U00243,The application/service workload would then use the data plane path that was established.,3.4,Network/Environment Components,13,Claim,Claim,0.9862,0.9862,0.0011,0.0127,7,,False,False
SP207-U00244,The PEP is the only component that accesses the policy administrator as part of a,3.4.1,Network Requirements to Support ZTA,15,Claim,Claim,0.9946,0.9946,0.0026,0.0028,0,,False,False
SP207-U00245,Remote enterprise assets should be able to access enterprise resources without,3.4.1,Network Requirements to Support ZTA,11,Claim,Claim,0.9947,0.9947,0.0012,0.0041,1,,False,False
SP207-U00246,The infrastructure used to support the ZTA access decision process should be made,3.4.1,Network Requirements to Support ZTA,13,Claim,Claim,0.9935,0.9935,0.0048,0.0016,2,,False,False
SP207-U00247,Enterprise assets may not be able to reach certain PEPs due to policy or observable factors.,3.4.1,Network Requirements to Support ZTA,16,Claim,Claim,0.9929,0.9929,0.0026,0.0045,3,,False,True
SP207-U00248,"For example, there may be a policy stating that mobile assets may not be able to reach certain resources if the requesting asset is located outside of the enterprise’s home country.",3.4.1,Network Requirements to Support ZTA,31,Evidence,Evidence,0.9676,0.0305,0.0019,0.9676,4,3,False,False
SP207-U00249,"These factors could be based on location (geolocation or network location), device type, or other criteria.",3.4.1,Network Requirements to Support ZTA,16,Claim,Claim,0.9906,0.9906,0.0012,0.0081,5,,False,False
SP207-U00250,Any enterprise environment can be designed with zero trust tenets in mind.,3.4.1,Network Requirements to Support ZTA,12,Claim,Claim,0.9959,0.9959,0.0022,0.0019,6,,False,False
SP207-U00251,Most organizations already have some elements of zero trust in their enterprise infrastructure or are on their way through implementation of information security and resiliency policies and best practices.,3.4.1,Network Requirements to Support ZTA,29,Claim,Claim,0.9944,0.9944,0.0014,0.0042,7,,False,True
SP207-U00252,"For instance, ZTA has its roots in organizations that are geographically distributed and/or have a",3.4.1,Network Requirements to Support ZTA,15,Evidence,Evidence,0.9329,0.0651,0.002,0.9329,8,7,False,False
SP207-U00253,"In the use cases below, ZTA is not explicitly indicated since the enterprise likely has both perimeter-based and possibly ZTA infrastructures.",3.4.1,Network Requirements to Support ZTA,21,Claim,Claim,0.9859,0.9859,0.0012,0.0129,9,,False,False
SP207-U00254,"As discussed in Section 7.2, there will likely be a period when ZTA components and perimeter-based network infrastructure are concurrently",3.4.1,Network Requirements to Support ZTA,20,Claim,Claim,0.9927,0.9927,0.0035,0.0039,10,,False,False
SP207-U00255,The most common scenario involves an enterprise with a single headquarters and one or more geographically dispersed locations that are not joined by an enterprise-owned physical network connection (see Figure 8).,4.1,Enterprise with Satellite Facilities,31,Claim,Claim,0.8302,0.8302,0.0036,0.1662,0,,False,False
SP207-U00256,Employees at the remote location may not have a full enterpriseowned local network but still need to access enterprise resources to perform their tasks.,4.1,Enterprise with Satellite Facilities,24,Claim,Claim,0.9924,0.9924,0.0013,0.0064,1,,False,False
SP207-U00257,The enterprise may have a Multiprotocol Label Switch (MPLS) link to the enterprise HQ network but may not have adequate bandwidth for all traffic or may not wish for traffic destined for cloudbased applications/services to traverse through the enterprise HQ network.,4.1,Enterprise with Satellite Facilities,41,Claim,Claim,0.9809,0.9809,0.0011,0.0179,2,,False,False
SP207-U00258,"Likewise, employees may be teleworking or in a remote location and using enterprise-owned or personally-owned devices.",4.1,Enterprise with Satellite Facilities,16,Claim,Claim,0.9943,0.9943,0.0027,0.003,3,,False,True
SP207-U00259,"In such cases, an enterprise may wish to grant access to some resources (e.g., employee calendar, email) but deny access or restrict actions to more sensitive resources (e.g., HR database).",4.1,Enterprise with Satellite Facilities,30,Evidence,Evidence,0.9913,0.0074,0.0014,0.9913,4,3,False,False
SP207-U00260,"In this use case, the PE/PA(s) is often hosted as a cloud service (which usually provides superior availability and would not require remote workers to rely on enterprise infrastructure to access cloud resources) with end assets having an installed agent (see Section 3.2.1) or accessing a resource portal (see Section 3.2.3).",4.1,Enterprise with Satellite Facilities,51,Claim,Claim,0.8952,0.8952,0.0032,0.1016,5,,False,False
SP207-U00261,It may not be most responsive to have the PE/PA(s) hosted on the enterprise local network as remote offices and workers must send all traffic back to the enterprise network to reach applications/services hosted by cloud services.,4.1,Enterprise with Satellite Facilities,37,Claim,Claim,0.9936,0.9936,0.0018,0.0046,6,,False,False
SP207-U00262,One increasingly common use case for deploying a ZTA is an enterprise utilizing multiple cloud providers (see Figure 9).,4.2,Multi-cloud/Cloud-to-Cloud Enterprise,19,Claim,Claim,0.9391,0.9391,0.0207,0.0402,0,,False,True
SP207-U00263,"In this use case, the enterprise has a local network but uses two or more cloud service providers to host applications/services and data.",4.2,Multi-cloud/Cloud-to-Cloud Enterprise,23,Evidence,Evidence,0.947,0.0517,0.0012,0.947,1,0,False,False
SP207-U00264,"Sometimes, the application/service is hosted on a cloud service that is separate from the data source.",4.2,Multi-cloud/Cloud-to-Cloud Enterprise,16,Claim,Claim,0.9929,0.9929,0.0011,0.006,2,,False,False
SP207-U00265,"For performance and ease of management, the application hosted in Cloud Provider A should be able to connect directly to the data source hosted in Cloud Provider B rather than force the application to tunnel back through the enterprise network.",4.2,Multi-cloud/Cloud-to-Cloud Enterprise,40,Claim,Claim,0.995,0.995,0.0015,0.0035,3,,False,False
SP207-U00266,This use case is the server-server implementation of the CSA’s software defined perimeter (SDP) specification .,4.2,Multi-cloud/Cloud-to-Cloud Enterprise,16,Claim,Claim,0.9941,0.9941,0.0024,0.0035,4,,False,False
SP207-U00267,"As enterprises move to more cloud-hosted applications and services, it becomes apparent that relying on the enterprise perimeter for security becomes a liability.",4.2,Multi-cloud/Cloud-to-Cloud Enterprise,23,Claim,Claim,0.6767,0.6767,0.3218,0.0015,5,,False,False
SP207-U00268,"As discussed in Section 2.2, ZT principles take the view that there should be no difference between enterprise-owned and -operated network infrastructure and infrastructure owned and operated by any other service provider.",4.2,Multi-cloud/Cloud-to-Cloud Enterprise,32,Claim,Claim,0.9553,0.9553,0.0422,0.0025,6,,False,False
SP207-U00269,The zero trust approach to multi-cloud use is to place PEPs at the,4.2,Multi-cloud/Cloud-to-Cloud Enterprise,13,Claim,Claim,0.9945,0.9945,0.0037,0.0019,7,,False,False
SP207-U00270,access points of each application/service and data source.,4.2,Multi-cloud/Cloud-to-Cloud Enterprise,8,Claim,Claim,0.9855,0.9855,0.0012,0.0133,8,,False,False
SP207-U00271,The PE and PA may be services located in either cloud or even on a third cloud provider.,4.2,Multi-cloud/Cloud-to-Cloud Enterprise,18,Claim,Claim,0.9915,0.9915,0.0013,0.0072,9,,False,False
SP207-U00272,The client (via a portal or local installed agent) then accesses the PEPs directly.,4.2,Multi-cloud/Cloud-to-Cloud Enterprise,14,Claim,Claim,0.9891,0.9891,0.0012,0.0098,10,,False,False
SP207-U00273,"That way, the enterprise can still manage access to resources even when hosted outside the enterprise.",4.2,Multi-cloud/Cloud-to-Cloud Enterprise,16,Claim,Claim,0.9945,0.9945,0.0037,0.0018,11,,False,False
SP207-U00274,One challenge is that different cloud providers have unique ways of implementing similar functionality.,4.2,Multi-cloud/Cloud-to-Cloud Enterprise,14,Claim,Claim,0.9943,0.9943,0.0028,0.0028,12,,False,False
SP207-U00275,Enterprise architects will need to be aware of the how to implement their enterprise ZTA with each cloud provider they utilize.,4.2,Multi-cloud/Cloud-to-Cloud Enterprise,21,Claim,Claim,0.9939,0.9939,0.0021,0.004,13,,False,False
SP207-U00276,Another common scenario is an enterprise that includes on-site visitors and/or contracted service providers that require limited access to enterprise resources to do their work (see Figure 10).,4.3,Enterprise with Contracted Services and/or Nonemployee Access,28,Claim,Claim,0.9802,0.9802,0.0074,0.0124,0,,False,True
SP207-U00277,"example, an enterprise has its own internal applications/services, databases, and assets.",4.3,Enterprise with Contracted Services and/or Nonemployee Access,11,Evidence,Evidence,0.917,0.082,0.001,0.917,1,0,False,False
SP207-U00278,"These include services contracted out to providers who may occasionally be on-site to provide maintenance (e.g., smart heating and lighting systems that are owned and managed by external providers).",4.3,Enterprise with Contracted Services and/or Nonemployee Access,29,Evidence,Evidence,0.9876,0.0111,0.0012,0.9876,2,0,False,False
SP207-U00279,These visitors and service providers will need network connectivity to perform their tasks.,4.3,Enterprise with Contracted Services and/or Nonemployee Access,13,Claim,Claim,0.9952,0.9952,0.0018,0.0031,3,,False,False
SP207-U00280,A zero trust enterprise could facilitate this by allowing these devices and any visiting service technician access to the internet while obscuring enterprise resources.,4.3,Enterprise with Contracted Services and/or Nonemployee Access,24,Claim,Claim,0.9951,0.9951,0.0035,0.0013,4,,False,False
SP207-U00281,"In this example, the organization also has a conference center where visitors interact with employees.",4.3,Enterprise with Contracted Services and/or Nonemployee Access,15,Claim,Claim,0.5394,0.5394,0.0025,0.4581,5,,False,False
SP207-U00282,"Again, with a ZTA approach of SDPs, employee devices and subjects are differentiated and may be able to access appropriate enterprise resources.",4.3,Enterprise with Contracted Services and/or Nonemployee Access,22,Claim,Claim,0.992,0.992,0.0022,0.0059,6,,False,False
SP207-U00283,Visitors to the campus can have internet access but cannot access enterprise resources.,4.3,Enterprise with Contracted Services and/or Nonemployee Access,13,Claim,Claim,0.9897,0.9897,0.0014,0.0088,7,,False,False
SP207-U00284,"discover enterprise services via network scans (i.e., prevent active network reconnaissance/eastwest movement).",4.3,Enterprise with Contracted Services and/or Nonemployee Access,12,Claim,Claim,0.9924,0.9924,0.0012,0.0064,8,,False,False
SP207-U00285,"In this use case, the PE(s) and PA(s) could be hosted as a cloud service or on the LAN (assuming little or no use of cloud-hosted services).",4.3,Enterprise with Contracted Services and/or Nonemployee Access,27,Claim,Claim,0.8557,0.8557,0.0013,0.143,9,,False,False
SP207-U00286,The enterprise assets could have an installed agent (see Section 3.2.1) or access resources via a portal (see Section 3.2.3).,4.3,Enterprise with Contracted Services and/or Nonemployee Access,20,Claim,Claim,0.9922,0.9922,0.0012,0.0066,10,,False,False
SP207-U00287,The PA(s) ensures that all nonenterprise assets (those that do not have installed agents or cannot connect to a portal) cannot access local resources but may access the internet.,4.3,Enterprise with Contracted Services and/or Nonemployee Access,29,Claim,Claim,0.9926,0.9926,0.0013,0.006,11,,False,False
SP207-U00288,"For example, there is a project involving employees from Enterprise A and Enterprise B (see Figure 11).",4.4,Collaboration Across Enterprise Boundaries,17,Evidence,Evidence,0.9921,0.0066,0.0014,0.9921,0,1,False,False
SP207-U00289,separate federal agencies (G2G) or even a federal agency and a private enterprise (G2B).,4.4,Collaboration Across Enterprise Boundaries,14,Claim,Claim,0.5796,0.5796,0.4177,0.0026,1,,False,True
SP207-U00290,Enterprise A operates the database used for the project but must allow access to the data for certain members of Enterprise B.,4.4,Collaboration Across Enterprise Boundaries,22,Claim,Claim,0.9931,0.9931,0.0011,0.0058,2,,False,False
SP207-U00291,"Enterprise A can set up specialized accounts for the employees of Enterprise B to access the required data and deny access to all other resources, but this can quickly become difficult to manage.",4.4,Collaboration Across Enterprise Boundaries,33,Claim,Claim,0.993,0.993,0.0013,0.0057,3,,False,False
SP207-U00292,Having both organizations enrolled in a federated ID management system would allow quicker establishment of these relationships provided that both organizations’ PEPs can authenticate subjects in a federated ID community.,4.4,Collaboration Across Enterprise Boundaries,30,Claim,Claim,0.9928,0.9928,0.0057,0.0015,4,,False,False
SP207-U00293,"This scenario can be similar to Use Case 1 (Section 4.1) as employees of both enterprises may not be located on their organizations’ network infrastructures, and the resource they need to access may be within one enterprise environment or hosted in the cloud.",4.4,Collaboration Across Enterprise Boundaries,43,Claim,Claim,0.9925,0.9925,0.0018,0.0057,5,,False,False
SP207-U00294,This means that there do not need to be complex firewall rules or enterprise-wide access control lists (ACLs) allowing certain IP addresses belonging to Enterprise B to access resources in Enterprise A based on Enterprise A’s access policies.,4.4,Collaboration Across Enterprise Boundaries,38,Claim,Claim,0.9951,0.9951,0.003,0.0019,6,,False,False
SP207-U00295,How this access is accomplished depends on the technology in use.,4.4,Collaboration Across Enterprise Boundaries,11,Claim,Claim,0.9957,0.9957,0.003,0.0013,7,,False,False
SP207-U00296,"Similar to Use Case 1, a PE and PA hosted as a cloud service may provide availability to all parties without having to establish a VPN or similar.",4.4,Collaboration Across Enterprise Boundaries,28,Claim,Claim,0.9886,0.9886,0.0035,0.0079,8,,False,False
SP207-U00297,The employees of Enterprise B may be asked to install a software agent on their asset or access the necessary data resources through a web gateway (see Section 3.2.3).,4.4,Collaboration Across Enterprise Boundaries,29,Claim,Claim,0.9941,0.9941,0.0024,0.0035,9,,False,False
SP207-U00298,"A common feature in many enterprises is a public-facing service that may or may not include user registration (i.e., users must create or have been issued a set of login credentials).",4.5,Enterprise with Public- or Customer-Facing Services,31,Claim,Claim,0.9935,0.9935,0.0016,0.0049,0,,False,True
SP207-U00299,"Such services could be for the general public, a set of customers with an existing business relationship, or a special set of nonenterprise users such as employee dependents.",4.5,Enterprise with Public- or Customer-Facing Services,28,Evidence,Evidence,0.9848,0.0128,0.0025,0.9848,1,0,False,False
SP207-U00300,"In all cases, it is likely that requesting assets are not enterprise-owned, and the enterprise is constrained as to what internal cybersecurity polices can be enforced.",4.5,Enterprise with Public- or Customer-Facing Services,26,Claim,Claim,0.9937,0.9937,0.0049,0.0014,2,,False,True
SP207-U00301,"For a general, public-facing resource that does not require login credentials to access (e.g., public web page), the tenets of ZTA do not directly apply.",4.5,Enterprise with Public- or Customer-Facing Services,25,Evidence,Evidence,0.8272,0.1703,0.0025,0.8272,3,2,False,False
SP207-U00302,"The enterprise cannot strictly control the state of requesting assets, and anonymous public resources (e.g., a public web page) do not",4.5,Enterprise with Public- or Customer-Facing Services,21,Claim,Claim,0.9524,0.9524,0.0021,0.0456,4,,False,True
SP207-U00303,"Enterprises may establish policies for registered public users such as customers (i.e., those with a business relationship) and special users (e.g., employee dependents).",4.5,Enterprise with Public- or Customer-Facing Services,23,Evidence,Evidence,0.9878,0.01,0.0022,0.9878,5,4,False,False
SP207-U00304,"If the users are required to produce or are issued credentials, the enterprise may institute policies regarding password length, life cycle, and other details and may provide MFA as an option or requirement.",4.5,Enterprise with Public- or Customer-Facing Services,33,Claim,Claim,0.9942,0.9942,0.0018,0.004,6,,False,False
SP207-U00305,"However, enterprises are limited in the policies they can implement for this class of user.",4.5,Enterprise with Public- or Customer-Facing Services,15,Claim,Claim,0.9898,0.9898,0.0089,0.0013,7,,False,False
SP207-U00306,Information about incoming requests may be useful in determining the state of the public service and detecting possible attacks masquerading as legitimate users.,4.5,Enterprise with Public- or Customer-Facing Services,23,Claim,Claim,0.984,0.984,0.0149,0.0011,8,,False,True
SP207-U00307,"For example, a registered user portal is known to be accessed by registered customers using one of a set of common web browsers.",4.5,Enterprise with Public- or Customer-Facing Services,23,Evidence,Evidence,0.988,0.0107,0.0013,0.988,9,8,False,False
SP207-U00308,"A sudden increase in access requests from unknown browser types or known outdated versions could indicate an automated attack of some kind, and the enterprise could take steps to limit requests from these identified clients.",4.5,Enterprise with Public- or Customer-Facing Services,35,Claim,Claim,0.9962,0.9962,0.002,0.0018,10,,False,False
SP207-U00309,The enterprise should also be aware of any statutes or regulations regarding what information can be collected and recorded about the requesting users and assets.,4.5,Enterprise with Public- or Customer-Facing Services,25,Claim,Claim,0.9957,0.9957,0.0016,0.0026,11,,False,False
SP207-U00310,"When complemented with existing cybersecurity policies and guidance, identity and access management, continuous monitoring, and general cyber hygiene, a properly implemented and maintained ZTA can reduce overall risk and protect against common threats.",4.5,Enterprise with Public- or Customer-Facing Services,33,Claim,Claim,0.9959,0.9959,0.0016,0.0026,12,,False,False
SP207-U00311,"However, some threats have unique features when implementing a ZTA.",4.5,Enterprise with Public- or Customer-Facing Services,10,Claim,Claim,0.9957,0.9957,0.0022,0.0021,13,,False,False
SP207-U00312,"In ZTA, the policy engine and policy administrator are the key components of the entire enterprise.",5.1,Subversion of ZTA Decision Process,16,Claim,Claim,0.9848,0.9848,0.0138,0.0015,0,,False,False
SP207-U00313,No communication between enterprise resources occurs unless it is approved and,5.1,Subversion of ZTA Decision Process,11,Claim,Claim,0.9953,0.9953,0.0021,0.0026,1,,False,False
SP207-U00314,This means that these components must be properly configured and maintained.,5.1,Subversion of ZTA Decision Process,11,Claim,Claim,0.9956,0.9956,0.002,0.0024,2,,False,False
SP207-U00315,Any enterprise administrator with configuration access to the PE’s rules may be able to perform unapproved changes or make mistakes that can disrupt enterprise operations.,5.1,Subversion of ZTA Decision Process,25,Claim,Claim,0.996,0.996,0.0024,0.0016,3,,False,True
SP207-U00316,"Likewise, a compromised PA could allow access to resources that would otherwise not be approved (e.g., to a subverted, personally-owned device).",5.1,Subversion of ZTA Decision Process,21,Evidence,Evidence,0.9338,0.0641,0.002,0.9338,4,3,False,False
SP207-U00317,"Mitigating associated risks means the PE and PA components must be properly configured and monitored, and any configuration changes must be logged and subject to audit.",5.1,Subversion of ZTA Decision Process,26,Claim,Claim,0.9964,0.9964,0.0018,0.0019,5,,False,False
SP207-U00318,"In ZTA, the PA is the key component for resource access.",5.2,Denial-of-Service or Network Disruption,11,Claim,Claim,0.9953,0.9953,0.0018,0.0029,0,,False,False
SP207-U00319,"Enterprise resources cannot connect to each other without the PA’s permission and, possibly, configuration action.",5.2,Denial-of-Service or Network Disruption,15,Claim,Claim,0.9956,0.9956,0.0016,0.0029,1,,False,False
SP207-U00320,"If an attacker disrupts or denies access to the PEP(s) or PE/PA (i.e., DoS attack or route hijack), it can adversely impact enterprise operations.",5.2,Denial-of-Service or Network Disruption,24,Claim,Claim,0.9959,0.9959,0.0017,0.0024,2,,False,True
SP207-U00321,Enterprises can mitigate this threat by having the policy enforcement reside in a properly secured cloud environment or be replicated in several locations following guidance on cyber resiliency [SP 800-160v2].,5.2,Denial-of-Service or Network Disruption,30,Evidence,Evidence,0.9801,0.0188,0.0011,0.9801,3,2,False,False
SP207-U00322,This mitigates the risk but does not eliminate it.,5.2,Denial-of-Service or Network Disruption,9,Claim,Claim,0.9838,0.9838,0.0015,0.0147,4,,False,True
SP207-U00323,Botnets such as Mirai produce massive DoS attacks against key internet service providers and disrupt service to millions of internet users.,5.2,Denial-of-Service or Network Disruption,21,Evidence,Evidence,0.9883,0.0101,0.0016,0.9883,5,4,False,False
SP207-U00324,"5 It is also possible that an attacker could intercept and block traffic to a PEP or PA from a portion or all of the user accounts within an enterprise (e.g., a branch office or even a single remote employee).",5.2,Denial-of-Service or Network Disruption,40,Evidence,Evidence,0.9689,0.0295,0.0015,0.9689,6,4,False,False
SP207-U00325,"In such cases, only a portion of enterprise subjects is affected.",5.2,Denial-of-Service or Network Disruption,11,Claim,Claim,0.99,0.99,0.0017,0.0083,7,,False,False
SP207-U00326,This is also possible in legacy remote-access VPNs and is not unique to ZTA.,5.2,Denial-of-Service or Network Disruption,14,Claim,Claim,0.9916,0.9916,0.0013,0.0071,8,,False,False
SP207-U00327,A hosting provider may also accidentally take a cloud-based PE or PA offline.,5.2,Denial-of-Service or Network Disruption,13,Claim,Claim,0.9928,0.9928,0.0021,0.0051,9,,False,False
SP207-U00328,"Cloud services have experienced disruptions in the past, both infrastructure as a service (IaaS) 6 and SaaS.",5.2,Denial-of-Service or Network Disruption,17,Claim,Claim,0.939,0.939,0.0014,0.0596,10,,False,False
SP207-U00329,7 An operational error could prevent an entire enterprise from functioning if the policy engine or policy administrator component becomes inaccessible from the network.,5.2,Denial-of-Service or Network Disruption,24,Claim,Claim,0.9961,0.9961,0.0018,0.0021,11,,False,False
SP207-U00330,"There is also the risk that enterprise resources may not be reachable from the PA, so even if access is granted to a subject, the PA cannot configure the communication path from the network.",5.2,Denial-of-Service or Network Disruption,34,Claim,Claim,0.9952,0.9952,0.0026,0.0022,12,,False,False
SP207-U00331,This could happen due to a DDoS attack or simply due to unexpected heavy usage.,5.2,Denial-of-Service or Network Disruption,15,Claim,Claim,0.9938,0.9938,0.0018,0.0044,13,,False,False
SP207-U00332,This is similar to any other network disruption in that some or all enterprise subjects cannot access a particular resource due to that resource not being available for some reason.,5.2,Denial-of-Service or Network Disruption,30,Claim,Claim,0.9941,0.9941,0.0016,0.0043,14,,False,False
SP207-U00333,"Properly implemented ZT, information security and resiliency policies, and best practices reduce the risk of an attacker gaining broad access via stolen credentials or insider attack.",5.3,Stolen Credentials/Insider Threat,26,Claim,Claim,0.9954,0.9954,0.0024,0.0022,0,,False,False
SP207-U00334,The ZT principle of no implicit trust based on network location means attackers need to compromise an existing account or device to gain a foothold in an enterprise.,5.3,Stolen Credentials/Insider Threat,28,Claim,Claim,0.9926,0.9926,0.0062,0.0012,1,,False,False
SP207-U00335,implemented ZTA should prevent a compromised account or asset from accessing resources outside its normal purview or access patterns.,5.3,Stolen Credentials/Insider Threat,19,Claim,Claim,0.9956,0.9956,0.0015,0.0028,2,,False,False
SP207-U00336,This means that accounts with access policies around resources that an attacker is interested in would be the primary targets for attackers.,5.3,Stolen Credentials/Insider Threat,22,Claim,Claim,0.9963,0.9963,0.0022,0.0015,3,,False,False
SP207-U00337,"Attackers may use phishing, social engineering, or a combination of attacks to obtain credentials of valuable accounts.",5.3,Stolen Credentials/Insider Threat,17,Claim,Claim,0.9926,0.9926,0.0053,0.0021,4,,False,False
SP207-U00338,“Valuable” may mean different things based on the attacker’s motivation.,5.3,Stolen Credentials/Insider Threat,10,Claim,Claim,0.9957,0.9957,0.0027,0.0016,5,,False,True
SP207-U00339,"For instance, enterprise administrator accounts may be valuable, but attackers interested in financial gain may consider accounts that have access to financial or payment resources of equal value.",5.3,Stolen Credentials/Insider Threat,28,Evidence,Evidence,0.9768,0.0211,0.0021,0.9768,6,5,False,False
SP207-U00340,Implementation of MFA for access requests may reduce the risk of information loss from a compromised account.,5.3,Stolen Credentials/Insider Threat,17,Claim,Claim,0.9934,0.9934,0.005,0.0016,7,,False,False
SP207-U00341,"However, an attacker with valid credentials (or a malicious insider) may still be able to access resources for which the account has been granted access.",5.3,Stolen Credentials/Insider Threat,25,Claim,Claim,0.9951,0.9951,0.0024,0.0025,8,,False,True
SP207-U00342,"For example, an attacker or compromised employee who has the credentials and enterprise-owned asset of a valid human resources employee may still be able to access an employee database.",5.3,Stolen Credentials/Insider Threat,29,Evidence,Evidence,0.9534,0.0444,0.0022,0.9534,9,8,False,False
SP207-U00343,ZTA reduces risk and prevents any compromised accounts or assets from moving laterally throughout the network.,5.3,Stolen Credentials/Insider Threat,16,Claim,Claim,0.9952,0.9952,0.0022,0.0026,10,,False,False
SP207-U00344,"If the compromised credentials are not authorized to access a particular resource, they will continue to be denied access to that resource.",5.3,Stolen Credentials/Insider Threat,22,Claim,Claim,0.9959,0.9959,0.0019,0.0022,11,,False,False
SP207-U00345,"In addition, a contextual trust algorithm (see Section 3.3.1) is more likely to detect and respond quickly to this attack than when occurring in a legacy, perimeter-based network.",5.3,Stolen Credentials/Insider Threat,28,Claim,Argument,0.8941,0.105,0.8941,0.0009,12,,False,False
SP207-U00346,The contextual TA can detect access patterns that are out of normal behavior and deny the compromised account or insider threat access to sensitive resources.,5.3,Stolen Credentials/Insider Threat,25,Claim,Claim,0.9953,0.9953,0.0013,0.0034,13,,False,False
SP207-U00347,"As mentioned in Section 3.4.1, all traffic is inspected and logged on the network and analyzed to identify and react to potential attacks against the enterprise.",5.4,Visibility on the Network,26,Claim,Claim,0.9934,0.9934,0.001,0.0056,0,,False,False
SP207-U00348,"However, as also mentioned, some (possibly the majority) of the traffic on the enterprise network may be opaque to layer 3 network analysis tools.",5.4,Visibility on the Network,24,Claim,Claim,0.9839,0.9839,0.001,0.0151,1,,False,True
SP207-U00349,"This traffic may originate from nonenterprise-owned assets (e.g., contracted services that use the enterprise infrastructure to access the internet) or applications/services that are resistant to passive monitoring.",5.4,Visibility on the Network,27,Evidence,Evidence,0.7023,0.2946,0.0031,0.7023,2,1,False,False
SP207-U00350,The enterprise that cannot perform deep packet inspection or examine the encrypted traffic and must use other methods to assess a possible attacker on the network.,5.4,Visibility on the Network,26,Claim,Claim,0.996,0.996,0.0016,0.0023,3,,False,False
SP207-U00351,That does not mean that the enterprise is unable to analyze encrypted traffic that it sees on the network.,5.4,Visibility on the Network,19,Claim,Claim,0.996,0.996,0.0016,0.0023,4,,False,True
SP207-U00352,"The enterprise can collect metadata (e.g., source and destination addresses, etc.)",5.4,Visibility on the Network,11,Evidence,Evidence,0.9749,0.024,0.0011,0.9749,5,4,False,False
SP207-U00353,the encrypted traffic and use that to detect an active attacker or possible malware communicating on the network.,5.4,Visibility on the Network,18,Claim,Claim,0.9916,0.9916,0.001,0.0074,6,,False,True
SP207-U00354,Machine learning techniques [Anderson] can be used to analyze traffic that cannot be decrypted and examined.,5.4,Visibility on the Network,16,Evidence,Evidence,0.9418,0.0572,0.001,0.9418,7,6,False,False
SP207-U00355,Employing this type of machine learning would allow the enterprise to categorize traffic as valid or possibly malicious and subject to remediation.,5.4,Visibility on the Network,22,Claim,Claim,0.9951,0.9951,0.0035,0.0014,8,,False,False
SP207-U00356,A related threat to enterprise monitoring and analysis of network traffic is the analysis component itself.,5.5,Storage of System and Network Information,16,Claim,Claim,0.9956,0.9956,0.0028,0.0015,0,,False,False
SP207-U00357,"If monitor scans, network traffic, and metadata are being stored for building contextual policies, forensics, or later analysis, that data becomes a target for attackers.",5.5,Storage of System and Network Information,25,Claim,Claim,0.9959,0.9959,0.0011,0.003,1,,False,False
SP207-U00358,"Just like network diagrams, configuration files, and other assorted network architecture documents, these resources should be protected.",5.5,Storage of System and Network Information,17,Claim,Claim,0.6073,0.6073,0.0013,0.3914,2,,False,False
SP207-U00359,"If an attacker can successfully gain access to this information,",5.5,Storage of System and Network Information,10,Claim,Claim,0.9904,0.9904,0.0077,0.0019,3,,False,False
SP207-U00360,they may be able to gain insight into the enterprise architecture and identify assets for further reconnaissance and attack.,5.5,Storage of System and Network Information,19,Claim,Claim,0.9903,0.9903,0.0016,0.0081,4,,False,False
SP207-U00361,Another source of reconnaissance information for an attacker in a ZT enterprise is the management tool used to encode access policies.,5.5,Storage of System and Network Information,21,Claim,Claim,0.949,0.949,0.0496,0.0014,5,,False,True
SP207-U00362,"Like stored traffic, this component contains access policies to resources and can give an attacker information on which accounts are most valuable to compromise (e.g., the ones that have access to the desired data resources).",5.5,Storage of System and Network Information,35,Evidence,Evidence,0.9853,0.0134,0.0013,0.9853,6,5,False,False
SP207-U00363,"As for all valuable enterprise data, adequate protections should be in place to prevent unauthorized access and access attempts.",5.5,Storage of System and Network Information,19,Claim,Claim,0.9958,0.9958,0.0019,0.0023,7,,False,False
SP207-U00364,"As these resources are vital to security, they should have the most restrictive access policies and be accessible only from designated or dedicated administrator accounts.",5.5,Storage of System and Network Information,25,Claim,Claim,0.9932,0.9932,0.0009,0.006,8,,False,False
SP207-U00365,"ZTA relies on several different data sources to make access decisions, including information about the requesting subject, asset used, enterprise and external intelligence, and threat analysis.",5.6,Reliance on Proprietary Data Formats or Solutions,26,Claim,Claim,0.9875,0.9875,0.0008,0.0117,0,,False,False
SP207-U00366,"Often, the assets used to store and process this information do not have a common, open standard on how to interact and exchange information.",5.6,Reliance on Proprietary Data Formats or Solutions,24,Claim,Claim,0.9957,0.9957,0.0028,0.0014,1,,False,False
SP207-U00367,This can lead to instances where an enterprise is locked into a subset of providers due to interoperability issues.,5.6,Reliance on Proprietary Data Formats or Solutions,19,Claim,Claim,0.9947,0.9947,0.0017,0.0036,2,,False,True
SP207-U00368,"If one provider has a security issue or disruption, an enterprise may not be able to migrate to a new provider without extreme cost (e.g., replacing several assets) or going through a long transition program (e.g., translating policy rules from one proprietary format to another).",5.6,Reliance on Proprietary Data Formats or Solutions,45,Evidence,Evidence,0.963,0.0348,0.0022,0.963,3,2,False,False
SP207-U00369,"Like DoS attacks, this risk is not unique to ZTA, but because ZTA is heavily dependent on the dynamic access of information (both enterprise and service providers), disruption can affect the core business functions of an enterprise.",5.6,Reliance on Proprietary Data Formats or Solutions,37,Claim,Claim,0.9857,0.9857,0.013,0.0013,4,,False,True
SP207-U00370,"To mitigate associated risks, enterprises should evaluate service providers on a holistic basis by considering factors such as vendor security controls, enterprise switching costs, and supply chain risk management in addition to more typical factors such as performance, stability, etc.",5.6,Reliance on Proprietary Data Formats or Solutions,40,Evidence,Evidence,0.9883,0.0105,0.0013,0.9883,5,4,False,False
SP207-U00371,Artificial intelligence and other software-based agents are being deployed to manage security issues on enterprise networks.,5.7,Use of Non-person Entities (NPE) in ZTA Administration,16,Claim,Claim,0.9937,0.9937,0.0011,0.0052,0,,False,False
SP207-U00372,"These components need to interact with the management components of ZTA (e.g., policy engine, policy administrator), sometimes in lieu of a human administrator.",5.7,Use of Non-person Entities (NPE) in ZTA Administration,23,Claim,Claim,0.9773,0.9773,0.0024,0.0203,1,,False,False
SP207-U00373,How these components authenticate themselves in an enterprise implementing a,5.7,Use of Non-person Entities (NPE) in ZTA Administration,10,Claim,Claim,0.9955,0.9955,0.0016,0.0029,2,,False,False
SP207-U00374,It is assumed that most automated technology systems will use some means to authenticate when using an API to resource components.,5.7,Use of Non-person Entities (NPE) in ZTA Administration,21,Claim,Claim,0.9952,0.9952,0.0013,0.0034,3,,False,False
SP207-U00375,The biggest risk when using automated technology for configuration and policy enforcement is the possibility of false positives (innocuous actions mistaken for attacks) and false negatives (attacks mistaken for normal activity) impacting the security posture of the enterprise.,5.7,Use of Non-person Entities (NPE) in ZTA Administration,38,Claim,Claim,0.996,0.996,0.0017,0.0023,4,,False,False
SP207-U00376,This can be reduced with regular retuning analysis to correct mistaken decisions and improve the decision process.,5.7,Use of Non-person Entities (NPE) in ZTA Administration,17,Claim,Claim,0.9954,0.9954,0.0019,0.0026,5,,False,False
SP207-U00377,The associated risk is that an attacker will be able to induce or coerce an NPE to perform some task that the attacker is not privileged to perform.,5.7,Use of Non-person Entities (NPE) in ZTA Administration,28,Claim,Claim,0.9892,0.9892,0.0095,0.0013,6,,False,True
SP207-U00378,"The software agent may have a lower bar for authentication (e.g., API key versus MFA) to perform administrative or security-related tasks",5.7,Use of Non-person Entities (NPE) in ZTA Administration,21,Evidence,Evidence,0.5768,0.4207,0.0025,0.5768,7,6,False,False
SP207-U00379,"If an attacker can interact with the agent, they could theoretically trick the agent into allowing the attacker greater access or into performing some task on behalf of the attacker.",5.7,Use of Non-person Entities (NPE) in ZTA Administration,30,Claim,Claim,0.9946,0.9946,0.0018,0.0035,8,,False,False
SP207-U00380,There is also a risk that an attacker could gain access to a software agent’s credentials and impersonate the agent when performing tasks.,5.7,Use of Non-person Entities (NPE) in ZTA Administration,23,Claim,Claim,0.9956,0.9956,0.0024,0.002,9,,False,False
SP207-U00381,"Several existing federal policies and guidance intersect with the planning, deployment, and operation of a ZTA.",5.7,Use of Non-person Entities (NPE) in ZTA Administration,16,Claim,Claim,0.9946,0.9946,0.0035,0.0019,10,,False,False
SP207-U00382,These policies do not prohibit an enterprise from moving to a more zero trust-oriented architecture but can influence development of a zero trust strategy for an agency.,5.7,Use of Non-person Entities (NPE) in ZTA Administration,27,Claim,Claim,0.9952,0.9952,0.0029,0.0019,11,,False,False
SP207-U00383,"When complemented with existing cybersecurity policies and guidance, ICAM, continuous monitoring, and general cyber hygiene, ZTA may reinforce an organization’s security posture and protect against common threats.",5.7,Use of Non-person Entities (NPE) in ZTA Administration,27,Claim,Claim,0.9957,0.9957,0.0017,0.0026,12,,False,False
SP207-U00384,A ZTA deployment involves developing access polices around acceptable risk to the designated mission or business process (see Section 7.3.3).,6.1,ZTA and NIST Risk Management Framework,20,Claim,Claim,0.9951,0.9951,0.0017,0.0033,0,,False,False
SP207-U00385,"It is possible to deny all network access to a resource and allow access only via a connected terminal, but this is disproportionately restrictive in the majority of cases and could inhibit work from being accomplished.",6.1,ZTA and NIST Risk Management Framework,36,Claim,Claim,0.9951,0.9951,0.0014,0.0035,1,,False,False
SP207-U00386,"For a federal agency to perform its mission, there is an acceptable level of risk.",6.1,ZTA and NIST Risk Management Framework,15,Claim,Claim,0.9921,0.9921,0.0062,0.0017,2,,False,False
SP207-U00387,"The risks associated with performing the given mission must be identified and evaluated, and either accepted or mitigated.",6.1,ZTA and NIST Risk Management Framework,18,Claim,Claim,0.9936,0.9936,0.0045,0.002,3,,False,False
SP207-U00388,"To assist in this, the NIST Risk Management Framework (RMF) was developed .",6.1,ZTA and NIST Risk Management Framework,13,Claim,Claim,0.9599,0.9599,0.0023,0.0378,4,,False,False
SP207-U00389,ZTA planning and implementation may change the authorization boundaries defined by the enterprise.,6.1,ZTA and NIST Risk Management Framework,13,Claim,Claim,0.9954,0.9954,0.0033,0.0013,5,,False,True
SP207-U00390,"This is due to the addition of new components (e.g., policy engine, policy administrator, and PEPs) and a reduction of reliance on network perimeter defenses.",6.1,ZTA and NIST Risk Management Framework,25,Evidence,Evidence,0.9768,0.0216,0.0016,0.9768,6,5,False,False
SP207-U00391,The overall process described in the RMF will not change in a ZTA.,6.1,ZTA and NIST Risk Management Framework,13,Claim,Claim,0.9925,0.9925,0.005,0.0025,7,,False,False
SP207-U00392,"Protecting the privacy of users and private information (e.g., personally identifiable information) is a prime concern for organizations.",6.2,Zero Trust and NIST Privacy Framework,18,Evidence,Evidence,0.8971,0.1013,0.0015,0.8971,0,2,False,False
SP207-U00393,Privacy and data protections are included in compliance programs such as FISMA and the Heath Insurance Portability and Accountability Act (HIPAA).,6.2,Zero Trust and NIST Privacy Framework,21,Evidence,Evidence,0.9886,0.0101,0.0013,0.9886,1,2,False,False
SP207-U00394,"In response, NIST produced a Privacy Framework for use by organizations .",6.2,Zero Trust and NIST Privacy Framework,12,Claim,Claim,0.959,0.959,0.0044,0.0366,2,,False,True
SP207-U00395,"This document provides a framework to describe privacy risks and mitigation strategies, as well as a process for an enterprise to identify, measure, and mitigate risks to user privacy and private information stored and processed by an organization.",6.2,Zero Trust and NIST Privacy Framework,38,Claim,Claim,0.9939,0.9939,0.0011,0.005,3,,False,False
SP207-U00396,This includes personal information used by the enterprise to support ZTA operations and any biometric attributes used in access request evaluations.,6.2,Zero Trust and NIST Privacy Framework,21,Claim,Claim,0.9845,0.9845,0.001,0.0145,4,,False,False
SP207-U00397,Part of the core requirements for ZT is that an enterprise should inspect and log traffic (or at least log and inspect metadata when dealing with traffic that cannot be decrypted by monitoring systems) in its environment.,6.2,Zero Trust and NIST Privacy Framework,37,Claim,Claim,0.9962,0.9962,0.0024,0.0014,5,,False,False
SP207-U00398,Some of this traffic may contain private information or have associated privacy risks.,6.2,Zero Trust and NIST Privacy Framework,13,Claim,Claim,0.9928,0.9928,0.0022,0.0049,6,,False,True
SP207-U00399,"Organizations will need to identify any possible risks associated with intercepting, scanning, and logging network traffic [NISTIR 8062].",6.2,Zero Trust and NIST Privacy Framework,18,Evidence,Evidence,0.8615,0.1368,0.0017,0.8615,7,6,False,False
SP207-U00400,"This may include actions such as informing users, obtaining consent (via a login page, banner, or similar), and educating enterprise users.",6.2,Zero Trust and NIST Privacy Framework,21,Evidence,Evidence,0.93,0.0685,0.0015,0.93,8,6,False,False
SP207-U00401,The NIST Privacy Framework could help in developing a formal process to identify and mitigate any privacy-related risks to an enterprise developing a zero trust architecture.,6.2,Zero Trust and NIST Privacy Framework,26,Claim,Claim,0.9953,0.9953,0.002,0.0027,9,,False,False
SP207-U00402,Subject provisioning is a key component of ZTA.,6.3,"ZTA and Federal Identity, Credential, and Access Management Architecture",8,Claim,Claim,0.9952,0.9952,0.0026,0.0021,0,,False,False
SP207-U00403,The policy engine cannot determine if attempted connections are authorized to connect to a resource if the PE has insufficient information to identify associated subjects and resources.,6.3,"ZTA and Federal Identity, Credential, and Access Management Architecture",27,Claim,Claim,0.9924,0.9924,0.0052,0.0024,1,,False,False
SP207-U00404,Strong subject provision and authentication policies need to be in place before moving to a more zero trust–aligned deployment.,6.3,"ZTA and Federal Identity, Credential, and Access Management Architecture",19,Claim,Claim,0.9951,0.9951,0.0032,0.0017,2,,False,False
SP207-U00405,Enterprises need a clear set of subject attributes and policies that can be used by a PE to evaluate access requests.,6.3,"ZTA and Federal Identity, Credential, and Access Management Architecture",21,Claim,Claim,0.9942,0.9942,0.0028,0.0029,3,,False,False
SP207-U00406,The Office of Management and Budget (OMB) issued M-19-17 on improving identity management for the Federal Government.,6.3,"ZTA and Federal Identity, Credential, and Access Management Architecture",17,Claim,Claim,0.7279,0.7279,0.0024,0.2697,4,,False,False
SP207-U00407,"The goal of the policy is to develop “…a common vision for identity as an enabler of mission delivery, trust, and safety of the Nation” .",6.3,"ZTA and Federal Identity, Credential, and Access Management Architecture",26,Claim,Claim,0.9806,0.9806,0.0023,0.0171,5,,False,False
SP207-U00408,The memo calls on all federal agencies to form an ICAM office to govern efforts related to identity issuance and management.,6.3,"ZTA and Federal Identity, Credential, and Access Management Architecture",21,Claim,Claim,0.9917,0.9917,0.0071,0.0012,6,,False,False
SP207-U00409,"Many of these management policies should use the recommendations in NIST SP 800-63-3, Digital Identity Guidelines .",6.3,"ZTA and Federal Identity, Credential, and Access Management Architecture",17,Claim,Claim,0.7239,0.7239,0.0024,0.2737,7,,False,False
SP207-U00410,"As ZTA is heavily dependent on precise identity management, any ZTA effort will need to integrate the agency’s ICAM policy.",6.3,"ZTA and Federal Identity, Credential, and Access Management Architecture",20,Claim,Claim,0.9906,0.9906,0.0085,0.0009,8,,False,False
SP207-U00411,"TIC is a federal cybersecurity initiative jointly managed by OMB, DHS, and the General Services Administration (GSA), and is intended to establish a network security baseline across the Federal Government.",6.4,ZTA and Trusted Internet Connections 3.0,30,Claim,Claim,0.9952,0.9952,0.0023,0.0025,0,,False,False
SP207-U00412,"Historically, TIC was a perimeter-based cybersecurity strategy which required agencies to consolidate and monitor their external network connections.",6.4,ZTA and Trusted Internet Connections 3.0,18,Claim,Claim,0.9959,0.9959,0.0021,0.002,1,,False,False
SP207-U00413,"Inherent in TIC 1.0 and TIC 2.0 is the assumption that the inside of the perimeter is “trusted,” whereas ZTA assumes that network location does not infer “trust” (i.e., there is no “trust” on an agency’s internal network).",6.4,ZTA and Trusted Internet Connections 3.0,38,Claim,Claim,0.7538,0.7538,0.2441,0.0021,2,,False,True
SP207-U00414,TIC 2.0 provides a list of network-based security capabilities (e.g.,6.4,ZTA and Trusted Internet Connections 3.0,10,Evidence,Evidence,0.7479,0.2506,0.0015,0.7479,3,2,False,False
SP207-U00415,"content filtering, monitoring, authentication, and others) to be deployed at the TIC Access Point at the agency’s perimeter; many of these capabilities are aligned with ZT principles.",6.4,ZTA and Trusted Internet Connections 3.0,27,Claim,Claim,0.9912,0.9912,0.0009,0.0079,4,,False,False
SP207-U00416,TIC 3.0 has been updated to accommodate cloud services and mobile devices .,6.4,ZTA and Trusted Internet Connections 3.0,13,Claim,Claim,0.9479,0.9479,0.0014,0.0507,5,,False,False
SP207-U00417,"In TIC 3.0, it is recognized that the definition of “trust” may vary across specific computing contexts and that agencies have different risk tolerances for defining trust zones.",6.4,ZTA and Trusted Internet Connections 3.0,28,Claim,Claim,0.9956,0.9956,0.0028,0.0016,6,,False,False
SP207-U00418,"In addition, TIC 3.0 has an updated TIC Security Capability Handbook, which defines two types of security capabilities: (1) Universal Security Capabilities that apply at the enterprise level, and (2) PEP Security Capabilities that are network-level capabilities to be applied to multiple policy enforcement points (PEPs), as defined in TIC use cases.",6.4,ZTA and Trusted Internet Connections 3.0,52,Claim,Claim,0.9924,0.9924,0.0022,0.0054,7,,False,False
SP207-U00419,The PEP Security Capabilities may be applied at any appropriate PEP located along a given data flow instead of at a single PEP at the agency perimeter.,6.4,ZTA and Trusted Internet Connections 3.0,27,Claim,Claim,0.9958,0.9958,0.0018,0.0025,8,,False,True
SP207-U00420,"Many of these TIC 3.0 security capabilities directly support ZTA (e.g., encrypted traffic, strong authentication, microsegmentation, network and system inventory, and others).",6.4,ZTA and Trusted Internet Connections 3.0,22,Evidence,Evidence,0.9875,0.0114,0.0011,0.9875,9,8,False,False
SP207-U00421,"TIC 3.0 defines specific use cases that describe the implementation of trust zones and security capabilities across specific applications, services, and environments.",6.4,ZTA and Trusted Internet Connections 3.0,22,Claim,Claim,0.9885,0.9885,0.0013,0.0102,10,,False,False
SP207-U00422,"TIC 3.0 is focused on network-based security protections, whereas ZTA is a more inclusive architecture addressing application, user, and data protections.",6.4,ZTA and Trusted Internet Connections 3.0,21,Claim,Claim,0.9881,0.9881,0.0103,0.0016,11,,False,False
SP207-U00423,"As TIC 3.0 evolves its use cases, it is likely that a ZTA TIC use case will be developed to define the network protections to be deployed at ZTA enforcement points.",6.4,ZTA and Trusted Internet Connections 3.0,31,Claim,Claim,0.6906,0.6906,0.3082,0.0012,12,,False,False
SP207-U00424,"NCPS (operationally known as EINSTEIN) is an integrated system-of-systems that delivers intrusion detection, advanced analytics, information sharing, and intrusion prevention capabilities to defend the Federal Government from cyber threats.",6.5,ZTA and EINSTEIN (NCPS – National Cybersecurity Protection System),29,Claim,Claim,0.9947,0.9947,0.0033,0.002,0,,False,False
SP207-U00425,"The goals of NCPS, which align with the overarching goals of zero trust, are to manage cyber risk, improve cyber protection, and empower partners to secure cyber space.",6.5,ZTA and EINSTEIN (NCPS – National Cybersecurity Protection System),28,Claim,Claim,0.9953,0.9953,0.0017,0.0031,1,,False,False
SP207-U00426,EINSTEIN sensors enable CISA’s National Cybersecurity and Communications Integration Center (NCCIC) to defend federal networks and respond to significant incidents at federal agencies.,6.5,ZTA and EINSTEIN (NCPS – National Cybersecurity Protection System),23,Claim,Claim,0.9936,0.9936,0.0013,0.0051,2,,False,False
SP207-U00427,"The placement of NCPS sensors for DHS situational awareness is based on a perimeter network defense in the Federal Government, while ZTA moves protections closer to the assets, data and",6.5,ZTA and EINSTEIN (NCPS – National Cybersecurity Protection System),30,Claim,Claim,0.9925,0.9925,0.0013,0.0062,3,,False,False
SP207-U00428,"The NCPS program is evolving to ensure that situational awareness is preserved through utilization of security information about cloud-based traffic, helping to set the foundation for expanded situational awareness telemetry from ZTA systems.",6.5,ZTA and EINSTEIN (NCPS – National Cybersecurity Protection System),33,Claim,Claim,0.9958,0.9958,0.0016,0.0026,4,,False,False
SP207-U00429,NCPS intrusion prevention functions would also require evolution to be able to inform policy enforcement at both the current NCPS locations as well as ZTA systems.,6.5,ZTA and EINSTEIN (NCPS – National Cybersecurity Protection System),26,Claim,Claim,0.9953,0.9953,0.0019,0.0028,5,,False,False
SP207-U00430,"As ZTA is adopted across the Federal Government, the NCPS implementation would need to continually evolve, or new capabilities would need to be deployed to fulfill NCPS objectives.",6.5,ZTA and EINSTEIN (NCPS – National Cybersecurity Protection System),28,Claim,Claim,0.9886,0.9886,0.0104,0.0009,6,,False,False
SP207-U00431,"Incident responders could potentially leverage information from the authentication, traffic inspection, and logging of agency traffic",6.5,ZTA and EINSTEIN (NCPS – National Cybersecurity Protection System),16,Claim,Claim,0.9956,0.9956,0.0028,0.0016,7,,False,False
SP207-U00432,generated in a ZTA may better inform event impact quantification; machine learning tools could use ZTA data to improve detection; and additional logs from ZTA may be saved for after-thefact analyses by incident responders.,6.5,ZTA and EINSTEIN (NCPS – National Cybersecurity Protection System),34,Claim,Claim,0.9958,0.9958,0.0016,0.0026,8,,False,False
SP207-U00433,The DHS CDM program is an effort to improve federal agency information technology (IT).,6.6,ZTA and DHS Continuous Diagnostics and Mitigations (CDM) Program,14,Claim,Claim,0.9951,0.9951,0.0021,0.0028,0,,False,False
SP207-U00434,"Vital to that posture is an agency’s insight into the assets, configuration, and subjects within itself.",6.6,ZTA and DHS Continuous Diagnostics and Mitigations (CDM) Program,16,Claim,Claim,0.9953,0.9953,0.0032,0.0014,1,,False,False
SP207-U00435,"To protect a system, agencies need to set up processes to discover and understand the basic components and actors in their infrastructure:",6.6,ZTA and DHS Continuous Diagnostics and Mitigations (CDM) Program,22,Claim,Claim,0.9956,0.9956,0.0028,0.0016,2,,False,False
SP207-U00436,Having a strong CDM program implementation is key to the success of ZTA.,6.6,ZTA and DHS Continuous Diagnostics and Mitigations (CDM) Program,13,Claim,Claim,0.9951,0.9951,0.0035,0.0014,3,,False,True
SP207-U00437,"For example, to move to ZTA, an enterprise must have a system to discover and record physical and virtual assets to create a usable inventory.",6.6,ZTA and DHS Continuous Diagnostics and Mitigations (CDM) Program,25,Evidence,Evidence,0.9867,0.0122,0.0011,0.9867,4,3,False,False
SP207-U00438,The DHS CDM program has initiated several efforts to build the capabilities needed within federal agencies to move to a ZTA.,6.6,ZTA and DHS Continuous Diagnostics and Mitigations (CDM) Program,21,Claim,Claim,0.9933,0.9933,0.0032,0.0035,5,,False,False
SP207-U00439,Hardware Asset Management (HWAM) program is an effort to help agencies identify devices on their network infrastructure to deploy a secure configuration.,6.6,ZTA and DHS Continuous Diagnostics and Mitigations (CDM) Program,22,Claim,Claim,0.9961,0.9961,0.0014,0.0025,6,,False,False
SP207-U00440,This is similar to the first steps in developing a road map to ZTA.,6.6,ZTA and DHS Continuous Diagnostics and Mitigations (CDM) Program,14,Claim,Claim,0.9904,0.9904,0.0017,0.0079,7,,False,False
SP207-U00441,"Agencies must have visibility into the assets active on the network (or those accessing resources remotely) to categorize, configure, and monitor the network’s activity.",6.6,ZTA and DHS Continuous Diagnostics and Mitigations (CDM) Program,24,Claim,Claim,0.9947,0.9947,0.0009,0.0044,8,,False,False
SP207-U00442,"The Cloud Smart 8 strategy, updated Data Center Optimization Initiative policy, and Federal Data Strategy 9 all influence some requirements for agencies planning a ZTA.",6.7,"ZTA, Cloud Smart, and the Federal Data Strategy",25,Claim,Claim,0.9932,0.9932,0.0015,0.0053,0,,False,False
SP207-U00443,"These policies require agencies to inventory and assess how they collect, store, and access data, both on premises and in the cloud.",6.7,"ZTA, Cloud Smart, and the Federal Data Strategy",22,Claim,Claim,0.9953,0.9953,0.0033,0.0013,1,,False,False
SP207-U00444,This inventory is critical to determining what business processes and resources would benefit from implementing a ZTA.,6.7,"ZTA, Cloud Smart, and the Federal Data Strategy",17,Claim,Claim,0.9954,0.9954,0.0014,0.0032,2,,False,False
SP207-U00445,"Data resources and applications and services that are primarily cloudbased or primarily used by remote workers are good candidates for a ZTA approach (see Section 7.3.3) because the subjects and resources are located outside of the enterprise network perimeter and are likely to see the most benefit in use, scalability, and security.",6.7,"ZTA, Cloud Smart, and the Federal Data Strategy",52,Claim,Claim,0.9947,0.9947,0.0027,0.0026,3,,False,False
SP207-U00446,One additional consideration with the Federal Data Strategy is how to make agency data assets accessible to other agencies or the public.,6.7,"ZTA, Cloud Smart, and the Federal Data Strategy",22,Claim,Claim,0.9949,0.9949,0.0038,0.0014,4,,False,False
SP207-U00447,This corresponds with the cross-enterprise collaboration ZTA use case (see Section 4.4).,6.7,"ZTA, Cloud Smart, and the Federal Data Strategy",12,Claim,Argument,0.975,0.023,0.975,0.002,5,,False,False
SP207-U00448,Agencies using a ZTA for these assets may need to take collaboration or publication requirements into account when developing the strategy.,6.7,"ZTA, Cloud Smart, and the Federal Data Strategy",21,Claim,Claim,0.9953,0.9953,0.002,0.0026,6,,False,False
SP207-U00449,Implementing a ZTA is a journey rather than a wholesale replacement of infrastructure or processes.,6.7,"ZTA, Cloud Smart, and the Federal Data Strategy",15,Claim,Claim,0.994,0.994,0.0047,0.0013,7,,False,False
SP207-U00450,"An organization should seek to incrementally implement zero trust principles, process changes, and technology solutions that protect its highest value data assets.",6.7,"ZTA, Cloud Smart, and the Federal Data Strategy",22,Claim,Claim,0.9961,0.9961,0.0019,0.002,8,,False,False
SP207-U00451,Most enterprises will continue to operate in a hybrid zero-trust/perimeter-based mode for an indefinite period while continuing to invest in ongoing IT modernization initiatives.,6.7,"ZTA, Cloud Smart, and the Federal Data Strategy",24,Claim,Claim,0.9938,0.9938,0.0021,0.0041,9,,False,False
SP207-U00452,Having an IT modernization plan that includes moving to an architecture based on ZT principles may help an enterprise form roadmaps for small scale workflow migrations.,6.7,"ZTA, Cloud Smart, and the Federal Data Strategy",26,Claim,Claim,0.9918,0.9918,0.0056,0.0026,10,,False,False
SP207-U00453,How an enterprise migrates to a strategy depends on its current cybersecurity posture and operations.,6.7,"ZTA, Cloud Smart, and the Federal Data Strategy",15,Claim,Claim,0.9951,0.9951,0.0036,0.0013,11,,False,False
SP207-U00454,An enterprise should reach a baseline of competence before it becomes possible to,6.7,"ZTA, Cloud Smart, and the Federal Data Strategy",13,Claim,Claim,0.9936,0.9936,0.0043,0.0022,12,,False,False
SP207-U00455,"This baseline includes having assets, subjects, business processes, traffic flows and dependency mappings identified and cataloged for the enterprise.",6.7,"ZTA, Cloud Smart, and the Federal Data Strategy",19,Claim,Claim,0.9719,0.9719,0.0009,0.0272,13,,False,False
SP207-U00456,The enterprise needs this information before it can develop a list of candidate business processes and the subjects/assets involved in this process.,6.7,"ZTA, Cloud Smart, and the Federal Data Strategy",22,Claim,Claim,0.9957,0.9957,0.0015,0.0028,14,,False,False
SP207-U00457,"Assuming the enterprise knows the applications/services and workflows that it wants to use for its operations, it can produce an architecture based on zero trust tenets for those workflows.",6.7,"ZTA, Cloud Smart, and the Federal Data Strategy",29,Claim,Claim,0.9952,0.9952,0.0015,0.0033,15,,False,False
SP207-U00458,"Once the workflows are identified, the enterprise can narrow down the components needed and begin to map how the individual components interact.",6.7,"ZTA, Cloud Smart, and the Federal Data Strategy",22,Claim,Claim,0.9934,0.9934,0.0032,0.0035,16,,False,False
SP207-U00459,"From that point, it is an engineering and organizational exercise in building the infrastructure and configuring the components.",6.7,"ZTA, Cloud Smart, and the Federal Data Strategy",18,Claim,Claim,0.9939,0.9939,0.0035,0.0026,17,,False,False
SP207-U00460,This may include additional organizational changes depending on how the enterprise is currently set up and operating.,6.7,"ZTA, Cloud Smart, and the Federal Data Strategy",17,Claim,Claim,0.9929,0.9929,0.0048,0.0022,18,,False,False
SP207-U00461,"In practice, this is rarely a viable option for federal agencies or any organization with an existing network.",6.7,"ZTA, Cloud Smart, and the Federal Data Strategy",18,Claim,Claim,0.9948,0.9948,0.003,0.0022,19,,False,False
SP207-U00462,"However, there may be times when an organization is asked to fulfill a new responsibility that would require building its own infrastructure.",6.7,"ZTA, Cloud Smart, and the Federal Data Strategy",22,Claim,Claim,0.9947,0.9947,0.0028,0.0024,20,,False,False
SP207-U00463,"In these cases, it might be possible to introduce ZT concepts to some degree.",6.7,"ZTA, Cloud Smart, and the Federal Data Strategy",14,Claim,Claim,0.9919,0.9919,0.0055,0.0026,21,,False,True
SP207-U00464,"For example, an agency may be given a new responsibility that entails building a new application, service, or database.",6.7,"ZTA, Cloud Smart, and the Federal Data Strategy",19,Evidence,Evidence,0.9858,0.013,0.0012,0.9858,22,21,False,False
SP207-U00465,"The agency could design the newly needed infrastructure around ZT principles and secure system engineering [SP8900-160v1], such as evaluating subjects’ trust before granting access and establishing micro-perimeters around new resources.",6.7,"ZTA, Cloud Smart, and the Federal Data Strategy",30,Evidence,Evidence,0.9868,0.012,0.0012,0.9868,23,21,False,False
SP207-U00466,"The degree of success depends on how dependent this new infrastructure is on existing resources (e.g., ID management systems).",6.7,"ZTA, Cloud Smart, and the Federal Data Strategy",19,Evidence,Evidence,0.9663,0.0324,0.0013,0.9663,24,21,False,False
SP207-U00467,It is unlikely that any significant enterprise can migrate to zero trust in a single technology refresh cycle.,7.2,Hybrid ZTA and Perimeter-Based Architecture,18,Claim,Argument,0.9555,0.0436,0.9555,0.0009,0,,False,False
SP207-U00468,There may be an indefinite period when ZTA workflows coexist with non-ZTA workflows in an enterprise.,7.2,Hybrid ZTA and Perimeter-Based Architecture,16,Claim,Claim,0.9956,0.9956,0.0024,0.002,1,,False,False
SP207-U00469,Migration to a ZTA approach to the enterprise may take place one business process at a time.,7.2,Hybrid ZTA and Perimeter-Based Architecture,17,Claim,Claim,0.989,0.989,0.0098,0.0012,2,,False,True
SP207-U00470,"The enterprise needs to make sure that the common elements (e.g., ID management, device management, event logging) are flexible enough to operate in a ZTA and perimeter-based hybrid security architecture.",7.2,Hybrid ZTA and Perimeter-Based Architecture,30,Evidence,Evidence,0.9757,0.0231,0.0012,0.9757,3,2,False,False
SP207-U00471,Enterprise architects may also want to restrict ZTA candidate solutions to those that can interface with existing components.,7.2,Hybrid ZTA and Perimeter-Based Architecture,18,Claim,Claim,0.9903,0.9903,0.0087,0.001,4,,False,False
SP207-U00472,Migrating an existing workflow to a ZTA will likely require (at least) a partial redesign.,7.2,Hybrid ZTA and Perimeter-Based Architecture,15,Claim,Claim,0.9951,0.9951,0.0027,0.0021,5,,False,False
SP207-U00473,Enterprises may take this opportunity to adopt secure system engineering [SP800-160v1] practices if they have not already done so for workflows.,7.2,Hybrid ZTA and Perimeter-Based Architecture,21,Claim,Claim,0.9939,0.9939,0.0013,0.0048,6,,False,False
SP207-U00474,"Migrating to ZTA requires an organization to have detailed knowledge of its assets (physical and virtual), subjects (including user privileges), and business processes.",7.3,Steps to Introducing ZTA to a Perimeter-Based Architected Network,23,Claim,Claim,0.9889,0.9889,0.001,0.0102,0,,False,False
SP207-U00475,This knowledge is accessed by the PE when evaluating resource requests.,7.3,Steps to Introducing ZTA to a Perimeter-Based Architected Network,11,Claim,Claim,0.9939,0.9939,0.0016,0.0045,1,,False,False
SP207-U00476,Incomplete knowledge will most often lead to a business process failure where the PE denies requests due to insufficient information.,7.3,Steps to Introducing ZTA to a Perimeter-Based Architected Network,20,Claim,Claim,0.9932,0.9932,0.0053,0.0015,2,,False,False
SP207-U00477,This is especially an issue if there are unknown “shadow IT” deployments operating within an organization.,7.3,Steps to Introducing ZTA to a Perimeter-Based Architected Network,16,Claim,Claim,0.995,0.995,0.0025,0.0025,3,,False,False
SP207-U00478,"Before undertaking an effort to bring ZTA to an enterprise, there should be a survey of assets, subjects, data flows, and workflows.",7.3,Steps to Introducing ZTA to a Perimeter-Based Architected Network,22,Claim,Claim,0.9952,0.9952,0.0026,0.0022,4,,False,False
SP207-U00479,This awareness forms the foundational state that must be reached before a ZTA deployment is possible.,7.3,Steps to Introducing ZTA to a Perimeter-Based Architected Network,16,Claim,Claim,0.9678,0.9678,0.0312,0.001,5,,False,False
SP207-U00480,An enterprise cannot determine what new processes or systems need to be in place if there is no knowledge of the current state of operations.,7.3,Steps to Introducing ZTA to a Perimeter-Based Architected Network,25,Claim,Claim,0.9944,0.9944,0.0039,0.0017,6,,False,False
SP207-U00481,"These surveys can be conducted in parallel, but both are tied to examination of the business processes of the organization.",7.3,Steps to Introducing ZTA to a Perimeter-Based Architected Network,20,Claim,Claim,0.9935,0.9935,0.0022,0.0043,7,,False,False
SP207-U00482,These steps can be mapped to the steps in the RMF,7.3,Steps to Introducing ZTA to a Perimeter-Based Architected Network,11,Claim,Claim,0.9844,0.9844,0.0019,0.0136,8,,False,False
SP207-U00483,The pathway to implementing a ZTA can be visualized in Figure 12.,7.3,Steps to Introducing ZTA to a Perimeter-Based Architected Network,12,Claim,Claim,0.9846,0.9846,0.0021,0.0133,9,,False,False
SP207-U00484,"After the initial inventory is created, there is a regular cycle of maintenance and updating.",7.3,Steps to Introducing ZTA to a Perimeter-Based Architected Network,15,Claim,Claim,0.9904,0.9904,0.0013,0.0083,10,,False,False
SP207-U00485,"This updating may either change business processes or not have any impact, but an evaluation of business processes should be conducted.",7.3,Steps to Introducing ZTA to a Perimeter-Based Architected Network,21,Claim,Claim,0.9942,0.9942,0.0031,0.0027,11,,False,True
SP207-U00486,"For example, a change in digital certificate providers may not appear to have a significant impact but may involve certificate root store management, Certificate Transparency log monitoring, and other factors that are not apparent at first.",7.3,Steps to Introducing ZTA to a Perimeter-Based Architected Network,36,Evidence,Evidence,0.9819,0.017,0.0011,0.9819,12,11,False,False
SP207-U00487,"For a zero trust enterprise to operate, the PE must have knowledge of enterprise subjects.",7.3.1,Identify Actors on the Enterprise,15,Claim,Claim,0.994,0.994,0.0034,0.0027,0,,False,True
SP207-U00488,"Subjects could encompass both human and possible NPEs, such as service accounts that interact with resources.",7.3.1,Identify Actors on the Enterprise,16,Evidence,Evidence,0.9869,0.0111,0.002,0.9869,1,0,False,False
SP207-U00489,"Users with special privileges, such as developers or system administrators, require additional",7.3.1,Identify Actors on the Enterprise,12,Evidence,Evidence,0.9841,0.0143,0.0016,0.9841,2,0,False,False
SP207-U00490,"In many legacy security architectures, these accounts may have blanket permission to access all enterprise resources.",7.3.1,Identify Actors on the Enterprise,16,Claim,Claim,0.9732,0.9732,0.0008,0.0259,3,,False,False
SP207-U00491,ZTA should allow developers and administrators to have sufficient flexibility to satisfy their business requirements while using logs and audit actions to identify access behavior patterns.,7.3.1,Identify Actors on the Enterprise,26,Claim,Claim,0.9956,0.9956,0.0015,0.0029,4,,False,False
SP207-U00492,"ZTA deployments may require administrators to satisfy a more stringent confidence level or criteria as outlined in NIST SP 800-63A, Section 5 .",7.3.1,Identify Actors on the Enterprise,23,Claim,Claim,0.8702,0.8702,0.0016,0.1281,5,,False,False
SP207-U00493,"As mentioned in Section 2.1, one of the key requirements of ZTA is the ability to identify and manage devices.",7.3.2,Identify Assets Owned by the Enterprise,20,Claim,Claim,0.9958,0.9958,0.0016,0.0027,0,,False,False
SP207-U00494,ZTA also requires the ability to identify and monitor nonenterprise-owned devices that may be on enterprise-owned network infrastructure or that access enterprise resources.,7.3.2,Identify Assets Owned by the Enterprise,23,Claim,Claim,0.9953,0.9953,0.0021,0.0026,1,,False,False
SP207-U00495,The ability to manage enterprise assets is key to the successful deployment of ZTA.,7.3.2,Identify Assets Owned by the Enterprise,14,Claim,Claim,0.9962,0.9962,0.0022,0.0016,2,,False,True
SP207-U00496,"This includes hardware components (e.g., laptops, phones, IoT devices) and digital artifacts (e.g., user accounts, applications, digital certificates).",7.3.2,Identify Assets Owned by the Enterprise,18,Evidence,Evidence,0.9897,0.0091,0.0012,0.9897,3,2,False,False
SP207-U00497,"It may not be possible to conduct a complete census on all enterprise-owned assets, so an enterprise should consider building the capability to quickly identify, categorize, and assess newly discovered assets that are on enterprise-owned infrastructure.",7.3.2,Identify Assets Owned by the Enterprise,36,Claim,Claim,0.9947,0.9947,0.0017,0.0035,4,,False,False
SP207-U00498,This goes beyond simply cataloging and maintaining a database of enterprise assets.,7.3.2,Identify Assets Owned by the Enterprise,12,Claim,Claim,0.9949,0.9949,0.0017,0.0035,5,,False,False
SP207-U00499,The ability to observe the current state of an asset is part of the process of evaluating access requests (see Section 2.1).,7.3.2,Identify Assets Owned by the Enterprise,22,Claim,Claim,0.9946,0.9946,0.0016,0.0039,6,,False,True
SP207-U00500,"This means that the enterprise must be able to configure, survey, and update enterprise assets, such as virtual assets and containers.",7.3.2,Identify Assets Owned by the Enterprise,21,Evidence,Evidence,0.9908,0.0077,0.0014,0.9908,7,6,False,False
SP207-U00501,This also includes both its physical (as best estimated) and network location.,7.3.2,Identify Assets Owned by the Enterprise,12,Claim,Claim,0.9285,0.9285,0.0012,0.0703,8,,False,False
SP207-U00502,This information should inform the PE when making resource access decisions.,7.3.2,Identify Assets Owned by the Enterprise,11,Claim,Claim,0.9951,0.9951,0.002,0.0029,9,,False,False
SP207-U00503,Nonenterprise-owned assets and enterprise-owned “shadow IT” should also be cataloged as well as possible.,7.3.2,Identify Assets Owned by the Enterprise,14,Claim,Claim,0.9919,0.9919,0.0014,0.0067,10,,False,True
SP207-U00504,"This may include whatever is visible by the enterprise (e.g., MAC address, network location) and augmented by administrator data entry.",7.3.2,Identify Assets Owned by the Enterprise,20,Evidence,Evidence,0.9522,0.0463,0.0015,0.9522,11,10,False,False
SP207-U00505,This information is not only used for access decisions (as collaborator and BYOD assets may need to contact PEPs) but also for monitoring and forensics logging by the enterprise.,7.3.2,Identify Assets Owned by the Enterprise,29,Claim,Claim,0.9953,0.9953,0.0015,0.0033,12,,False,False
SP207-U00506,Shadow IT presents a special problem in that these resources are enterprise-owned but not managed like other resources.,7.3.2,Identify Assets Owned by the Enterprise,18,Claim,Claim,0.9146,0.9146,0.0843,0.0011,13,,False,False
SP207-U00507,Certain ZTA approaches (mainly network-based) may even cause shadow IT components to become unusable as they may not be known and included in network access policies.,7.3.2,Identify Assets Owned by the Enterprise,26,Claim,Claim,0.9963,0.9963,0.0017,0.0021,14,,False,False
SP207-U00508,Many federal agencies have already begun identifying enterprise assets.,7.3.2,Identify Assets Owned by the Enterprise,9,Claim,Claim,0.9937,0.9937,0.0029,0.0034,15,,False,True
SP207-U00509,"Agencies that have established CDM program capabilities, such as HWAM and Software Asset Management (SWAM) , have a rich set of data to draw from when enacting a ZTA.",7.3.2,Identify Assets Owned by the Enterprise,29,Evidence,Evidence,0.9911,0.0076,0.0013,0.9911,16,15,False,False
SP207-U00510,Agencies may also have a list of ZTA candidate processes that involve High Value Assets (HVA) that have been identified as key to the agency mission.,7.3.2,Identify Assets Owned by the Enterprise,26,Claim,Claim,0.9948,0.9948,0.002,0.0032,17,,False,False
SP207-U00511,This work would need to exist enterpriseor agency-wide before any business process could be (re)designed with a ZTA.,7.3.2,Identify Assets Owned by the Enterprise,18,Claim,Claim,0.9959,0.9959,0.0028,0.0014,18,,False,False
SP207-U00512,"These programs must be designed to be expandable and adaptable to changes in the enterprise, not only when migrating to ZTA but also when accounting for new assets, services, and business processes that become part of the enterprise.",7.3.2,Identify Assets Owned by the Enterprise,38,Claim,Claim,0.9953,0.9953,0.0027,0.002,19,,False,False
SP207-U00513,"The third inventory that an agency should undertake is to identify and rank the business processes, data flows, and their relation in the missions of the agency.",7.3.3,Identify Key Processes and Evaluate Risks Associated with Executing Process,27,Claim,Claim,0.994,0.994,0.0043,0.0017,0,,False,False
SP207-U00514,Business processes should inform the circumstances under which resource access requests are granted and denied.,7.3.3,Identify Key Processes and Evaluate Risks Associated with Executing Process,15,Claim,Claim,0.9941,0.9941,0.0046,0.0013,1,,False,False
SP207-U00515,An enterprise may wish to start with a low-risk business process for the first transition to ZTA as disruptions will likely not negatively impact the entire organization.,7.3.3,Identify Key Processes and Evaluate Risks Associated with Executing Process,27,Claim,Claim,0.9947,0.9947,0.003,0.0024,2,,False,False
SP207-U00516,"Once enough experience is gained, more critical business processes can become candidates.",7.3.3,Identify Key Processes and Evaluate Risks Associated with Executing Process,12,Claim,Claim,0.9943,0.9943,0.0018,0.0039,3,,False,False
SP207-U00517,Business processes that utilize cloud-based resources or are used by remote workers are often good candidates for ZTA and would likely see improvements to availability and security.,7.3.3,Identify Key Processes and Evaluate Risks Associated with Executing Process,27,Claim,Claim,0.996,0.996,0.0021,0.0019,4,,False,False
SP207-U00518,"Rather than project the enterprise perimeter into the cloud or bring clients into the enterprise network via a VPN, enterprise clients can request cloud services directly.",7.3.3,Identify Key Processes and Evaluate Risks Associated with Executing Process,26,Claim,Claim,0.9938,0.9938,0.0029,0.0033,5,,False,False
SP207-U00519,The enterprise’s PEPs ensure that enterprise policies are followed before resource access is granted to a client.,7.3.3,Identify Key Processes and Evaluate Risks Associated with Executing Process,17,Claim,Claim,0.9961,0.9961,0.0022,0.0018,6,,False,False
SP207-U00520,"Planners should also consider potential tradeoffs in performance, user experience, and possible increased workflow fragility that may occur when implementing ZTA for a given business process.",7.3.3,Identify Key Processes and Evaluate Risks Associated with Executing Process,26,Claim,Claim,0.9957,0.9957,0.0025,0.0018,7,,False,False
SP207-U00521,"The process of identifying a candidate service or business workflow depends on several factors: the importance of the process to the organization, the group of subjects affected, and the current state of resources used for the workflow.",7.3.4,Formulating Policies for the ZTA Candidate,37,Claim,Claim,0.9956,0.9956,0.0018,0.0026,0,,False,False
SP207-U00522,The value of the asset or workflow based on risk to the asset or workflow can be evaluated using the NIST Risk Management Framework .,7.3.4,Formulating Policies for the ZTA Candidate,25,Claim,Claim,0.9945,0.9945,0.0013,0.0042,1,,False,True
SP207-U00523,"After the asset or workflow is identified, identify all upstream resources (e.g., ID management systems, databases, micro-services), downstream resources (e.g., logging, security monitoring), and entities (e.g., subjects, service accounts) that are used or affected by the workflow.",7.3.4,Formulating Policies for the ZTA Candidate,37,Evidence,Evidence,0.9883,0.0102,0.0015,0.9883,2,1,False,False
SP207-U00524,This may influence the candidate choice as a first migration to ZTA.,7.3.4,Formulating Policies for the ZTA Candidate,12,Claim,Claim,0.9923,0.9923,0.0049,0.0028,3,,False,True
SP207-U00525,"An application/service used by an identified subset of enterprise subjects (e.g., a purchasing system) may be preferred over one that is vital to the entire subject base of the enterprise (e.g., email).",7.3.4,Formulating Policies for the ZTA Candidate,32,Evidence,Evidence,0.9887,0.0093,0.002,0.9887,4,3,False,False
SP207-U00526,The enterprise administrators then need to determine the set of criteria (if using a criteria-based TA) or confidence level weights (if using a score-based TA) for the resources used in the candidate business process (see Section 3.3.1).,7.3.4,Formulating Policies for the ZTA Candidate,37,Claim,Claim,0.9928,0.9928,0.0022,0.005,5,,False,False
SP207-U00527,Administrators may need to adjust these criteria or values during the tuning phase.,7.3.4,Formulating Policies for the ZTA Candidate,13,Claim,Claim,0.9949,0.9949,0.0019,0.0032,6,,False,False
SP207-U00528,These adjustments are necessary to ensure that policies are effective but do not hinder access to resources.,7.3.4,Formulating Policies for the ZTA Candidate,17,Claim,Claim,0.9953,0.9953,0.0019,0.0029,7,,False,False
SP207-U00529,"Once a list of candidate business processes has been developed, enterprise architects can compose a list of candidate solutions.",7.3.5,Identifying Candidate Solutions,19,Claim,Claim,0.9917,0.9917,0.0019,0.0064,0,,False,False
SP207-U00530,Some deployment models (see Section 3.1) are better suited to particular workflows and current enterprise ecosystems.,7.3.5,Identifying Candidate Solutions,16,Claim,Claim,0.9905,0.9905,0.006,0.0035,1,,False,False
SP207-U00531,"Likewise, some vendor solutions are better suited to some use cases than others.",7.3.5,Identifying Candidate Solutions,13,Claim,Claim,0.9478,0.9478,0.0502,0.002,2,,False,False
SP207-U00532,• Does the solution require that components be installed on the client asset?,7.3.5,Identifying Candidate Solutions,13,Claim,Claim,0.9868,0.9868,0.0108,0.0024,3,,False,False
SP207-U00533,• Does the solution work where the business process resources exist entirely on,7.3.5,Identifying Candidate Solutions,13,Claim,Claim,0.9855,0.9855,0.0129,0.0016,4,,False,False
SP207-U00534,• Does the solution provide a means to log interactions for analysis?,7.3.5,Identifying Candidate Solutions,12,Claim,Claim,0.9921,0.9921,0.0056,0.0024,5,,False,False
SP207-U00535,"• Does the solution provide broad support for different applications, services, and",7.3.5,Identifying Candidate Solutions,12,Claim,Claim,0.9898,0.9898,0.0053,0.005,6,,False,False
SP207-U00536,• Does the solution require changes to subject behavior?,7.3.5,Identifying Candidate Solutions,9,Claim,Claim,0.9771,0.9771,0.021,0.0019,7,,False,False
SP207-U00537,One solution is to model an existing business process as a pilot program rather than just a replacement.,7.3.5,Identifying Candidate Solutions,18,Claim,Claim,0.9922,0.9922,0.0063,0.0016,8,,False,False
SP207-U00538,This pilot program could be made general to apply to several business processes or be made specific to one use case.,7.3.5,Identifying Candidate Solutions,21,Claim,Claim,0.9923,0.9923,0.0038,0.0039,9,,False,False
SP207-U00539,The pilot can be used as a “proving ground” for ZTA before transitioning subjects to the ZTA deployment and away from the legacy process infrastructure.,7.3.5,Identifying Candidate Solutions,25,Claim,Claim,0.9933,0.9933,0.0029,0.0039,10,,False,False
SP207-U00540,"Once the candidate workflow and ZTA components are chosen, the initial deployment can start.",7.3.6,Initial Deployment and Monitoring,14,Claim,Claim,0.9911,0.9911,0.0014,0.0075,0,,False,False
SP207-U00541,Enterprise administrators must implement the developed policies by using the selected components but may wish to operate in an observation and monitoring mode at first.,7.3.6,Initial Deployment and Monitoring,25,Claim,Claim,0.9955,0.9955,0.0022,0.0023,1,,False,True
SP207-U00542,"Few enterprise policy sets are complete in their first iterations: important user accounts (e.g., administrator accounts) may be denied access to resources they need or may not need all the access privileges they have been assigned.",7.3.6,Initial Deployment and Monitoring,36,Evidence,Evidence,0.9783,0.0201,0.0015,0.9783,2,1,False,False
SP207-U00543,The new ZT business workflow could be operated in reporting-only mode for some time to make sure the policies are effective and workable.,7.3.6,Initial Deployment and Monitoring,23,Claim,Claim,0.9957,0.9957,0.0021,0.0022,3,,False,False
SP207-U00544,"This also allows the enterprise to gain an understanding of baseline asset and resource access requests, behavior, and communication patterns.",7.3.6,Initial Deployment and Monitoring,20,Claim,Claim,0.9878,0.9878,0.0009,0.0113,4,,False,False
SP207-U00545,"Reporting-only means that access should be granted for most requests, and logs and traces of connections should be compared with the initial developed policy.",7.3.6,Initial Deployment and Monitoring,24,Claim,Claim,0.9953,0.9953,0.0023,0.0024,5,,False,False
SP207-U00546,"as denying requests that fail MFA or appear from known, attacker controlled or subverted IP addresses should be enforced and logged, but after initial deployment, access polices should be more lenient to collect data from actual interactions of the ZT workflow.",7.3.6,Initial Deployment and Monitoring,41,Claim,Claim,0.9949,0.9949,0.0034,0.0017,6,,False,False
SP207-U00547,"Once the baseline activity patterns for the workflow has been established, anomalous behavior can be more easily identify.",7.3.6,Initial Deployment and Monitoring,18,Claim,Claim,0.9956,0.9956,0.0016,0.0028,7,,False,False
SP207-U00548,"If it is not possible to operate in a more lenient nature, enterprise network operators should monitor logs closely and be prepared to modify access policies based on operational experience.",7.3.6,Initial Deployment and Monitoring,30,Claim,Claim,0.9956,0.9956,0.0028,0.0017,8,,False,False
SP207-U00549,"When enough confidence is gained and the workflow policy set is refined, the enterprise enters the steady operational phase.",7.3.7,Expanding the ZTA,19,Claim,Claim,0.9946,0.9946,0.0036,0.0018,0,,False,False
SP207-U00550,"The network and assets are still monitored, and traffic is logged",7.3.7,Expanding the ZTA,11,Claim,Claim,0.9947,0.9947,0.0014,0.0038,1,,False,False
SP207-U00551,"(see Section 2.1), but responses and policy modifications are done at a lower tempo as they should not be severe.",7.3.7,Expanding the ZTA,20,Claim,Claim,0.9944,0.9944,0.0025,0.003,2,,False,False
SP207-U00552,The subjects and stakeholders of the resources and processes involved should also provide feedback to improve operations.,7.3.7,Expanding the ZTA,17,Claim,Claim,0.9952,0.9952,0.0021,0.0027,3,,False,False
SP207-U00553,"At this stage, the enterprise administrators can begin planning the next phase of ZT deployment.",7.3.7,Expanding the ZTA,15,Claim,Claim,0.9938,0.9938,0.0038,0.0024,4,,False,False
SP207-U00554,"Like the previous rollout, a candidate workflow and solution set need to be identified and initial policies developed.",7.3.7,Expanding the ZTA,18,Claim,Claim,0.9936,0.9936,0.0032,0.0032,5,,False,False
SP207-U00555,"However, if a change occurs to the workflow, the operating ZT architecture needs to be reevaluated.",7.3.7,Expanding the ZTA,16,Claim,Claim,0.9941,0.9941,0.0014,0.0045,6,,False,True
SP207-U00556,"Significate changes to the system—such as new devices, major updates to software (especially ZT logical components), and shifts in organizational structure—may result in changes to the workflow or policies.",7.3.7,Expanding the ZTA,29,Evidence,Evidence,0.9746,0.0241,0.0013,0.9746,7,6,False,False
SP207-U00557,"In effect, the entire process should be reconsidered with the assumption that some of the work has already been done.",7.3.7,Expanding the ZTA,20,Claim,Claim,0.9821,0.9821,0.0166,0.0013,8,,False,True
SP207-U00558,"For example, new devices have been purchased, but no new user accounts have been created, so only the device inventory needs to be updated.",7.3.7,Expanding the ZTA,24,Evidence,Evidence,0.9865,0.0121,0.0014,0.9865,9,8,False,False
