comment_idx,has_principle,unit_position,text,cae_label,raw_label,confidence,prob_claim,prob_argument,prob_evidence,parent_claim_idx,is_orphan_evidence,has_evidence
0,No,0,The short conversions aren't called automatically by the Ruby core; that's what the long conversions are for.,Claim,Claim,0.993,0.993,0.0021,0.0049,,False,False
0,No,1,"The long conversions are intended for things that are very much like the conversion target already, as opposed to things that simply have a representation of the target type.",Claim,Claim,0.991,0.991,0.0011,0.0079,,False,False
0,No,2,"Use: That is, if you add to your class the expression will work with an automatic conversion.",Claim,Claim,0.9924,0.9924,0.0014,0.0062,,False,False
1,No,0,"My problem was, I had to change anonymousAuthentication from False to True.",Claim,Claim,0.9932,0.9932,0.0019,0.0049,,False,False
1,No,1,When I did: appcmd set config websitename /section:anonymousAuthentication /enabled:True Error I got: Config Error This configuration cannot be used at this path.,Claim,Claim,0.5968,0.5968,0.0019,0.4013,,False,False
1,No,2,This happens when the section is locked at the parent level.,Claim,Claim,0.9941,0.9941,0.0014,0.0045,,False,False
1,No,3,"Locking is either by default(overrideModeDefault=""Deny"")... To unlock, do the following: appcmd unlock config /section:?",Claim,Claim,0.6159,0.6159,0.0017,0.3824,,False,False
1,No,4,This will list the section you want.,Claim,Claim,0.9789,0.9789,0.0011,0.02,,False,False
1,No,5,Then type: appcmd unlock config /section:system.webserver/security/authentication/anonymousauthentication Thats it... :),Claim,Claim,0.5421,0.5421,0.0015,0.4564,,False,False
2,No,0,Absolutely - use : Note the for 24-hour instead of for 12-hour format.,Claim,Claim,0.9925,0.9925,0.0025,0.005,,False,False
2,No,1,"Alternatively, you could use , which returns a true/false value to indicate whether or not the parsing was successful.",Claim,Claim,0.967,0.967,0.0011,0.0319,,False,False
2,No,2,"If you're fully expecting all the data to be valid, and it's reasonable for an exception to be thrown otherwise, then is fine.",Claim,Claim,0.9945,0.9945,0.0032,0.0023,,False,False
2,No,3,"As a very different alternative, you could use Noda Time : Or for the ""just throw an exception"" behaviour, just use unconditionally.",Claim,Claim,0.9926,0.9926,0.0018,0.0056,,False,False
2,No,4,"EDIT: As an aside, is there any reason why you're storing dates in a varchar column?",Claim,Claim,0.9719,0.9719,0.0071,0.021,,False,False
2,No,5,Can you fix your schema instead?,Claim,Claim,0.9926,0.9926,0.0044,0.003,,False,False
3,No,0,Can I add more than two appsettings.json files in dotnet core?,Claim,Claim,0.9889,0.9889,0.0022,0.0089,,False,True
3,No,1,"e.g - appsettings-A.json ,appsettings-B.json ,etc.",Evidence,Evidence,0.9816,0.0174,0.001,0.9816,0,False,False
3,No,2,"If yes, how to read these files Of course, we can add and use multiple appsettings.json files in ASP.NET Core project.",Claim,Claim,0.9418,0.9418,0.001,0.0572,,False,False
3,No,3,"To configure and read data from your custom json files, you can refer to the following code snippet.",Claim,Claim,0.9679,0.9679,0.0011,0.031,,False,False
3,No,4,"In Program.cs, configure the JSON configuration provider to load the file To read data from configurations settings appsettings-B.json file Test Result",Claim,Claim,0.7032,0.7032,0.0012,0.2956,,False,False
4,No,0,You are instantiating a new generator in each loop iteration.,Claim,Claim,0.9893,0.9893,0.0015,0.0091,,False,False
4,No,1,"Do instead: To generate the entire sequence from the start, you might want to instead of .",Claim,Claim,0.991,0.991,0.0016,0.0074,,False,False
5,No,0,Use to make the fill up the wrapping .,Claim,Claim,0.9519,0.9519,0.0051,0.043,,False,False
5,No,1,"Unfortunately, you won't be able to put on margins/padding, as they get ADDED to the 100%, so the right/bottom edges will overflow.",Claim,Claim,0.5211,0.5211,0.0016,0.4772,,False,False
5,No,2,"Edit : To use along with padding, you can change the box sizing model : With this change, now refers to the distance between the outsides of the borders, instead of the distance between the outside of the content.",Claim,Claim,0.6498,0.6498,0.0014,0.3488,,False,False
6,No,0,InternalsVisibleTo exposes internally visible types to a specific assembly - I'd imagine that would work for you,Claim,Claim,0.9834,0.9834,0.0009,0.0157,,False,False
7,No,0,Assuming that you are calling this after this the second registration will not have any effect.,Claim,Claim,0.9922,0.9922,0.0053,0.0025,,False,False
7,No,1,"Secondly, registering the as a singleton is not a very good idea. It's not thread-safe.",Claim,Claim,0.9901,0.9901,0.005,0.0049,,False,False
7,No,2,"Instead, you can inject in the class where the consumer for the servicebus is registered and resolve the context manually when a new message is being consumed.",Claim,Claim,0.9536,0.9536,0.0009,0.0454,,False,False
7,No,3,Option 1: Using Option 2: Using and casting down to using the extension available since version 5.,Claim,Claim,0.9921,0.9921,0.0013,0.0067,,False,False
7,No,4,This will create an instance of everytime you need it and disposes it.,Claim,Claim,0.951,0.951,0.0013,0.0477,,False,False
7,No,5,"While this might take a little longer, it shouldn't be a problem, when messages are consumed in the background.",Claim,Claim,0.9927,0.9927,0.0012,0.0061,,False,False
7,No,6,EDIT : You can also register the as,Claim,Claim,0.9913,0.9913,0.0021,0.0066,,False,False
8,No,0,You can use JavaScript for this.,Claim,Claim,0.9874,0.9874,0.0029,0.0097,,False,True
8,No,1,Have JavaScript watch that field (e.g.,Evidence,Evidence,0.8777,0.1207,0.0016,0.8777,0,False,False
8,No,2,use event handling to determine when the user is typing) and when the user starts to type in a value you can check to see if it matches anything of the predefined values (e.g.,Evidence,Evidence,0.9789,0.0194,0.0016,0.9789,0,False,False
8,No,3,"ABC, DEF, GHI, etc) and if it does offer them a chance to select it from a drop down that is displayed underneath that text field.",Evidence,Evidence,0.5118,0.487,0.0012,0.5118,0,False,False
8,No,4,"Otherwise, let them continue to add their own custom value.",Claim,Claim,0.9939,0.9939,0.0029,0.0033,,False,False
8,No,5,This is known as autocomplete .,Claim,Claim,0.9938,0.9938,0.0034,0.0028,,False,True
8,No,6,Popular JavaScript frameworks like jQuery and Prototype/Scriptaculous offer tools for making this easy to do.,Evidence,Evidence,0.9822,0.0168,0.001,0.9822,5,False,False
9,No,0,The two aren't quite the same.,Claim,Claim,0.9875,0.9875,0.0102,0.0022,,False,False
9,No,1,The object initializer form translates into something more like this (at least logically; I believe there are some cases where the C# compiler will just use a single variable): This is particularly important if you're ever changing the value of the variable.,Claim,Claim,0.911,0.911,0.0017,0.0873,,False,True
9,No,2,"For example: Here the result would be an employee with a name of ""BobFoo"", not just ""Foo"" which is what you'd get if the assignment to the variable occurred before the property setter.",Evidence,Evidence,0.9895,0.0094,0.0011,0.9895,1,False,False
9,No,3,"This could be important in other situations where the current value of the variable is read, e.g. in the property setter. Unlikely, but possible.",Evidence,Evidence,0.9518,0.0468,0.0014,0.9518,1,False,False
9,No,4,"See section 7.6.10.2 for the details of this, where it's explicitly specified in terms of an ""invisible and inaccessible temporary variable"".",Evidence,Evidence,0.5725,0.4252,0.0023,0.5725,1,False,False
10,No,0,Write an insert trigger which duplicates inserted rows to a secondary table.,Claim,Claim,0.9803,0.9803,0.001,0.0188,,False,False
10,No,1,"Periodically poll the secondary table for rows with an external application/cronjob; if any rows are in the table, delete them and do your processing (or set a 'processing started' flag and only delete from the secondary table upon successful processing).",Claim,Claim,0.835,0.835,0.001,0.164,,False,False
10,No,2,This will work very nicely for low to medium insert volumes.,Claim,Claim,0.951,0.951,0.0022,0.0468,,False,False
10,No,3,"If you have a ton of data coming at your table, some kind of custom trigger in C is probably your only choice.",Claim,Claim,0.9945,0.9945,0.0013,0.0042,,False,False
11,No,0,The dynamic parameter plugin might not be the right choice for your task.,Claim,Claim,0.9881,0.9881,0.0015,0.0105,,False,False
11,No,1,"If you want the URL parameter to be updated according to the changes in the HOST parameter, you should consider using the Active Choices Plugin .",Claim,Claim,0.9865,0.9865,0.0009,0.0126,,False,True
11,No,2,"In your case, create a String parameter for the host, and an active choice reactive parameter for the url.",Evidence,Evidence,0.955,0.0437,0.0013,0.955,1,False,False
11,No,3,this parameter reads the host and updates the url.,Evidence,Evidence,0.7793,0.2191,0.0016,0.7793,1,False,False
11,No,4,example: (you can find another example here: https://stackoverflow.com/a/42871619/947784 ),Evidence,Evidence,0.9881,0.0108,0.0011,0.9881,1,False,False
12,No,0,"would work for you, although it has slightly different semantics.",Claim,Claim,0.9746,0.9746,0.0011,0.0243,,False,False
12,No,1,Please read the documentation to know how to use it for your case.,Claim,Claim,0.9899,0.9899,0.0015,0.0086,,False,False
12,No,2,But here is the snippet to solve your example :,Claim,Claim,0.7512,0.7512,0.0029,0.246,,False,False
13,No,0,"If you use in the section, you lose exception.",Claim,Claim,0.9881,0.9881,0.0018,0.01,,False,False
13,No,1,Method will be finished with a normal type of a return value.,Claim,Claim,0.9937,0.9937,0.0019,0.0044,,False,False
13,No,2,"If you don't use in the section, in your case, method will be finished with exception.",Claim,Claim,0.9803,0.9803,0.0013,0.0185,,False,False
13,No,3,The first case: The second case: The third case: Note: Using the section to throw exceptions or to return values is a bad practice.,Claim,Claim,0.976,0.976,0.002,0.022,,False,True
13,No,4,"This section has been created, for example, for closing external resources.",Evidence,Evidence,0.9403,0.0582,0.0015,0.9403,3,False,False
14,No,0,You can use See the regex demo .,Claim,Claim,0.7454,0.7454,0.0026,0.252,,False,False
14,No,1,"Regex details : - one or more chars other than non-word and chars (so, one or more letters or digits) - or - one or more non-word and/or chars.",Claim,Claim,0.7478,0.7478,0.0016,0.2506,,False,True
14,No,2,See a Python demo :,Evidence,Evidence,0.9067,0.0911,0.0022,0.9067,1,False,False
15,No,0,"The below is a complete example, 71 lines long, presented in the literate programming style .",Evidence,Evidence,0.9528,0.0455,0.0018,0.9528,4,False,False
15,No,1,It is also available on github .,Evidence,Evidence,0.9144,0.0832,0.0024,0.9144,4,False,False
15,No,2,"The example consists of a qmake file, not shown, and , shown in the entirety below.",Evidence,Evidence,0.9854,0.0135,0.001,0.9854,4,False,False
15,No,3,"The example has the following structure: Header Card Item State Machine Behaviors Main Footer Main First, let's set up our scene: The state machine has three states: We'll use helper functions to declaratively add behaviors to the machine.",Evidence,Evidence,0.9085,0.0902,0.0013,0.9085,4,False,False
15,No,4,"This isn't the only possible pattern, but it works and is fairly easy to apply.",Claim,Claim,0.9889,0.9889,0.0016,0.0094,,False,True
15,No,5,"First, when any items are selected, the state changes from to : Then, after a timeout, the state changes to : If the items are deselected, we go back to : Since we don't have much better to do, we can simply deselect all items once the state has been entered.",Claim,Claim,0.9714,0.9714,0.0011,0.0274,,False,False
15,No,6,This makes it clear that the state was entered.,Claim,Claim,0.9873,0.9873,0.0021,0.0106,,False,False
15,No,7,"Of course, it'll be immediately left since the selection is cleared, and we indicated above that is the state to be when no items are selected.",Claim,Claim,0.9899,0.9899,0.001,0.0091,,False,False
15,No,8,"We can now start the machine and run our application: Note the minimal use of explicit dynamic memory allocation, and no manual memory management whatsoever.",Claim,Claim,0.944,0.944,0.0012,0.0547,,False,False
15,No,9,Card Item The class is a simple card graphics item. The item is selectable.,Claim,Claim,0.9803,0.9803,0.0018,0.0179,,False,False
15,No,10,It could also be movable.,Claim,Claim,0.9949,0.9949,0.0028,0.0023,,False,False
15,No,11,The interaction is handled automatically by the graphics view framework: you don't have to deal with interpreting mouse presses/drags/releases manually - at least not yet.,Claim,Claim,0.991,0.991,0.0012,0.0078,,False,False
15,No,12,State Machine Behaviors It is helpful to factor out the state machine behaviors into functions that can be used to declare the behaviors on a given state.,Claim,Claim,0.9886,0.9886,0.0011,0.0104,,False,False
15,No,13,"First, the delay - once the state is entered, and a given number of millisconds elapses, the machine transitions to the destination state: To intercept the selection signals, we'll need a helper class that emits a generic signal: We then leverage such universal signal source to describe the behavior of transitioning to the destination state when the given scene has a selection iff is true, or has no selection iff is false: Header and Footer The example begins with the following header: It ends with the following footer, consisting of moc-generated implementations of the signals and object metadata for the class.",Claim,Claim,0.6911,0.6911,0.0013,0.3075,,False,False
16,No,0,That happens because events bubble.,Claim,Claim,0.9406,0.9406,0.0577,0.0017,,False,False
16,No,1,"Once your event handler finishes handling the event on the button, it bubbles up to the body where the body then handles it.",Claim,Claim,0.9903,0.9903,0.0012,0.0085,,False,False
16,No,2,"to prevent that, stop propagation of the event on the button click.",Claim,Claim,0.9913,0.9913,0.0012,0.0075,,False,False
16,No,3,Note however that this will result in multiple events being bound if you click the button more than once.,Claim,Claim,0.9934,0.9934,0.0019,0.0047,,False,False
16,No,4,You can fix it by modifying it a bit more:,Claim,Claim,0.9914,0.9914,0.0018,0.0067,,False,False
17,No,0,"Here is the difference(look at the output after ): has an instance method , so it is not calling .",Claim,Claim,0.6004,0.6004,0.0022,0.3973,,False,False
17,No,1,"But doesn't has it's own method , so it is calling , because included module.",Claim,Claim,0.7731,0.7731,0.0027,0.2242,,False,False
17,No,2,"There is no difference between and , as far as I can see both are working similar way using TracePoint : Yes, is faster than .",Claim,Claim,0.71,0.71,0.0016,0.2883,,False,False
17,No,3,Part - I Part - II,Claim,Claim,0.9371,0.9371,0.0399,0.023,,False,False
18,No,0,"isn't a flag, it is the complete absence of flags.",Claim,Claim,0.9784,0.9784,0.0202,0.0014,,False,False
18,No,1,"If the flags represent different types of failures, then it may be appropriate to give the label to ... but it still isn't a flag and cannot be tested with .",Claim,Claim,0.9738,0.9738,0.0009,0.0253,,False,False
19,No,0,There are two ways I can think of to solve the classloading-issue.,Claim,Claim,0.8199,0.8199,0.1782,0.0019,,False,False
19,No,1,"Are you tied to a specific OSGi-Framework, or do you want to stay as compatible as possible?",Claim,Claim,0.9707,0.9707,0.0273,0.002,,False,False
19,No,2,Or can you use equinox for your implementation?,Claim,Claim,0.935,0.935,0.0634,0.0016,,False,False
19,No,3,In Equinox you have a mechanism called Buddy Classloading.,Claim,Claim,0.9947,0.9947,0.0014,0.0039,,False,False
19,No,4,This addition allows you to increase the visibility of certain classes between different OSGi-Bundles.,Claim,Claim,0.9435,0.9435,0.0011,0.0555,,False,True
19,No,5,"If you are interested in this topic, I would like to direct you to these two articles: Understanding how Eclipse plug-ins work with OSGi , Eclipse - a tale of two VMs (and many classloaders) .",Evidence,Evidence,0.936,0.0623,0.0017,0.936,4,False,False
19,No,6,"If you prefere to stay OSGi-implementation independent, then you might considre extracting your classes, that you wish to persist, into a separate bundle on which both the Hibernate-Bundle and your other bundles depend.",Claim,Claim,0.9929,0.9929,0.0027,0.0044,,False,False
19,No,7,"That way, they all have access to the class definition of the persisted classes.",Claim,Claim,0.9899,0.9899,0.002,0.0081,,False,False
20,No,0,will do this for you.,Claim,Claim,0.9925,0.9925,0.0028,0.0047,,False,True
20,No,1,"E.g., is quite versatile, you can also specify other characters to split on.",Evidence,Evidence,0.9786,0.0197,0.0017,0.9786,0,False,False
20,No,2,For more information on see http://docs.python.org/library/stdtypes.html?highlight=split#str.split,Evidence,Evidence,0.9487,0.0502,0.0011,0.9487,0,False,False
21,No,0,"You are calling before displaying the form the first time, this is why you're getting the error.",Claim,Claim,0.9929,0.9929,0.0022,0.0049,,False,False
21,No,1,Probably the array is empty.,Claim,Claim,0.9763,0.9763,0.0012,0.0225,,False,False
21,No,2,"Try validating only for POST requests, i.e. : Hope that helps.",Claim,Claim,0.9895,0.9895,0.0016,0.0089,,False,False
22,No,0,"As stated in Android - Requesting Permissions Beginning in Android 6.0 (API level 23), users grant permissions to apps while the app is running, not when they install the app...",Claim,Claim,0.9764,0.9764,0.0009,0.0227,,False,False
22,No,1,The user can revoke the permissions at any time...,Claim,Claim,0.9916,0.9916,0.0021,0.0063,,False,False
22,No,2,"It's also stated that: System permissions are divided into two categories, normal and dangerous: Normal permissions do not directly risk the user's privacy.",Claim,Claim,0.9906,0.9906,0.001,0.0083,,False,False
22,No,3,"If your app lists a normal permission in its manifest, the system grants the permission automatically Dangerous permissions can give the app access to the user's confidential data.",Claim,Claim,0.9816,0.9816,0.0008,0.0175,,False,False
22,No,4,"If you list a dangerous permission, the user has to explicitly give approval to your app Here are full lists of Dangerous Permissions and Normal Permissions All that basically means that you need to manually request for any dangerous permission, when it's actually needed.",Claim,Claim,0.9893,0.9893,0.0009,0.0098,,False,False
22,No,5,"Since it potentially might be needed multiple times in your code, you can create a reusable method that checks whether specific permission is granted already and if it's not - to request it from user.",Claim,Claim,0.9932,0.9932,0.0012,0.0056,,False,True
22,No,6,"Here an example: Java Kotlin Usage: Java Kotlin Note: If you need to use inside instance, use: as its first parameter.",Evidence,Evidence,0.9681,0.0307,0.0012,0.9681,5,False,False
22,No,7,"You can use inside instance, to check if some permission is granted already, but not to request it.",Claim,Claim,0.978,0.978,0.0009,0.0211,,False,False
22,No,8,"Because can be used for any , but only for",Claim,Claim,0.9808,0.9808,0.0037,0.0155,,False,False
23,No,0,This error means that you have run the command in the wrong place.,Claim,Claim,0.9919,0.9919,0.0019,0.0063,,False,False
23,No,1,"You have to be in the directory that contains your configuration files, so before running or you have to to your Terraform project folder.",Claim,Claim,0.9857,0.9857,0.001,0.0133,,False,False
24,No,0,"Short answer: There is no way, you'll have to write/find your own wrapper.",Claim,Claim,0.989,0.989,0.0094,0.0016,,False,True
24,No,1,Here is the explanation from luajit.org No Hand-holding!,Evidence,Evidence,0.8275,0.1686,0.0039,0.8275,0,False,False
24,No,2,"[...] The FFI library provides no memory safety, unlike regular Lua code.",Evidence,Evidence,0.9291,0.0694,0.0015,0.9291,0,False,False
24,No,3,"It will happily allow you to dereference a NULL pointer, to access arrays out of bounds or to misdeclare C functions.",Claim,Claim,0.9774,0.9774,0.0008,0.0218,,False,False
24,No,4,"If you make a mistake, your application might crash, just like equivalent C code would.",Claim,Claim,0.9946,0.9946,0.0017,0.0037,,False,False
24,No,5,"This behavior is inevitable, since the goal is to provide full interoperability with C code.",Claim,Claim,0.9921,0.9921,0.0067,0.0012,,False,True
24,No,6,"Adding extra safety measures, like bounds checks, would be futile.",Evidence,Evidence,0.605,0.393,0.002,0.605,5,False,False
24,No,7,[...] Likewise there's no way to infer the valid range of indexes for a returned pointer.,Evidence,Evidence,0.944,0.0546,0.0014,0.944,5,False,False
24,No,8,Again: the FFI library is a low-level library.,Claim,Claim,0.9939,0.9939,0.0031,0.003,,False,False
25,No,0,They are not ordered at all.,Claim,Claim,0.9943,0.9943,0.0028,0.0029,,False,False
25,No,1,The order of elements in a dictionary is non-deterministic.,Claim,Claim,0.9959,0.9959,0.0019,0.0023,,False,False
25,No,2,"MSDN : ""The order in which the items are returned is undefined.""",Claim,Claim,0.9829,0.9829,0.0031,0.0139,,False,False
25,No,3,You could use an instead to access an item via index.,Claim,Claim,0.985,0.985,0.0015,0.0135,,False,False
25,No,4,"Or, if you want it to be ordered by the key you can use a .",Claim,Claim,0.994,0.994,0.0017,0.0044,,False,False
25,No,5,Update Why is a dictionary not ordered by nature ?,Claim,Claim,0.7541,0.7541,0.2433,0.0026,,False,False
26,No,0,"Posting my ""answer"", which is really a workaround and may not prove useful or satisfactory to everybody but at least it served me well.",Claim,Claim,0.9909,0.9909,0.0034,0.0057,,False,False
26,No,1,"This is clearly a bug with the new , which does not handle very well the when doing a replacement or removal in a .",Claim,Claim,0.9541,0.9541,0.0013,0.0445,,False,False
26,No,2,did a really good job previously.,Claim,Claim,0.9858,0.9858,0.0015,0.0126,,False,False
26,No,3,"What I ended up doing is not using (because I traced the problem to the removal of the fragment), but instead using a combination of and .",Claim,Claim,0.9712,0.9712,0.0018,0.0271,,False,True
26,No,4,This offers exactly the same visual effect and behaviour and does not has the problem of the mentioned bug.,Evidence,Evidence,0.6116,0.3858,0.0025,0.6116,3,False,False
26,No,5,"It only has the inherent drawback of, obviously, not removing the fragment: the fragment resources cannot be released/use for other purposes.",Claim,Claim,0.9934,0.9934,0.0037,0.0029,,False,False
26,No,6,This may cause trouble if memory is short or your fragment is a monstrosity.,Claim,Claim,0.9941,0.9941,0.002,0.0038,,False,False
26,No,7,But at least in my case it didn't cause any trouble.,Claim,Claim,0.9838,0.9838,0.0136,0.0025,,False,False
26,No,8,"To sum up, this is what I finally use as my fragment transaction: Hope it can help some of you!",Claim,Claim,0.9248,0.9248,0.0018,0.0734,,False,False
27,No,0,You could try and wrap your webpage content around an in PHP tags.,Claim,Claim,0.9917,0.9917,0.0013,0.007,,False,False
27,No,1,"EDIT After some consideration, would be unneeded.",Claim,Claim,0.9894,0.9894,0.0023,0.0083,,False,False
27,No,2,You can just do the same for the if.,Claim,Claim,0.9935,0.9935,0.0017,0.0047,,False,False
27,No,3,"This would return the result, and would also execute additional PHP code in the file if needed.",Claim,Claim,0.9289,0.9289,0.0013,0.0698,,False,False
28,No,0,Putting a after the last floated div worked the best for me.,Claim,Claim,0.9398,0.9398,0.0022,0.058,,False,True
28,No,1,Thanks to Brent Fiare & Paul Waite for the info that floated divs will not expand the height of the parent div!,Evidence,Evidence,0.6895,0.3085,0.002,0.6895,0,False,False
28,No,2,This has been driving me nuts! ;-},Evidence,Evidence,0.7018,0.2926,0.0056,0.7018,0,False,False
29,No,0,"Let's take a look at the source code for commit() : In other words, will return false if the thread is interrupted while waiting for the disk write to finish, or if the disk write fails for some reason (most likely because the disk was full).",Evidence,Evidence,0.8665,0.1322,0.0013,0.8665,,True,False
30,No,0,This answer will be helpful for those who are looking out for kafka console producer to send json data whose key and value is json. Command JSON,Claim,Claim,0.9107,0.9107,0.001,0.0883,,False,False
31,No,0,"Undefined offset notice is displayed because you use first and second index of array ""$FileArray"", before this you should verify that variable exists(isset method) If you want to inspect PHP code use var_dump(), example: Don't close PHP tag in this case.",Claim,Claim,0.6601,0.6601,0.0013,0.3385,,False,True
31,No,1,"You don't see '\' signs, because backslash is escape sign in JavaScript(and PHP), example: If you want to display string with escape sign you must use double backslash: Simple run: This is analogous to change backslashes to slashes: Backslash is escape sign in double quotes strings only.",Evidence,Evidence,0.9608,0.0382,0.001,0.9608,0,False,False
32,No,0,The instruction zero-extends a value with a smaller width to fit into a larger-width register.,Claim,Claim,0.8125,0.8125,0.0013,0.1862,,False,True
32,No,1,"For example, would be used to move a 16-bit value into a 32-bit register.",Evidence,Evidence,0.9899,0.0086,0.0015,0.9899,0,False,False
32,No,2,"(It is contrast to , which does the same thing except with sign extension .",Claim,Claim,0.6771,0.6771,0.0033,0.3196,,False,False
32,No,3,"You would use when the value is unsigned, and when the value is signed.)",Claim,Claim,0.9927,0.9927,0.0016,0.0057,,False,False
32,No,4,"As you point out, these instructions were not introduced until the 386, so if you're targeting an earlier generation of processor, then you'll need to find an alternative.",Claim,Claim,0.9881,0.9881,0.0019,0.0101,,False,False
32,No,5,"The basic strategy is, as others pointed out in the comments, to zero the destination register first, and then move the smaller value in .",Claim,Claim,0.7239,0.7239,0.002,0.2741,,False,False
32,No,6,This will accomplish exactly the same thing as .,Claim,Claim,0.9836,0.9836,0.0025,0.0138,,False,False
32,No,7,"The obvious way to zero a register is with , but it is smaller and faster to do it using .",Claim,Claim,0.9815,0.9815,0.0013,0.0172,,False,True
32,No,8,"Therefore, code like: can be replaced with: On modern processors, this is slower than , but it will actually be faster on the 386 and 486, where is relatively slow.",Evidence,Evidence,0.8353,0.1631,0.0016,0.8353,7,False,False
32,No,9,"And of course, on processors where doesn't exist, you have no choice.",Claim,Claim,0.9941,0.9941,0.002,0.0039,,False,False
32,No,10,"You can further minimize the cost by issuing the instruction earlier, interspersing it amongst other code.",Claim,Claim,0.9951,0.9951,0.0013,0.0036,,False,False
32,No,11,One significant disadvantage of this approach is that you cannot do an in-place zero-extension on a value stored in a register.,Claim,Claim,0.994,0.994,0.0016,0.0044,,False,False
32,No,12,"That is, there is no way to use this trick when you have code like: Instead, you would have to use a temporary register: Or, if you were zero-extending an 8-bit value, you could take advantage of the fact that the upper and lower 8-bit halves of a 16-bit register can be accessed independently on x86, and simply zero the upper 8 bits.",Claim,Claim,0.9454,0.9454,0.0012,0.0533,,False,True
32,No,13,For example: Note that this works for in-place zero-extensionâjust zero the high 8 bits.,Evidence,Evidence,0.9874,0.0111,0.0015,0.9874,12,False,False
32,No,14,"However, this technique cannot be used to zero-extend a 16-bit value, since there is no way to access just the upper 16 bits of a 32-bit register.",Claim,Claim,0.9813,0.9813,0.0013,0.0174,,False,False
32,No,15,"Fortunately, the need for zero-extension on these older architectures is much less than it is on modern architectures, since you don't have to guard as vigorously against partial-register stalls and false dependencies.",Claim,Claim,0.9699,0.9699,0.0024,0.0278,,False,True
32,No,16,"In comments, the concern was raised that all of the alternatives to require more than one instruction.",Evidence,Evidence,0.9331,0.0647,0.0022,0.9331,15,False,False
32,No,17,"Of course, that is true.",Claim,Claim,0.86,0.86,0.1373,0.0027,,False,False
32,No,18,"If there were a way to do it in a single instruction, there wouldn't have been a need for the 386 to introduce .",Claim,Claim,0.9819,0.9819,0.006,0.0121,,False,False
32,No,19,"If you're worried about execution speed, consider what I said above that + will be equally as fast as would have been if it were available, if not faster.",Claim,Claim,0.9902,0.9902,0.001,0.0088,,False,False
32,No,20,"If you're worried about number of instructions, then rest assured that less code does not necessarily mean faster code.",Claim,Claim,0.9952,0.9952,0.0026,0.0022,,False,False
32,No,21,"In fact, in many cases, adding additional instructions can make your program execute faster.",Claim,Claim,0.9946,0.9946,0.0014,0.004,,False,False
32,No,22,"If you are trying to optimize a particular chunk of code, I encourage you to ask a question about it either here or on Code Review (we need more assembly language questions there! ).",Claim,Claim,0.9709,0.9709,0.001,0.0281,,False,False
33,No,0,Ali Shirazee's solution worked well for me (thanks!).,Claim,Claim,0.7141,0.7141,0.0074,0.2785,,False,False
33,No,1,After running: I got the error: Then I went into the folder and ran as suggested in the error message but still got an error during the installation of .,Claim,Claim,0.6565,0.6565,0.0016,0.342,,False,True
33,No,2,"Finally, I've opened Xcode , went into Preferences Â» Location and selected Xcode 11 from the Command Line Tools select list.",Evidence,Evidence,0.792,0.2068,0.0012,0.792,1,False,False
33,No,3,"Xcode Â» Preferences Â» Location After that, I simply ran again and it all worked.",Evidence,Evidence,0.6024,0.3962,0.0014,0.6024,1,False,False
34,No,0,Sounds like SICP would be way too heavy for you.,Claim,Claim,0.9881,0.9881,0.0066,0.0053,,False,False
34,No,1,Try out HtDP instead for a book that will teach you programming in a similar style but much easier on the math.,Claim,Claim,0.9929,0.9929,0.0019,0.0052,,False,False
35,No,0,The short answer The short answer is No .,Claim,Claim,0.9887,0.9887,0.0084,0.003,,False,False
35,No,1,"There is no port of Kue to MongoDB, nor there are any plans for such.",Claim,Claim,0.9282,0.9282,0.0034,0.0684,,False,False
35,No,2,There are no other open-source popular projects offering similar functionality at the moment.Moreover Redis seems like a better fit to this sort of project any-way.,Claim,Claim,0.9022,0.9022,0.0691,0.0286,,False,False
35,No,3,"The long answer While Kue is very interesting and offers much more than just delayed tasks, it seems your requirements are much simple.",Claim,Claim,0.9906,0.9906,0.0015,0.0079,,False,False
35,No,4,"If all you need is to send users an email one month after signing up, or that sort of thing, it is usually built into the OS level.",Claim,Claim,0.9926,0.9926,0.0023,0.0052,,False,False
35,No,5,"What I suggest you do, assuming you have a method (in general, that you figured out how the tasks would be done) is the following: Depending on the operating system, schedule a task to run once a day.",Claim,Claim,0.9944,0.9944,0.002,0.0036,,False,True
35,No,6,"In Windows this is done with , in OS X, BSD and Linux this is done using . ( cron tutorial ).",Evidence,Evidence,0.9618,0.0371,0.0011,0.9618,5,False,False
35,No,7,"Most PaaS options also have this sort of option (Like nodejitsu, Azure...).",Evidence,Evidence,0.9827,0.0163,0.001,0.9827,5,False,False
35,No,8,"That tasks should be a node.js script that iterates through a list of long running tasks (that is, stuff that runs once a month, a week, or longer).",Claim,Claim,0.9836,0.9836,0.0011,0.0153,,False,False
35,No,9,"In which you choose to use, hold a collection of tasks,each with a 'start time'.",Claim,Claim,0.9696,0.9696,0.0024,0.028,,False,True
35,No,10,An example for such tasks would be a specific user getting an email after 1 month.,Evidence,Evidence,0.9287,0.0701,0.0013,0.9287,9,False,False
35,No,11,"In your script, check which tasks should run, and execute them, after which you should remove them from the .",Claim,Claim,0.9453,0.9453,0.0016,0.0531,,False,False
35,No,12,"While this sounds like some work, it shouldn't take too long.",Claim,Claim,0.9834,0.9834,0.0018,0.0148,,False,False
35,No,13,All the code described here is very straightforward.,Claim,Claim,0.9465,0.9465,0.0027,0.0508,,False,True
35,No,14,"Kue lets you do stuff like priority, attempts, progress, etc which you do not need if I understand correctly.",Evidence,Evidence,0.767,0.2318,0.0013,0.767,13,False,False
35,No,15,Working with a library that does many things to do something simple might end up biting you since degugging and maintenance are usually harder. Good luck!,Claim,Claim,0.9955,0.9955,0.0021,0.0023,,False,False
35,No,16,Feel free to let me know if you'd like me to elaborate more on a specific part.,Claim,Claim,0.9909,0.9909,0.0025,0.0066,,False,False
36,No,0,Prospects and Customers are just stages of the same underlying record.,Claim,Claim,0.995,0.995,0.002,0.003,,False,False
36,No,1,Information you fill in for a prospect will still be there if the prospect converts to a customer.,Claim,Claim,0.9958,0.9958,0.0022,0.0021,,False,False
36,No,2,As far as entry forms go the Netsuite help is not bad in this area.,Claim,Claim,0.991,0.991,0.0032,0.0057,,False,True
36,No,3,See https://system.na1.netsuite.com/app/help/helpcenter.nl?fid=section_N2853340.html for how to start to customize your entry forms.,Evidence,Evidence,0.9725,0.0262,0.0013,0.9725,2,False,False
36,No,4,"In particular check the section called ""Moving Fields and Lists between Subtabs"" You can't control sequential data entry without a client script or possibly a workflow but the help link above will get you started on putting the fields in the logical entry order.",Evidence,Evidence,0.954,0.045,0.001,0.954,2,False,False
37,No,0,The posted C# code and C code linked (but not posted) do different things.,Claim,Claim,0.8217,0.8217,0.0013,0.1771,,False,False
37,No,1,The output will therefore be different as well.,Claim,Claim,0.99,0.99,0.0085,0.0015,,False,True
37,No,2,"The WinCrypt code performs the following: Create a SHA1 hash of the key bytes Derive a session key from the resulting hash using RC4 Initialize an HMAC_SHA1 digest using the derived key Perform the HMAC CryptHashData with the HMAC Request the resulting hash bytes The C# code performs the following: Create an HMAC_SHA1 using the key bytes as the actual key (no derivation) Perform the HMAC via ComputeHash, returning the resulting hash digest In other words, they're different because they're doing different things.",Evidence,Evidence,0.571,0.4273,0.0017,0.571,1,False,False
37,No,3,"Which one is ""right"" is dependent on what you're trying to do (which was not mentioned in the question).",Claim,Claim,0.9937,0.9937,0.0035,0.0029,,False,False
37,No,4,"OpenSSL Equivalent to the C# code The resulting digest in matches the C# code respectively (omitted, but take my word for it or test it yourself).",Claim,Claim,0.8631,0.8631,0.0016,0.1353,,False,False
38,No,0,"Late answer, but it can help others with the same ""problem"".",Claim,Claim,0.9934,0.9934,0.0032,0.0034,,False,False
38,No,1,"The answer is really straight forward: The above code will get you the MAC address of your device, remember to have wifi enabled when grabbing the address.",Claim,Claim,0.9907,0.9907,0.0012,0.0081,,False,False
38,No,2,This code snippet should be used in your Activity.,Claim,Claim,0.9868,0.9868,0.0018,0.0114,,False,False
39,No,0,"Found the problem, answering here for anyone that might run in to the same problem.",Claim,Claim,0.9912,0.9912,0.0017,0.007,,False,True
39,No,1,"You need to specify the parameters using @UdfParameter, like this:",Evidence,Evidence,0.6075,0.3902,0.0023,0.6075,0,False,False
40,No,0,"If you do care about duplicates, you can compare their frequency maps.",Claim,Claim,0.9883,0.9883,0.0009,0.0108,,False,True
40,No,1,These are maps with each collection element as a key and number of occurrences as a value.,Evidence,Evidence,0.6244,0.3741,0.0014,0.6244,0,False,False
40,No,2,"You create them using standard function , like in given examples.",Evidence,Evidence,0.9565,0.0421,0.0014,0.9565,0,False,False
40,No,3,"Different order, same number of duplicates: evaluates .",Claim,Claim,0.8623,0.8623,0.0016,0.1362,,False,False
40,No,4,"Different order, different number of duplicates: evaluates .",Claim,Claim,0.7676,0.7676,0.0016,0.2308,,False,False
40,No,5,"So, you can write a function:",Claim,Claim,0.8859,0.8859,0.0068,0.1073,,False,False
41,No,0,In order to group radios they need to share common .,Claim,Claim,0.9878,0.9878,0.001,0.0112,,False,False
41,No,1,The checked property is then managed by browser HTML copied directly from jQueryUI radio demo,Claim,Claim,0.9389,0.9389,0.0014,0.0597,,False,False
42,No,0,If yes then both should go in same bucket at index 0 ... Correct.,Claim,Claim,0.9812,0.9812,0.0011,0.0178,,False,False
42,No,1,and there should be one value in the Incorrect.,Claim,Claim,0.9938,0.9938,0.0028,0.0033,,False,False
42,No,2,There will be a separate entry for the two keys.,Claim,Claim,0.9942,0.9942,0.0017,0.0041,,False,False
42,No,3,This is guaranteed by the and specification; i.e.,Claim,Claim,0.9905,0.9905,0.0047,0.0049,,False,False
42,No,4,the javadocs say that there will be a separate entry for each distinct key.,Claim,Claim,0.9795,0.9795,0.0017,0.0188,,False,False
42,No,5,The implementation is required to meet the specification ... and it does.,Claim,Claim,0.9911,0.9911,0.0071,0.0019,,False,False
42,No,6,"Prior to Java 8, the way that handles collisions is to chain together all of the entries that hash to the same bucket.",Claim,Claim,0.9548,0.9548,0.0011,0.0441,,False,False
42,No,7,"The logic will iterate the chain for the relevant bucket, looking for an entry that matches the key.",Claim,Claim,0.7225,0.7225,0.0016,0.2758,,False,True
42,No,8,"(In your example code, there would be separate entries in the chain for the and the keys.)",Evidence,Evidence,0.5712,0.4268,0.002,0.5712,7,False,False
42,No,9,"In Java 8, it works the same to start with, but there is an optimization for the case where the keys all implement and the chains get too long.",Evidence,Evidence,0.6563,0.3422,0.0014,0.6563,7,False,False
42,No,10,"In this case, the long chains are converted into binary trees ... so that an chain scan turns into an tree search.",Evidence,Evidence,0.9808,0.0178,0.0014,0.9808,7,False,False
43,No,0,"In multithreading, you cannot make guarantees on the order of execution of threads unless they are synchronized.",Claim,Claim,0.9952,0.9952,0.0014,0.0034,,False,False
43,No,1,"In your case, there are chances of thread de-allocating the memory before another thread allocates it.",Claim,Claim,0.98,0.98,0.0011,0.0189,,False,True
43,No,2,The code snippet will help further examining the issue.,Evidence,Evidence,0.8103,0.1883,0.0014,0.8103,1,False,False
44,No,0,"If you want to make sure Knockout takes note when you manually update the DOM, you need to use the method like so: The method can be used to register handlers for the event. PS.",Claim,Claim,0.9875,0.9875,0.001,0.0115,,False,False
44,No,1,"If you're manually updating the DOM, then you should evaluate why / how you're using KnockoutJS...",Claim,Claim,0.9946,0.9946,0.0013,0.0041,,False,False
45,No,0,"You would need to specify each period as a separate filter and use and to build out the logic of your search like this: If you don't always know which periods you'll need, you can generate these filters dynamically with a function like this:",Claim,Claim,0.7721,0.7721,0.0016,0.2264,,False,False
46,No,0,The external data source can be used for this.,Claim,Claim,0.9948,0.9948,0.002,0.0032,,False,True
46,No,1,Here's a full example below.,Evidence,Evidence,0.9636,0.0342,0.0022,0.9636,0,False,False
46,No,2,"Let's say that you want to run an AWS CLI command to retrieve information about a certain EC2 instance (this is just for demonstration purposes), for instance the AMI ID and the key name.",Evidence,Evidence,0.9863,0.0126,0.0011,0.9863,0,False,False
46,No,3,"First of all, create a bash script ( ) that fetches and returns the required information: then, create a source that runs the script: you can then check the results with (after ): and obviously you can use those identifiers as properties for other resources.",Claim,Claim,0.6713,0.6713,0.0016,0.3271,,False,False
47,No,0,If in your case all your users use browsers with HTML5 support you can use method that allows to on one side and to from the other.,Claim,Claim,0.9623,0.9623,0.0009,0.0368,,False,True
47,No,1,Here is a nice article/example: https://developer.mozilla.org/en-US/docs/Web/API/window.postMessage .,Evidence,Evidence,0.991,0.008,0.001,0.991,0,False,False
47,No,2,Then the steps are simple: add to site A a hidden iframe to site B send B's cookie to A using window.postMessage store the received cookie in A's cookie,Claim,Claim,0.7339,0.7339,0.0012,0.2649,,False,False
48,No,0,This was something that was slightly hard to discover.,Claim,Claim,0.9914,0.9914,0.0031,0.0055,,False,True
48,No,1,"I was going to do a regular post build processor like I had for my iOS build, but as I was searching for a manner to load and determine where the properties file was, I ran across the following interface in the documentation : .",Evidence,Evidence,0.8808,0.118,0.0012,0.8808,0,False,False
48,No,2,According to the documentation : Implement this interface to receive a callback after the Android Gradle project is generated.,Claim,Claim,0.6813,0.6813,0.0013,0.3173,,False,True
48,No,3,So below is my initial brute force implementation for turning on androidX and jetifier.,Evidence,Evidence,0.9434,0.0552,0.0013,0.9434,2,False,False
48,No,4,Theoretically you should be able to manipulate the generated gradle project in any manner to your choosing during the post build processor.,Claim,Claim,0.9791,0.9791,0.0011,0.0199,,False,True
48,No,5,"Some additional tools might be helpful, like the PBXProject support on iOS, but until then, this will do.",Evidence,Evidence,0.9677,0.0309,0.0014,0.9677,4,False,False
49,No,0,The links in comments give some useful information.,Evidence,Evidence,0.7091,0.2886,0.0023,0.7091,1,False,False
49,No,1,The real problem with Real Time is that there are far less usages than ordinary scientific or data processing applications and so less specialists around.,Claim,Claim,0.6345,0.6345,0.3635,0.0021,,False,True
49,No,2,"I used a Real Time development environment many years ago, a a friend of mine used another one more recently.",Evidence,Evidence,0.8982,0.1006,0.0013,0.8982,1,False,False
49,No,3,"The generic characteristics were : the development system is an IDE more or less like any other IDE you have the ability to get the precise time that will last any routine, because if you use a RT system, it is because you need deterministic processing times you have an emulator that allows you to run the program or more exactly simulate it running on the real system with different inputs (including hardware inputs) and control both the outputs and the times you generally mix high level programming (C or others) for non critical parts and low level assembly routines in time critical parts.",Claim,Claim,0.9825,0.9825,0.0009,0.0166,,False,False
49,No,4,The remaining really depended on the simulated system.,Claim,Claim,0.9945,0.9945,0.0024,0.0031,,False,False
50,No,0,I think you wanted to target the element inside the .,Claim,Claim,0.9873,0.9873,0.0016,0.0111,,False,False
50,No,1,You can do something like this: HTML Javascript,Claim,Claim,0.8933,0.8933,0.0024,0.1042,,False,False
51,No,0,"No, they are not equivalent.",Claim,Claim,0.9582,0.9582,0.0393,0.0025,,False,False
51,No,1,What your linked comment and answer are saying is something different: they are saying that different people have different opinions on how to think about in a lazy setting.,Claim,Claim,0.9927,0.9927,0.0039,0.0034,,False,True
51,No,2,"Some folks will consider to have zero possible values and to have one, because there are no constructors for and one constructor (with no fields) for ; meanwhile, other folks will consider to have one possible value and to have two, because is a possible value of either type.",Evidence,Evidence,0.5572,0.4396,0.0032,0.5572,1,False,False
51,No,3,These two types of folks don't disagree on any important facts; they only disagree on what kinds of things are interesting/useful to think about.,Claim,Claim,0.9112,0.9112,0.0843,0.0045,,False,False
51,No,4,"But if you want to cater to both types of people, then you must discuss both ways of thinking when trying to add a field to a data type without changing its meaning -- because the word ""meaning"" itself has a different meaning to the two types of people.",Claim,Claim,0.9931,0.9931,0.0057,0.0013,,False,False
51,No,5,"In fact, it's somewhat common for a single person to hold both points of view!",Claim,Claim,0.9839,0.9839,0.0093,0.0068,,False,False
51,No,6,"In different contexts, one or the other view is more useful or clear, and it's relatively common to code switch between the two ways of talking about the world.",Claim,Claim,0.9944,0.9944,0.0017,0.0039,,False,False
52,No,0,In order to deserialize you'll need the whole JSON.,Claim,Claim,0.9929,0.9929,0.0012,0.006,,False,False
52,No,1,"It may be better to use DownloadStringAsync and once you've received the entire JSON string, you can deserialize it.",Claim,Claim,0.994,0.994,0.0022,0.0037,,False,False
52,No,2,Then in your you can pass in the class you want to deserialize it to.,Claim,Claim,0.9866,0.9866,0.0018,0.0116,,False,True
52,No,3,"For example, if you are receiving JSON like: Then you need to create a class with those properties: and pass it to the JsonConvert:",Evidence,Evidence,0.9894,0.0094,0.0012,0.9894,2,False,False
53,No,0,"Columns (as well as Rows) are returned as simple (""horizontal"") lists, see the docs here . Why?",Evidence,Evidence,0.7849,0.2139,0.0011,0.7849,1,False,False
53,No,1,"First of all, it mimics the behavior of numpy 1d arrays.",Claim,Claim,0.7906,0.7906,0.0028,0.2066,,False,True
53,No,2,"Second, it's usually what you'll want, e.g.",Evidence,Evidence,0.7161,0.2804,0.0035,0.7161,1,False,False
53,No,3,you can directly iterate over a column or check if a value exists without having to unpack a nested list first.,Claim,Claim,0.9909,0.9909,0.0012,0.0079,,False,False
53,No,4,"Now, in your case, you'll obviously want to preserve the 2d shape which you can do (again similar to numpy) as follows: Also note that what you call should rather be called as it holds a list, not an xlwings Range object.",Claim,Claim,0.8696,0.8696,0.0013,0.1291,,False,False
53,No,5,"Update: Since v0.9.0, the syntax changed to:",Claim,Claim,0.8799,0.8799,0.0023,0.1178,,False,False
54,No,0,We have tested MQTT vs HTTP(REST) over SSL from normal server and Raspberry Pi boards both from performance point of view and from energy consumption.,Evidence,Evidence,0.9346,0.0638,0.0016,0.9346,1,False,False
54,No,1,The results depend on use-case and device where process is running.,Claim,Claim,0.9957,0.9957,0.0014,0.0029,,False,True
54,No,2,"Regarding your use case we have special test as well => delivering many messages (multiple probes) via HTTP, HTTP-batch or MQTT.",Evidence,Evidence,0.8479,0.151,0.0011,0.8479,1,False,False
54,No,3,"The results are quite simple, if you have possibility to send data in one HTTP request - it will be the best option.",Claim,Claim,0.9929,0.9929,0.0012,0.0058,,False,False
54,No,4,MQTT is on the second place and HTTP with per-message delivery is much less power efficient and slower then MQTT.,Claim,Claim,0.5158,0.5158,0.4804,0.0038,,False,False
55,No,0,The time you're trying to parse appears to be in ISO 8601 format .,Claim,Claim,0.9877,0.9877,0.0018,0.0105,,False,True
55,No,1,unfortunately doesn't support all the same timezone specifiers as ISO 8601.,Evidence,Evidence,0.5112,0.4866,0.0022,0.5112,0,False,False
55,No,2,"If you want to be able to properly handle all the forms specified in the ISO, the best thing to do is use Joda time .",Claim,Claim,0.9928,0.9928,0.0014,0.0058,,False,True
55,No,3,This example is straight out of the user guide :,Evidence,Evidence,0.8599,0.1378,0.0023,0.8599,2,False,False
56,No,0,"Turns out the solution was the response type option on HTTP.post in Angular, it didn't align up with the server ( https://developer.mozilla.org/en-US/docs/Web/API/XMLHttpRequest/responseType for types) and defaults to JSON.",Evidence,Evidence,0.9409,0.0581,0.001,0.9409,1,False,False
56,No,1,Thank you to all who answered!,Claim,Claim,0.9796,0.9796,0.0118,0.0086,,False,True
57,No,0,Have you checked what you receive in #onReceivedHttpAuthRequest?,Claim,Claim,0.9942,0.9942,0.0021,0.0037,,False,False
57,No,1,I just fixed what you say.,Claim,Claim,0.9882,0.9882,0.0062,0.0055,,False,True
57,No,2,"It seems that ICS returns as ""host"" not only the host, but the port also, something like: HOST_OF_WEBAPP:80.",Evidence,Evidence,0.8556,0.1431,0.0013,0.8556,1,False,False
57,No,3,"Because of that, what you store as ""HOST_OF_WEBAPP"" is not retrieved if you receive ""HOST_OF_WEBAPP:80"" in #onReceivedHttpAuthRequest. Give it a try!",Claim,Claim,0.9873,0.9873,0.0012,0.0115,,False,False
58,No,0,Server Client I have modified the 2 source code files.,Evidence,Evidence,0.695,0.3037,0.0013,0.695,1,False,False
58,No,1,Now it should work fine.,Claim,Claim,0.9913,0.9913,0.0022,0.0065,,False,True
58,No,2,There are some small bugs regarding if the BT is not opened before entering the mobile app (it get stuck too much in a while) and for those who want to use this client/server you should take a look at functions.,Claim,Claim,0.8391,0.8391,0.0013,0.1596,,False,False
58,No,3,The problem was that I did not use the socket correctly.,Claim,Claim,0.9909,0.9909,0.0014,0.0078,,False,False
58,No,4,I hope that it will be useful for those who want to implement such an application with BT.,Claim,Claim,0.994,0.994,0.0031,0.0029,,False,False
59,No,0,"At first glance, you are using twice in and not disposing the objects.",Claim,Claim,0.9921,0.9921,0.0022,0.0057,,False,False
59,No,1,will usually create unmanaged GDI+ handles that need to be disposed.,Claim,Claim,0.9936,0.9936,0.0017,0.0047,,False,False
59,No,2,From the documentation : The file remains locked until the Image is disposed.,Claim,Claim,0.9917,0.9917,0.0014,0.0069,,False,False
59,No,3,"So at first glance I'd assume you are just loading too much images in memory, and I'd try: Since you are actually not using the images (just getting their height), you could make those blocks smaller, but I'll leave that to you.",Claim,Claim,0.9708,0.9708,0.0012,0.028,,False,False
59,No,4,"... but ... About the OutOfMemoryException Also, you say it happens EXACTLY at 22 images (which would be weird for getting out of memory, unless the images are consistently big), but reading the same documentation: If the file does not have a valid image format or if GDI+ does not support the pixel format of the file, this method throws an OutOfMemoryException exception.",Claim,Claim,0.6591,0.6591,0.0015,0.3394,,False,False
59,No,5,"So make sure the 22nd image (either the ""source"" or the ""background"", depending on where it throws) has a correct format",Claim,Claim,0.9833,0.9833,0.0011,0.0156,,False,False
60,No,0,You have not specified the version of Java because below Java 8 there is no way to disallow or disable specific SSL protocol but in Java 8 you can set the enabled protocols like following Statically: Dynamically: If you are still using java 7 or below try to use work around explained Instructions to disable SSL v3.0 in Oracle JDK and JRE I just implemented following piece of code to disallow SSLv3 and SSLv2Hello on one of our Java6 application. Where initialized with,Evidence,Evidence,0.7803,0.2188,0.001,0.7803,,True,False
61,No,0,Callbacks are well-suited for this scenario.,Claim,Claim,0.9947,0.9947,0.0017,0.0037,,False,False
61,No,1,You can encapsulate your ajax call in a callback function.,Claim,Claim,0.9919,0.9919,0.0019,0.0062,,False,False
61,No,2,You can now hook method as a callback to button click.,Claim,Claim,0.9942,0.9942,0.0022,0.0036,,False,False
61,No,3,By doing this you will able to achieve this.,Claim,Claim,0.9913,0.9913,0.0018,0.0069,,False,False
61,No,4,I want to put it in a stand alone function so if I ever update it later I dont have to change it 5 times.,Claim,Claim,0.9915,0.9915,0.0016,0.0069,,False,False
61,No,5,"EDIT: Note: This is lead to start, you can alter this according to your requirement.",Claim,Claim,0.9491,0.9491,0.0018,0.0491,,False,False
62,No,0,"This is a composite primary key - it's still one key, but it's comprised of multiple columns.",Claim,Claim,0.9831,0.9831,0.0009,0.0159,,False,True
62,No,1,"Here 's a good, short description of composite primary keys.",Evidence,Evidence,0.5227,0.4748,0.0025,0.5227,0,False,False
63,No,0,Your observations are correct and the explanation is quite straightforward: The microtask queue only gets visited when the JavaScript execution context stack (a.k.a.,Claim,Claim,0.9891,0.9891,0.0026,0.0083,,False,False
63,No,1,"call-stack) is empty, (defined in cleanup after running a script , itself called by call a user's operation ).",Claim,Claim,0.9762,0.9762,0.0012,0.0226,,False,False
63,No,2,"Technically the event loop has quite a few calls to perform a microtask checkpoint , but the cases where the JS call-stack can be non-empty are so rare they can be disregarded.",Claim,Claim,0.9908,0.9908,0.0009,0.0083,,False,False
63,No,3,"Dispatching an Event through is synchronous , no new task is queued, the callbacks are just called from the current context, and moreover, the JS call stack is not empty .",Claim,Claim,0.9875,0.9875,0.001,0.0115,,False,False
63,No,4,"So the microtask queue doesn't get visited either, it will only be after the JS call stack is done, which in your code is when the original click event's handler job is executed completely.",Claim,Claim,0.9889,0.9889,0.0013,0.0098,,False,False
63,No,5,"However Events dispatched ""natively"" by the engine will create a new JS job per callback, and thus between each of them the JS call stack will be empty, and the microtask queue will get visited.",Claim,Claim,0.9791,0.9791,0.0011,0.0197,,False,False
64,No,0,"The main difference in my eyes is that SQL retrieves rows from tables - that is, from a finite set of instantiated objects corresponding to certaing filter conditions.",Claim,Claim,0.987,0.987,0.0068,0.0062,,False,True
64,No,1,"On the other hand, Prolog gives you theoretically all the instantiable objects that satisfy the conditions.",Evidence,Evidence,0.5668,0.4313,0.0018,0.5668,0,False,False
64,No,2,"And while in Prolog you can also retrieve entities from a finite set, in SQL you can't fetch all the values from a theoretically infinite set.",Claim,Claim,0.9831,0.9831,0.0014,0.0155,,False,False
65,No,0,"First of all, is a native property, not a method.",Claim,Claim,0.9946,0.9946,0.0035,0.0018,,False,False
65,No,1,'s method is the equivalent.,Claim,Claim,0.9875,0.9875,0.0061,0.0064,,False,False
65,No,2,"Secondly, you are not wrapping this in a handler: Try this: jsFiddle example",Claim,Claim,0.9077,0.9077,0.0018,0.0904,,False,False
66,No,0,"NOTE : To manipulate HTML, you can use better tools - HTML parsers - than an S&R dialog with regex support.",Claim,Claim,0.9929,0.9929,0.0028,0.0043,,False,False
66,No,1,"For a one-off job , if you need to use the pattern inside a search and replace dialog and there is only one tag with the equal to Category before the , you may use and replace with backreference sequence.",Claim,Claim,0.9805,0.9805,0.0009,0.0186,,False,True
66,No,2,"Details : - Group 2 capturing , then any 0+ chars (as many as possible) up to the last and then itself - Group 3 capturing any 0+ chars, as few as possible, up to the first... - Group 4 capturing The are backreferences to the groups defined in the pattern with the help of paired .",Evidence,Evidence,0.9253,0.0737,0.001,0.9253,1,False,False
67,No,0,"The reason is that on first render this ""this.state.data[0].username"" is not set, until the response comes back from the API call.",Evidence,Evidence,0.9148,0.0842,0.0009,0.9148,1,False,False
67,No,1,Something like this in your render method should work:,Claim,Claim,0.706,0.706,0.0024,0.2916,,False,True
68,No,0,The wildcard order from the is not preserved by Snakemake (note that different output and input files can use the same wildcards in different orders.,Claim,Claim,0.9454,0.9454,0.0009,0.0537,,False,False
68,No,1,Hence there is no canonical order that could be derived from the occurrence of the wildcards in the file pattern).,Claim,Claim,0.9776,0.9776,0.0045,0.0178,,False,True
68,No,2,"However, you can address the wildcard values by name, e.g.,: Please consider to go through the Snakemake tutorial .",Evidence,Evidence,0.981,0.0181,0.0008,0.981,1,False,False
69,No,0,"contains not only logs but also data for images, volumes, containers, networks etc.",Evidence,Evidence,0.9518,0.0474,0.0008,0.9518,1,False,False
69,No,1,To check which if these is using the space do This space can be reclaimed with which will clean And will not impact any running containers.,Claim,Claim,0.9904,0.9904,0.001,0.0085,,False,True
70,No,0,The below XAML can be used to add a Command Binding to a WPF TextBlock which will then work on a mouse action.,Claim,Claim,0.9457,0.9457,0.001,0.0533,,False,False
70,No,1,"The can be one of the built-in application commands, which would use the syntax as shown above, or it can be a custom that inherits from the Interface.",Claim,Claim,0.9864,0.9864,0.0016,0.012,,False,True
70,No,2,"In that case, the syntax would be: The doesn't provide any Intellisense tips on what to put there (in VS2015), so you have to do a little digging to get the valid enumerations.",Evidence,Evidence,0.9684,0.0304,0.0012,0.9684,1,False,False
70,No,3,"As of .NET 4.5, the valid entries for are: LeftClick - left mouse button click.",Claim,Claim,0.9187,0.9187,0.0014,0.0799,,False,False
70,No,4,LeftDoubleClick - left mouse button double-click.,Claim,Claim,0.9858,0.9858,0.0024,0.0119,,False,False
70,No,5,MiddleClick - middle mouse button click.,Claim,Claim,0.9898,0.9898,0.0045,0.0057,,False,False
70,No,6,MiddleDoubleClick - middle mouse button double-click. None - No action.,Claim,Claim,0.9871,0.9871,0.0016,0.0113,,False,False
70,No,7,RightClick - right mouse button click.,Claim,Claim,0.9848,0.9848,0.004,0.0112,,False,False
70,No,8,RightDoubleClick - right mouse button double-click.,Claim,Claim,0.9836,0.9836,0.0027,0.0137,,False,False
70,No,9,WheelClick - A mouse wheel rotation.,Claim,Claim,0.9852,0.9852,0.0071,0.0078,,False,False
70,No,10,Constants shown above are taken from MSDN .,Claim,Claim,0.5398,0.5398,0.0038,0.4564,,False,False
71,No,0,"A particular value of doesn't have a ""ticks per second"" associated with it; ticks are ticks no matter which they're in.",Claim,Claim,0.9946,0.9946,0.0022,0.0032,,False,False
71,No,1,"Ticks are 100 nanoseconds long, so there are 10,000,000 of them per second.",Claim,Claim,0.9943,0.9943,0.0019,0.0037,,False,False
71,No,2,"Now to get that as a string is as simple as the string literal ""10000000""... although in general you would obtain a number and just call on it.",Claim,Claim,0.9493,0.9493,0.0014,0.0493,,False,True
71,No,3,"For instance, you could use: Your question is a slightly odd one, so I wonder whether we're missing something... could you edit the question with more details about what you're trying to do.",Evidence,Evidence,0.87,0.1266,0.0034,0.87,2,False,False
71,No,4,"For example, are you trying to determine the number of ticks within the particular second of a particular ?",Evidence,Evidence,0.9652,0.0331,0.0017,0.9652,2,False,False
71,No,5,That's most easily done as:,Claim,Claim,0.9762,0.9762,0.0209,0.0029,,False,False
72,No,0,"In your Project Settings -> General-> Deployment Info, check ""Hide status bar"" field.",Claim,Claim,0.7702,0.7702,0.0011,0.2286,,False,False
72,No,1,"Next in your view controller override - prefersStatusBarHidden method, like this:",Claim,Claim,0.938,0.938,0.0014,0.0607,,False,False
73,No,0,"This was also my issue before, and it looks like Chris Schiffhauer's answer isn't the best solution by now, as WiX 3.9 or earlier is not specifically build for Visual Studio 2015.",Claim,Claim,0.9134,0.9134,0.0016,0.085,,False,True
73,No,1,The solution is just to install the latest builds of WiX v3.10 from this link as what they replied on their tweets: https://twitter.com/wixtoolset/status/597796279729528833 @5ervant latest builds of WiX v3.10 support @VisualStudio 2015.,Evidence,Evidence,0.9846,0.0143,0.001,0.9846,0,False,False
73,No,2,"I only have Visual Studio Community 2015 RC when I'm looking for a solution, and upon following Chris' answer, after installing WiX Toolset v3.9 R2, I didn't found the folder nor the folder in my system.",Claim,Claim,0.4995,0.4995,0.0013,0.4992,,False,False
74,No,0,I had the same problem and I found out that Kaspersky was blocking access to my camera.,Claim,Claim,0.9266,0.9266,0.0029,0.0705,,False,False
74,No,1,If you open Kapresky and go to Reports and then to the Host Intrusion Prevention column under the Advanced Thread Protection tab you can find if it blocks your camera.,Claim,Claim,0.9452,0.9452,0.0009,0.0539,,False,False
74,No,2,If that is the problem you can go to -> -> -> and click .,Claim,Claim,0.989,0.989,0.0018,0.0092,,False,False
74,No,3,Then go to the and click on -> .,Claim,Claim,0.7285,0.7285,0.0024,0.2691,,False,False
74,No,4,Search for and click Ok and check all the boxes.,Claim,Claim,0.9656,0.9656,0.0016,0.0328,,False,False
74,No,5,Click Ok and then Save and it should work.,Claim,Claim,0.983,0.983,0.0022,0.0148,,False,False
75,No,0,"Because your settings file doesn't specify a user to connect to Postgres with, you're trying to connect using the user account that's running your code (and because it's being run by mod_wsgi under Apache, that user is ).",Claim,Claim,0.9668,0.9668,0.001,0.0322,,False,False
75,No,1,"If you're using Postgres.app to run Postgres for you, you will need to set your database value to the username for your account on the system - so if your username was , set to like so: You can also update your apache config to run your code as a different user - take a look at WSGIDaemonProcess in the mod_wsgi docs if you'd like to get that going instead.",Claim,Claim,0.7188,0.7188,0.0011,0.2801,,False,False
76,No,0,Yet another suggestion to use a module.,Claim,Claim,0.9938,0.9938,0.0022,0.004,,False,False
76,No,1,Modules are not hard to write or use.,Claim,Claim,0.9928,0.9928,0.0023,0.0048,,False,False
76,No,2,They just seem hard until you write one.,Claim,Claim,0.9774,0.9774,0.0211,0.0015,,False,False
76,No,3,"After the first time, it will be easy.",Claim,Claim,0.9941,0.9941,0.0029,0.003,,False,False
76,No,4,"Many, many good things come from using modules--encapsulation, ease of testing, and easy code reuse to name a few.",Claim,Claim,0.9933,0.9933,0.0018,0.0049,,False,True
76,No,5,"See my answer to a similar question for an example module, with exported functions.",Evidence,Evidence,0.9626,0.0359,0.0015,0.9626,4,False,False
76,No,6,"Also, some very smart people in the Perl community like modules so much that they advocate writing apps as modules -- they call them modulinos . The technique works well.",Claim,Claim,0.9571,0.9571,0.04,0.0029,,False,False
76,No,7,"So, in conclusion, try writing a module today!",Claim,Claim,0.9922,0.9922,0.0022,0.0056,,False,False
77,No,0,I think the question needs a more thorough evaluation.,Claim,Claim,0.9703,0.9703,0.0284,0.0013,,False,False
77,No,1,"""interactive"" means the shell is running as REPL - a continuous read-execute-print loop.",Claim,Claim,0.9947,0.9947,0.0016,0.0037,,False,False
77,No,2,"""non-interactive"" means the shell is executing a script, command, or script block and terminates after execution.",Claim,Claim,0.9889,0.9889,0.0025,0.0086,,False,False
77,No,3,"If PowerShell is run with any of the options , , or , it is non-interactive.",Claim,Claim,0.978,0.978,0.0011,0.0209,,False,False
77,No,4,"Unfortunately, you can also run a script without options ( ), so there is no bullet-proof way of detecting whether the shell is interactive.",Claim,Claim,0.9935,0.9935,0.0016,0.0049,,False,False
77,No,5,So are we out of luck then?,Claim,Argument,0.5556,0.4419,0.5556,0.0026,,False,False
77,No,6,"No, fortunately PowerShell does automatically add options that we can test if PowerShell runs a script block or is run via ssh to execute commands ( ).",Claim,Claim,0.9874,0.9874,0.001,0.0116,,False,False
77,No,7,"Now test in your PowerShell profile whether this is in interactive mode, so the profile is not run when you execute a script, command or script block (you still have to remember to run - not )",Claim,Claim,0.9894,0.9894,0.001,0.0097,,False,False
78,No,0,You need to add an control to your winforms panel and put the WPF control in there.,Claim,Claim,0.9741,0.9741,0.0011,0.0248,,False,True
78,No,1,See here for more details: http://blogs.msdn.com/b/calvin_hsia/archive/2007/12/11/6740119.aspx,Evidence,Evidence,0.9847,0.0137,0.0016,0.9847,0,False,False
79,No,0,Who need regex?,Claim,Claim,0.9811,0.9811,0.0168,0.0021,,False,False
79,No,1,"And just because quotes are cool, here is the famous : Some people, when confronted with a problem, think ""I know, I'll use regular expressions.""",Claim,Claim,0.9841,0.9841,0.0084,0.0075,,False,False
79,No,2,Now they have two problems.,Claim,Claim,0.959,0.959,0.0376,0.0034,,False,False
80,No,0,The implementation in the boost library is worth considering.,Evidence,Evidence,0.9002,0.0985,0.0013,0.9002,1,False,False
80,No,1,It's easy to use and fairly high performance.,Claim,Claim,0.9817,0.9817,0.0017,0.0166,,False,True
80,No,2,I wrote a test & ran it on a quad core i7 laptop (8 threads) and get ~4M enqueue/dequeue operations a second.,Evidence,Evidence,0.9701,0.0288,0.0011,0.9701,1,False,False
80,No,3,Another implementation not mentioned so far is the MPMC queue at http://moodycamel.com/blog/2014/detailed-design-of-a-lock-free-queue .,Evidence,Evidence,0.9871,0.0114,0.0015,0.9871,1,False,False
80,No,4,I have done some simple testing with this implementation on the same laptop with 32 producers and 32 consumers.,Evidence,Evidence,0.9852,0.0135,0.0013,0.9852,1,False,False
80,No,5,"It is, as advertised, faster that the boost lockless queue.",Claim,Claim,0.9829,0.9829,0.0023,0.0149,,False,False
80,No,6,As most of the other answers state lockless programming is hard.,Claim,Claim,0.9942,0.9942,0.0028,0.003,,False,False
80,No,7,Most implementations will have hard to detect corner cases that take a lot of testing & debugging to fix.,Claim,Claim,0.9855,0.9855,0.0009,0.0135,,False,False
80,No,8,These are typically fixed with careful placement of memory barriers in the code.,Claim,Claim,0.9919,0.9919,0.001,0.0071,,False,False
80,No,9,You will also find proofs of correctness published in many of the academic articles.,Claim,Claim,0.8351,0.8351,0.0037,0.1612,,False,False
80,No,10,I prefer testing these implementations with a brute force tool.,Claim,Claim,0.9912,0.9912,0.0023,0.0066,,False,True
80,No,11,Any lockless algorithm you plan on using in production should be checked for correctness using a tool like http://research.microsoft.com/en-us/um/people/lamport/tla/tla.html .,Evidence,Evidence,0.9778,0.0209,0.0013,0.9778,10,False,False
81,No,0,I wrote this plugin that MAY solve this problem -> Here is the Code Excludes directories recursively by default now. See the README.,Evidence,Evidence,0.9615,0.0374,0.0011,0.9615,,True,False
82,No,0,"Try checking for duplicates with a method on the ArrayList, before adding a new element.",Claim,Claim,0.9917,0.9917,0.0012,0.0071,,False,True
82,No,1,"It would look something like this That should prevent duplicates in the list, as well as not mess up the order of elements , like people seem to look for.",Evidence,Evidence,0.7956,0.203,0.0013,0.7956,0,False,False
83,No,0,You need to add to your PYTHONPATH variable instead of Windows PATH variable. http://docs.python.org/using/windows.html,Evidence,Evidence,0.8461,0.1525,0.0014,0.8461,,True,False
84,No,0,"You can try JADClipse At least you will see the code, and be able to step return and step resume more easily.",Claim,Claim,0.9932,0.9932,0.0018,0.005,,False,False
84,No,1,I don't think there is any way to skip the classes u dont have the source for.,Claim,Claim,0.9858,0.9858,0.0016,0.0126,,False,False
85,No,0,"What you're asking about is actually a pathfinding question; more specifically, it's the ""any-angle pathfinding problem.""",Claim,Claim,0.9834,0.9834,0.0149,0.0017,,False,False
85,No,1,"If you can limit the edges of obstacles to a grid, then a popular solution is to just use A* on that grid, then apply path-smoothing.",Claim,Claim,0.9936,0.9936,0.0013,0.0051,,False,True
85,No,2,"However, there is a (rather recent) algorithm that is both simpler to implement/understand and gives better results than path-smoothing. It's called Theta* .",Evidence,Evidence,0.5651,0.4326,0.0024,0.5651,1,False,False
85,No,3,"There is a nice article explaining Theta* (from which I stole the above image) here If you can't restrict your obstacles to a grid, you'll have to generate a navigation mesh for your map: There are many ways of doing this, of varying complexity; see for example here , here , or here .",Evidence,Evidence,0.9913,0.0078,0.0009,0.9913,1,False,False
85,No,4,"A quick google search also turns up plenty of libraries available to do this for you, such as this one or this one .",Evidence,Evidence,0.9872,0.0114,0.0014,0.9872,1,False,False
86,No,0,You cannot use modifier here.,Claim,Claim,0.9918,0.9918,0.0036,0.0046,,False,False
86,No,1,It returns instead of .,Claim,Claim,0.9408,0.9408,0.0019,0.0573,,False,False
86,No,2,"If you want to add brightness to Color, you may need help from UIKit and need to implement as below.",Claim,Claim,0.9507,0.9507,0.0009,0.0484,,False,False
86,No,3,Then you can use it like this.,Claim,Claim,0.9692,0.9692,0.0021,0.0286,,False,False
86,No,4,You can also use this initializer for your custom color.,Claim,Claim,0.9377,0.9377,0.0014,0.0609,,False,False
87,No,0,Here's something that does what you want which is similar to code in the jaraco.windows project.,Evidence,Evidence,0.9528,0.0459,0.0013,0.9528,1,False,False
87,No,1,"And like it, only uses built-in Python modules âso doesn't require first downloading and installing the pywin32 extensions.",Claim,Claim,0.8461,0.8461,0.0026,0.1513,,False,True
87,No,2,Plus it's Python 2.6+ and 3.x compatible and supports Unicode environment variables and values (directory paths in this case).,Claim,Claim,0.7858,0.7858,0.0012,0.213,,False,True
87,No,3,Note that Windows administrator rights are required to change the permanent system-level environment variables. Sample usage:,Evidence,Evidence,0.8456,0.1523,0.0021,0.8456,2,False,False
88,No,0,"Rather than ""casting"", I think you really want to create an rather than a when invoking .",Claim,Claim,0.9915,0.9915,0.0027,0.0059,,False,False
88,No,1,To do that: Change to actually use the argument that's passed-in: You'll need to do something similar in .,Claim,Claim,0.9941,0.9941,0.002,0.0039,,False,False
88,No,2,"You didn't list the code for , but I assume that at some point it does something like: You want to replace this with: Remember: in Python a class object is a callable that constructs instances of that class.",Claim,Claim,0.9191,0.9191,0.0023,0.0786,,False,False
88,No,3,So you can use the parameter of a classmethod to construct instances of the class used to call the classmethod.,Claim,Claim,0.9877,0.9877,0.0019,0.0104,,False,False
89,No,0,"You can't write a dictionary to a file, as the method expects a string.",Claim,Claim,0.9932,0.9932,0.0016,0.0052,,False,False
89,No,1,"Instead, you can use either use or .",Claim,Claim,0.9842,0.9842,0.0017,0.0141,,False,False
89,No,2,"Code: Furthermore, you can directly iterate over the list and use the with statement to open the file:",Claim,Claim,0.9813,0.9813,0.0013,0.0173,,False,False
90,No,0,"You can get the raw ""collection"" object as implemented by the pymongo driver using the ._get_collection() method on the class.",Claim,Claim,0.892,0.892,0.0014,0.1066,,False,False
91,No,0,"Here's a solution that works perfectly, also when saving to an image file (like png).",Evidence,Evidence,0.9732,0.0255,0.0013,0.9732,2,False,False
91,No,1,I'm blatantly copying this from @etimberg at the chartjs issue tracker .,Evidence,Evidence,0.9476,0.0513,0.0011,0.9476,2,False,False
91,No,2,This should go before your chart in the source.,Claim,Claim,0.7636,0.7636,0.0014,0.235,,False,True
92,No,0,"completing Kai Noack's answer, I would do this: this way once you print page, This will return to have its original title .",Claim,Claim,0.9699,0.9699,0.0014,0.0287,,False,False
93,No,0,This is one way to do it: and wrap that from ApplicationHelper for use in views in middleware UPDATE: it does not need to be in a separate module (BrowserUtil) in middleware use in views it would use the included method,Claim,Claim,0.9701,0.9701,0.001,0.0289,,False,False
94,No,0,There is no Zero-dependency Erlang Ubuntu/Debian for RabbitMQ.,Claim,Claim,0.9853,0.9853,0.0024,0.0122,,False,False
94,No,1,But the Erlang Solution package can be installed easily.,Claim,Claim,0.9922,0.9922,0.0028,0.005,,False,True
94,No,2,"We built the Centos package because the dependencies are hard to install on Centos (if you don't want to use the ) If you want to create an offline setup, you can do it like for other packages ( https://askubuntu.com/questions/974/how-can-i-install-software-or-packages-without-internet-offline ).",Evidence,Evidence,0.9103,0.0876,0.002,0.9103,1,False,False
94,No,3,Or you can create your own package by building Erlang from source code.,Claim,Claim,0.9907,0.9907,0.0026,0.0067,,False,False
94,No,4,Note also RabbitMQ has dependencies as,Claim,Claim,0.6698,0.6698,0.0018,0.3284,,False,False
95,No,0,html doesn't recognize multiple spaces.,Claim,Claim,0.9145,0.9145,0.0012,0.0843,,False,False
95,No,1,You you put your data between tags to say that is is per-formatted.,Claim,Claim,0.9905,0.9905,0.0012,0.0083,,False,False
95,No,2,Or you could replace the space with .,Claim,Claim,0.9916,0.9916,0.004,0.0044,,False,False
95,No,3,This is a non breaking space character .,Claim,Claim,0.9799,0.9799,0.0034,0.0166,,False,False
95,No,4,"Space is used for formatting your html code, and hence if you have more than one space, it gets wrapped to just one.",Claim,Claim,0.9828,0.9828,0.0009,0.0163,,False,False
96,No,0,"is for objects, not actions.",Claim,Claim,0.995,0.995,0.0024,0.0026,,False,False
96,No,1,You should probably write an method that looks something like this: and connect it to the Touch Up Inside action from the button.,Claim,Claim,0.9825,0.9825,0.0013,0.0163,,False,False
96,No,2,You can search for more info on but that's likely what you want,Claim,Claim,0.9925,0.9925,0.0022,0.0053,,False,False
97,No,0,Have you looked to see what the database driver is returning?,Claim,Claim,0.9916,0.9916,0.001,0.0074,,False,False
97,No,1,"I'm willing to bet that it's returning a SQL , which is manifestly neither a C# nor a string.",Claim,Claim,0.9691,0.9691,0.0017,0.0291,,False,False
97,No,2,The exception is being thrown from inside the method if you look at the stack trace.,Claim,Claim,0.9933,0.9933,0.0014,0.0053,,False,False
97,No,3,Before invoking you have to verify that the column is the desired type (a string) and that it is non-null. The method indicates nullity.,Claim,Claim,0.9849,0.9849,0.001,0.0141,,False,False
98,No,0,You can make database-migration as submodule of first-api.,Claim,Claim,0.989,0.989,0.0017,0.0093,,False,True
98,No,1,See https://docs.gitlab.com/ce/ci/git_submodules.html Do not forget to add to .gitlab-ci.yml i.e.,Evidence,Evidence,0.9276,0.0712,0.0011,0.9276,0,False,False
98,No,2,Create submodule Edit .gitmodules Replace with Add to .gitlab-ci.yml Commit and push,Claim,Claim,0.8129,0.8129,0.0014,0.1857,,False,False
99,No,0,"In addition to Umriyaev's answer: If only the hue is needed, it is not required to divide the 0-255 ranged colours with 255. The result of e.x.",Claim,Claim,0.7244,0.7244,0.002,0.2736,,False,False
99,No,1,will be the same for any range (as long as the colours are in the same range of course).,Claim,Claim,0.9911,0.9911,0.0021,0.0068,,False,True
99,No,2,"Here is the java example to get the Hue: Edit: added check if min and max are the same, since the rest of the calculation is not needed in this case, and to avoid division by 0 (see comments) Edit: fixed java error",Evidence,Evidence,0.9411,0.0576,0.0012,0.9411,1,False,False
100,No,0,TL;DR : Recursion.,Claim,Claim,0.9872,0.9872,0.0084,0.0044,,False,False
100,No,1,"(Or ""mathematical induction"", if you're snobbish.)",Claim,Argument,0.9168,0.0816,0.9168,0.0016,,False,False
100,No,2,"(In what follows, ""he is dead after he walks steps on the island"" is assumed to mean ""he dies after less than or equal to steps"".",Claim,Claim,0.9871,0.9871,0.0092,0.0037,,False,False
100,No,3,"If you take it to mean ""he dies after exactly steps"", the answer will be slightly different.",Claim,Claim,0.995,0.995,0.003,0.0021,,False,False
100,No,4,I'll discuss it briefly at the end.),Claim,Claim,0.735,0.735,0.0165,0.2485,,False,False
100,No,5,We have an matrix where the value in each cell represents the probability of dying in steps if we started from that cell.,Claim,Claim,0.8073,0.8073,0.002,0.1907,,False,False
100,No,6,Consider the probability of dying in steps.,Claim,Claim,0.9866,0.9866,0.0105,0.0029,,False,False
100,No,7,"Clearly, this is for every location inside the island, and everywhere outside it.",Claim,Claim,0.9942,0.9942,0.0012,0.0046,,False,False
100,No,8,What's the probability of dying in steps?,Claim,Claim,0.9758,0.9758,0.022,0.0021,,False,False
100,No,9,"You have four directions you can move in, with equal probability.",Claim,Claim,0.9951,0.9951,0.0019,0.003,,False,False
100,No,10,"So for each cell, you take its four neighbors, find their probability of dying in steps, and average them together.",Claim,Claim,0.653,0.653,0.0022,0.3448,,False,False
100,No,11,"(If a neighbor is outside the matrix, you consider its probability to be .)",Claim,Claim,0.993,0.993,0.0027,0.0043,,False,False
100,No,12,"Similarly, the probability of dying in steps starting from a given cell is the average of the probability of dying in steps starting from its neighbour cells.",Claim,Claim,0.9161,0.9161,0.0034,0.0804,,False,False
100,No,13,"Python code: Now, let's test it out a bit: ( is just a function for printing matrices nicely) As expected: You can't die in 0 steps if you start inside the island.",Claim,Claim,0.602,0.602,0.0018,0.3961,,False,False
100,No,14,This is what we'd expect.,Claim,Claim,0.993,0.993,0.0019,0.0051,,False,False
100,No,15,"If you start at a corner cell, you have probability of dying in 1 step: 2 out of your 4 neighbors are outside the island.",Claim,Claim,0.9948,0.9948,0.0015,0.0038,,False,False
100,No,16,"If you start on an edge, only 1 neighbor is outside, so your probability of dying is .",Claim,Claim,0.9945,0.9945,0.0025,0.003,,False,False
100,No,17,"Everywhere else, all neighbors are inside the island, so probability of dying in 1 step is .",Claim,Claim,0.9945,0.9945,0.0017,0.0038,,False,False
100,No,18,The probability of dying in 5 steps.,Claim,Claim,0.9938,0.9938,0.0023,0.0039,,False,False
100,No,19,"I can't verify the exact values, but it looks about right: The probability of dying is highest in the corners, a little lower at the edges, and decreases steadily inwards.",Claim,Claim,0.8529,0.8529,0.0025,0.1446,,False,False
100,No,20,That solves the problem of dying in less than or equal to steps.,Claim,Claim,0.9946,0.9946,0.0022,0.0032,,False,False
100,No,21,"Now, to find the probability of dying in exactly steps: Let the probability of dying in less than or equal to steps starting from be denoted by .",Claim,Claim,0.9827,0.9827,0.0024,0.015,,False,False
100,No,22,"Then the probability of dying in exactly steps is the probability of surviving for steps, times the probability of dying in the th step given that we survived for steps: .",Claim,Claim,0.9804,0.9804,0.0118,0.0078,,False,False
100,No,23,(I'm not all that sure about this formula; correct me if I'm wrong.),Claim,Claim,0.987,0.987,0.0084,0.0046,,False,False
101,No,0,The only hint she gave us was that we needed to make 2 lists.,Claim,Claim,0.992,0.992,0.0037,0.0044,,False,False
101,No,1,and this is where she lost me.,Claim,Claim,0.9505,0.9505,0.0467,0.0029,,False,False
101,No,2,"That seems to imply that you cannot use , and probably not even dictionaries.",Claim,Claim,0.9898,0.9898,0.0056,0.0046,,False,False
101,No,3,"If we can assume that letters are defined as the English alphabet, then one list is enough.",Claim,Claim,0.6667,0.6667,0.3315,0.0017,,False,True
101,No,4,"In that case, you could create a list of 26 items, all initialized to 0.",Evidence,Evidence,0.9842,0.0144,0.0015,0.9842,3,False,False
101,No,5,"Then you could iterate over the characters of the string, and for each letter of the English alphabet, increment the count of the -th item in the list, where is the index of the letter in the alphabet.",Evidence,Evidence,0.6601,0.3378,0.0021,0.6601,3,False,False
101,No,6,"Create a list of 26 zeros: Loop over the characters of the input string : Check that the character is a letter: Calculate the 0-based index of the letter in the alphabet and increment the count: Once you have the counts, you can find the index that has the maximum value (left for you as an exercise), and get the corresponding character with .",Claim,Claim,0.6193,0.6193,0.0015,0.3791,,False,False
102,No,0,Following both method is valid.,Claim,Claim,0.9929,0.9929,0.0037,0.0034,,False,False
102,No,1,Method 1 Concatenate with sign and wrap string with single/double quotation.,Claim,Claim,0.9914,0.9914,0.0018,0.0068,,False,False
102,No,2,Method 2 Wrap with backtick and wrap variables with .,Claim,Claim,0.9855,0.9855,0.0015,0.013,,False,False
102,No,3,"As is a method so,",Claim,Claim,0.9853,0.9853,0.0104,0.0043,,False,False
103,No,0,"This is an open issue in python's issue tracker, however there is a simple workaround for it.",Claim,Claim,0.8286,0.8286,0.002,0.1694,,False,True
103,No,1,Simply create a titled group and add your mutually exclusive group to that one: Courtesy of Paul .,Evidence,Evidence,0.5104,0.4863,0.0033,0.5104,0,False,False
104,No,0,"The in must be a positive integer or zero, and will return an error ( ) otherwise .",Claim,Claim,0.9885,0.9885,0.0014,0.0101,,False,False
104,No,1,is valid only for receive operations.,Claim,Claim,0.9921,0.9921,0.0013,0.0066,,False,False
105,No,0,"First, compile your code.",Claim,Claim,0.9888,0.9888,0.0036,0.0076,,False,False
105,No,1,I do not think you really want to compile class B from class A as you have written.,Claim,Claim,0.9886,0.9886,0.003,0.0084,,False,False
105,No,2,This almost does not make any sense.,Claim,Claim,0.9911,0.9911,0.0021,0.0068,,False,False
105,No,3,"Now, since both are java classes you can just call methods of one class from another directly.",Claim,Claim,0.9944,0.9944,0.0016,0.004,,False,False
105,No,4,"If however your really mean that 2 classes are independent programs, so that each one has its own main method you can run one application from another using either or using .",Claim,Claim,0.9915,0.9915,0.0022,0.0064,,False,False
105,No,5,Please pay attention on words really I wrote.,Claim,Claim,0.9933,0.9933,0.0025,0.0042,,False,False
105,No,6,I am pretty sure you do not want to call one java program from another.,Claim,Claim,0.9948,0.9948,0.0019,0.0034,,False,False
105,No,7,"Most chances are that you want to call methods of one class from another, so do this.",Claim,Claim,0.992,0.992,0.0024,0.0056,,False,False
106,No,0,Can't you just use duck typing?,Claim,Claim,0.9903,0.9903,0.0061,0.0036,,False,True
106,No,1,"I.e., just assume that you're feeding the function an object of the right type and throw an error if at some point e.g.",Evidence,Evidence,0.8535,0.1445,0.002,0.8535,0,False,False
106,No,2,you don't have a string in your iterable.,Claim,Claim,0.9893,0.9893,0.0014,0.0093,,False,False
106,No,3,This should improve once you can really talk about iterables using traits; currently there is no iterable type.,Claim,Claim,0.9931,0.9931,0.0023,0.0046,,False,True
106,No,4,"Scott's answer, for example, will not work with a tuple of strings, even though that is iterable. E.g.",Evidence,Evidence,0.9828,0.0154,0.0018,0.9828,3,False,False
107,No,0,"If you are open to using a third-party library, you can use from Eclipse Collections with a Java 8 to create a and request the , which will return a of which is the tag value and the count of the number of occurrences.",Claim,Claim,0.5264,0.5264,0.0013,0.4723,,False,False
107,No,1,"In the case of a tie, the will have more than one result.",Claim,Claim,0.9946,0.9946,0.0021,0.0032,,False,False
107,No,2,Note: I am a committer for Eclipse Collections.,Claim,Claim,0.9755,0.9755,0.0018,0.0227,,False,False
108,No,0,The managed ODP.net client is exactly what you want.,Claim,Claim,0.994,0.994,0.0025,0.0035,,False,False
108,No,1,"Now that there's a 12c version out, it's a simple single assembly that you can deploy with your application and not have to worry about Oracle installations.",Claim,Claim,0.9915,0.9915,0.0016,0.0068,,False,False
108,No,2,There's also a nuget package that you can use if you don't want to install on your system.,Claim,Claim,0.9949,0.9949,0.0016,0.0035,,False,False
108,No,3,That is very painless to get up and running.,Claim,Claim,0.9911,0.9911,0.0027,0.0062,,False,False
108,No,4,Here's some links to those: Main package Second package to use Entity Framework 6/Code First,Claim,Claim,0.7328,0.7328,0.0016,0.2657,,False,False
109,No,0,"Declaring Visibility By default, all methods in Ruby classes are public - accessible by anyone.",Claim,Claim,0.9941,0.9941,0.0014,0.0046,,False,False
109,No,1,"There are, nonetheless, only two exceptions for this rule : the global methods defined under the Object class, and the initialize method for any class.",Claim,Claim,0.9861,0.9861,0.0094,0.0045,,False,False
109,No,2,Both of them are implicitly private .,Claim,Claim,0.9919,0.9919,0.0043,0.0038,,False,False
109,No,3,"You can just ask the same to your class , your class will tell you, if it has the method or not. look this",Claim,Claim,0.983,0.983,0.0011,0.0159,,False,False
110,No,0,"Starting with Redis 7.4 , it is possible to expire single hash fields.",Claim,Claim,0.889,0.889,0.0011,0.1099,,False,True
110,No,1,Find more information in the docs .,Evidence,Evidence,0.9564,0.0422,0.0014,0.9564,0,False,False
111,No,0,< tl;dr > You can use Basic authentication to provide a headless experience to Team Foundation Service .,Claim,Claim,0.9884,0.9884,0.0017,0.0098,,False,False
111,No,1,"Also, if you're not using the TFS SDK for Java , it may help you out.",Claim,Claim,0.9785,0.9785,0.0012,0.0203,,False,False
111,No,2,"< /tl;dr > Generally speaking, there are three types of credentials that you can use to authenticate, and that determines the mechanism you use for authentication: A Live ID.",Claim,Claim,0.9694,0.9694,0.0015,0.0291,,False,False
111,No,3,"As you noted, this requires you to log in to a Windows Live with a web browser and use the resultant OAuth tokens to authenticate.",Claim,Claim,0.9919,0.9919,0.0012,0.0068,,False,False
111,No,4,"An additional password mapped to your Live ID, which exists for the purposes of Basic authentication.",Claim,Claim,0.9922,0.9922,0.0014,0.0064,,False,False
111,No,5,Instructions for setting up this additional mapping are available in the August 27 announcement about this feature . A service account.,Claim,Claim,0.5662,0.5662,0.0018,0.4319,,False,True
111,No,6,"In addition to the list of users (specified by Live ID), your Team Foundation Service account also has a special user account that it uses for things like build automation and the like.",Evidence,Evidence,0.851,0.1476,0.0013,0.851,5,False,False
111,No,7,There is one service account for each Team Foundation Service account and - as the name implies - this is an administrator account.,Claim,Claim,0.9921,0.9921,0.0018,0.0061,,False,False
111,No,8,Let's take a look at each option: Live ID : Authenticating with a Live ID using OAuth is going to be difficult for your command-line application.,Claim,Claim,0.9942,0.9942,0.0017,0.0042,,False,False
111,No,9,"What Visual Studio does here is to open Internet Explorer to tfspreview.com , which will ultimately prompt you to enter your Live ID credentials.",Claim,Claim,0.7594,0.7594,0.0014,0.2392,,False,False
111,No,10,"At that point, the various OAuth cookies will get set into your web browser.",Claim,Claim,0.993,0.993,0.0019,0.0051,,False,False
111,No,11,"Since Visual Studio and Internet Explorer share the same underlying HTTP connection mechanism, it can make use of these same cookies.",Claim,Claim,0.9588,0.9588,0.0011,0.0401,,False,False
111,No,12,"With a Java command-line client, you don't have that luxury (unless you're writing this exclusively for Windows and want to write some JNI to call the system's HTTP library that is.)",Claim,Claim,0.9938,0.9938,0.0037,0.0025,,False,False
111,No,13,So what are your options?,Claim,Claim,0.9843,0.9843,0.0131,0.0026,,False,False
111,No,14,I suppose it's possible that you could follow the redirect you're given - at which point you will eventually get a login page that you could POST your credentials to and ultimately get an OAuth cookie sent back to you that you could then use for authentication.,Claim,Claim,0.9936,0.9936,0.0022,0.0042,,False,False
111,No,15,"But I suspect that this is probably not the road you want to go down, though.",Claim,Claim,0.9597,0.9597,0.0382,0.002,,False,False
111,No,16,I strongly suspect that there's a healthy dose of JavaScript required to get you logged in.,Claim,Claim,0.9926,0.9926,0.004,0.0034,,False,False
111,No,17,"Basic Authentication : These require an additional step in setup, but are simple and obvious.",Claim,Claim,0.9891,0.9891,0.0016,0.0093,,False,False
111,No,18,There's no reason not to use these.,Claim,Claim,0.9946,0.9946,0.0024,0.0031,,False,False
111,No,19,"Service Accounts : Lacking a web browser, though, you are able to present a WRAP token with your service credentials.",Claim,Claim,0.9922,0.9922,0.0012,0.0066,,False,False
111,No,20,You can view the service credentials for your account using the very helpful TFS Service Credential Viewer .,Claim,Claim,0.8827,0.8827,0.0012,0.1161,,False,False
111,No,21,With your service account username and password you can create a WRAP cookie to authenticate with.,Claim,Claim,0.995,0.995,0.002,0.0031,,False,False
111,No,22,"But at this point, you're authenticating as the service account, not one of your user accounts.",Claim,Claim,0.9946,0.9946,0.0025,0.0029,,False,False
111,No,23,"If you don't want to mess with creating WRAP tokens yourself, you can also use the Team Foundation Server SDK for Java to build a connection.",Claim,Claim,0.9866,0.9866,0.0014,0.012,,False,False
111,No,24,Simply hand your service credentials in as when you create a .,Claim,Claim,0.9932,0.9932,0.0021,0.0047,,False,False
111,No,25,"Even if you don't want to use the API methods against the server, you can get the raw from that connection and it will have all the necessary configuration set.",Claim,Claim,0.9887,0.9887,0.0009,0.0104,,False,False
111,No,26,Taking a dependency on the SDK will also benefit you if we add new authentication mechanisms to the Team Foundation Service in the future as the SDK's API should not change dramatically.,Claim,Claim,0.9943,0.9943,0.0015,0.0042,,False,False
112,No,0,In your SOLR schema define two fields - and . should be multivalued.,Claim,Claim,0.9722,0.9722,0.0015,0.0264,,False,False
112,No,1,Then aggregate in your s the text data for the id and index.,Claim,Claim,0.8791,0.8791,0.0013,0.1195,,False,False
112,No,2,"I don't know the API, but using SolrJ it is fairly easy to aggregate using .",Claim,Claim,0.9581,0.9581,0.0013,0.0406,,False,True
112,No,3,Example update Example .NET update I would define my class in the following way: Then I will populate it and submit with something like this pseudo-.NET code:,Evidence,Evidence,0.8581,0.1405,0.0014,0.8581,2,False,False
113,No,0,"Yes, that's possible using .",Claim,Claim,0.991,0.991,0.0027,0.0062,,False,True
113,No,1,"Setup: This will set up a git repository with one branch named (svn trunk), and another branch named (git develop).",Evidence,Evidence,0.6575,0.3409,0.0016,0.6575,0,False,False
113,No,2,Then to apply commits: ...this will apply the last 10 commits on trunk and commit them to develop.,Claim,Claim,0.5672,0.5672,0.0017,0.4312,,False,False
114,No,0,"For windows users getting the key from openssl, may be tricky some times..",Claim,Claim,0.9407,0.9407,0.0014,0.0579,,False,False
114,No,1,I always use this to find the right signature.. Just paste this code in your onCreate() and run.,Claim,Claim,0.9787,0.9787,0.0013,0.02,,False,False
114,No,2,Update: Using Android studio(2.1.2): Open your project on studio and click on the gradle icon.,Claim,Claim,0.6941,0.6941,0.0015,0.3044,,False,False
114,No,3,Choose your app -> Tasks -> android -> SigningReport This will run a gradle task that will print the debug and release certificate with md5 and sha1 keys,Claim,Claim,0.8676,0.8676,0.001,0.1314,,False,False
115,No,0,Here's a little demo of what I'm about to explain: little link .,Evidence,Evidence,0.9582,0.0404,0.0015,0.9582,1,False,False
115,No,1,"First, position your and using and , respectively.",Claim,Claim,0.8297,0.8297,0.0021,0.1682,,False,True
115,No,2,"Add of padding to both top and bottom of , and make sure its is .",Claim,Claim,0.8701,0.8701,0.002,0.1279,,False,False
115,No,3,"Set your 's to , and also make sure it's a . Basically; HTML: CSS:",Claim,Claim,0.9494,0.9494,0.0017,0.0489,,False,False
116,No,0,"No, and this is a very common and harmless scenario.",Claim,Claim,0.992,0.992,0.0052,0.0028,,False,False
116,No,1,"namespace is a great example of similar ""redundant"" interface declarations: Both and evidently implement and the world hasn't ended.",Claim,Claim,0.9799,0.9799,0.0018,0.0183,,False,False
116,No,2,"Don't confuse this with interface reimplementation , which does change behavior: And now,",Claim,Claim,0.9947,0.9947,0.0024,0.0029,,False,False
117,No,0,"GridView supports: sorting by click paging editing selection template-based layout (rendered within ) ListView supports: List item paging (need to use DataPager) editing selection sorting by click (need to create an event handler manually) template-based layout (rendered as you want it + provides more templates, e.g.",Evidence,Evidence,0.9848,0.0139,0.0013,0.9848,2,False,False
117,No,1,"- GroupTemplate) The reason to use ListView would be if you need some special layout , for example, to create a table that places more than one item in the same row, or to break free from table-based rendering altogether) - which is not possible with GridView.",Evidence,Evidence,0.7799,0.2182,0.0018,0.7799,2,False,False
117,No,2,"Using GridView on the other hand is easier and faster , so unless you need special layout to display your data, use GridView.",Claim,Claim,0.9928,0.9928,0.0018,0.0054,,False,True
118,No,0,If you specify any of your peripheral's characteristics with an 'encryptionRequired' property ( or ) or permissions ( or ) then bonding is required between the devices.,Claim,Claim,0.9871,0.9871,0.0007,0.0122,,False,False
118,No,1,If the devices aren't already bonded then this will trigger the pairing dialog and require a pin to be entered.,Claim,Claim,0.9924,0.9924,0.0011,0.0065,,False,False
118,No,2,If you don't specify any of the encryption properties or permissions on your peripheral's characteristics then you won't be prompted to pair.,Claim,Claim,0.9934,0.9934,0.0009,0.0056,,False,False
119,No,0,The best solution for your problem is to use a or a because these components are dynamic and can display from 0 to n views perfectly.,Claim,Claim,0.9882,0.9882,0.001,0.0108,,False,True
119,No,1,": https://developer.android.com/reference/android/widget/ListView.html : https://developer.android.com/reference/android/support/v7/recyclerview/package-summary.html After use it, you are able to control when your user click.",Evidence,Evidence,0.9822,0.0168,0.001,0.9822,0,False,False
120,No,0,"To simply reduce the number of allocations, you can make the closure passed to return an iterator instead of a : That is, for each chunk, create an iterator that yields the contents of the chunk followed by a ed string of 0s, and truncate it ( ) to total size .",Claim,Claim,0.6677,0.6677,0.0015,0.3308,,False,False
120,No,1,This does not require creating any s to store intermediate results and so it allocates less... most likely.,Claim,Claim,0.9397,0.9397,0.0014,0.0589,,False,False
120,No,2,"This is okay, but it could be better.",Claim,Claim,0.9931,0.9931,0.0038,0.0031,,False,True
120,No,3,"can't know the size of the internal iterators, so it doesn't give a useful (see Efficiency of flattening and collecting slices for a similar example).",Evidence,Evidence,0.9623,0.0367,0.001,0.9623,2,False,False
120,No,4,This means the in the solution above starts empty and may have to be grown (reallocated and its contents copied) several times before it is large enough.,Claim,Claim,0.8811,0.8811,0.0015,0.1175,,False,False
120,No,5,"Instead, we can use first to reserve the correct amount of space, and the vector instead of ing into it: It is also possible to resize the grid in-place, with at most one reallocation (often reusing the existing one).",Claim,Claim,0.5967,0.5967,0.0013,0.402,,False,False
120,No,6,"However, that algorithm is significantly more complicated.",Claim,Claim,0.9414,0.9414,0.0025,0.0561,,False,False
120,No,7,The above is how I would write unless it were proven to be a bottleneck.,Claim,Claim,0.9922,0.9922,0.0027,0.0051,,False,False
121,No,0,"You could actually handle this with MYSQL in your query, which i would find easier because then you don't have to handle dates in php.",Claim,Claim,0.9879,0.9879,0.002,0.0101,,False,True
121,No,1,For example: (DueDate < CURDATE()) returns 0/1 otherwise: Compare given date with today,Evidence,Evidence,0.9813,0.0175,0.0012,0.9813,0,False,False
122,No,0,"In general, it doesn't seem that your format is unambiguous â something like could mean either that maps to and maps to , or that maps to â but for a good approximation, you can write: this will split on commas ( ), with the added restriction that the comma must be followed by one or more ""word characters"" ( â letters, digits, underscores) plus an equals sign.",Evidence,Evidence,0.9338,0.0647,0.0015,0.9338,1,False,False
122,No,1,(This is called a lookahead assertion .),Claim,Claim,0.991,0.991,0.004,0.005,,False,True
123,No,0,I'll explain what an uber JAR is first because this underpins the shading explanation.,Claim,Claim,0.9858,0.9858,0.0045,0.0097,,False,False
123,No,1,"Uber JAR An uber JAR is a JAR which contains the contents of multiple JARs (or, less commonly, multiple other JARs themselves) Your application will almost certainly use other packages and these packages might be provided as JARs.",Claim,Claim,0.9919,0.9919,0.0015,0.0066,,False,False
123,No,2,When using Maven these dependencies would be expressed as follows: At runtime your application will expect to find the classes contained in this JAR on its classpath.,Claim,Claim,0.8936,0.8936,0.0015,0.1049,,False,False
123,No,3,"Rather than shipping each of these dependent JARs along with your application, you could create an uber JAR which contains all of the classes etc from these dependent JARs and then simply run your application from this uber JAR.",Claim,Claim,0.9434,0.9434,0.0013,0.0552,,False,False
123,No,4,Shading Shading provides a way of creating an uber JAR and renaming the packages which that uber JAR contains.,Claim,Claim,0.9845,0.9845,0.0009,0.0146,,False,False
123,No,5,If your uber JAR is likely to be used as a dependency in another application then there's a risk that the versions of the dependent classes in the uber JAR might clash with versions of those same dependencies in this other application.,Claim,Claim,0.9939,0.9939,0.0013,0.0048,,False,False
123,No,6,Shading helps to avoid any such issue by renaming the packages within the uber JAR.,Claim,Claim,0.9907,0.9907,0.0012,0.0081,,False,True
123,No,7,For example: You create an uber JAR which contains v1.0.0 of the library.,Evidence,Evidence,0.9912,0.0075,0.0013,0.9912,6,False,False
123,No,8,"Someone else uses your uber JAR in their application, The application has its own dependency on but on v1.2.0 of that library.",Claim,Claim,0.9772,0.9772,0.0009,0.0219,,False,False
123,No,9,"Now, if there is any clash between versions 1.0.0 and 1.2.0 of we may have a problem because the owner of cannot rely on which one will be loaded so either their code will misbehave or your code - when running within their application - will misbehave.",Claim,Claim,0.9949,0.9949,0.0018,0.0033,,False,True
123,No,10,Shading helps to avoid issues such as this and also allows the provider of to be explicit about the versions of the dependent libraries it uses.,Evidence,Evidence,0.9827,0.0161,0.0012,0.9827,9,False,False
123,No,11,The allows you to (a) create an uber JAR and (b) to shade its contents.,Claim,Claim,0.9392,0.9392,0.0012,0.0596,,False,False
123,No,12,Summary Creating an uber JAR is a useful technique for simplifying your deployment process.,Claim,Claim,0.9943,0.9943,0.0024,0.0033,,False,False
123,No,13,Shading is an extension to the uber JAR idea which is typically limited to use cases where The JAR is a library to be used inside another application/library The authors of the JAR want to be sure that the dependencies used by the JAR are in their control The authors of the JAR want to avoid 'version clash' issues for any applications/libraries using the JAR,Claim,Claim,0.9951,0.9951,0.0023,0.0026,,False,False
124,No,0,"Firstly to all those question comments, is not custom method, it is the console api provided by browser.",Claim,Claim,0.9871,0.9871,0.0028,0.0101,,False,False
124,No,1,getEventListeners(object) getEventListeners(object) returns the event listeners registered on the specified object.,Claim,Claim,0.9345,0.9345,0.0012,0.0644,,False,False
124,No,2,I executed the code which you have provided in the question.,Claim,Claim,0.9799,0.9799,0.003,0.017,,False,True
124,No,3,"It just works fine in Firefox , check the attached snapshot I executed the same in Chrome browser But this is not expected.",Evidence,Evidence,0.9226,0.0764,0.001,0.9226,2,False,False
124,No,4,"As it is valid and also Firefox is doing right, the same should have been worked in chrome.",Claim,Claim,0.9921,0.9921,0.0018,0.0061,,False,True
124,No,5,I checked all the answers in var functionName = function() {} vs function functionName() {} and all other resources.,Evidence,Evidence,0.9174,0.0816,0.001,0.9174,4,False,False
124,No,6,It explains the scope/visibility of function declaration and function expression.,Claim,Claim,0.9852,0.9852,0.0012,0.0136,,False,False
124,No,7,But here the problem is visibility of getEventListeners function not function-working or function-notWorking.,Claim,Claim,0.8317,0.8317,0.0011,0.1672,,False,False
124,No,8,"So I think this must be defect in Chrome or the method should not be used in script, it is only for debugging purpose as specified in Command Line API Reference .",Claim,Claim,0.9729,0.9729,0.001,0.0261,,False,False
124,No,9,Note : This API is only available from within the console itself.,Claim,Claim,0.9911,0.9911,0.0017,0.0072,,False,False
124,No,10,You cannot access the Command Line API from scripts on the page. More information,Claim,Claim,0.9873,0.9873,0.0012,0.0115,,False,False
125,No,0,The best way to do this is with a technique called splatting .,Claim,Claim,0.9827,0.9827,0.0104,0.0069,,False,False
125,No,1,You create a hashtable of the parameters you want to pass and then you use with the variable name (instead of ) to indicate that you want to splat it in to the required cmdlets parameters:,Claim,Claim,0.8728,0.8728,0.001,0.1261,,False,False
126,No,0,"is what you get when you print a byte array, i.e. binary data.",Claim,Claim,0.9926,0.9926,0.002,0.0055,,False,False
126,No,1,"To get a String from that, you need to know the encoding, and then you can do: Of course, that only works if that data is actually printable data.",Claim,Claim,0.9881,0.9881,0.0012,0.0107,,False,False
127,No,0,It looks like it need to be wrapped into a promise and can't be returned directly.,Claim,Claim,0.9916,0.9916,0.0014,0.007,,False,False
127,No,1,They use the angular $q component.,Claim,Claim,0.7905,0.7905,0.002,0.2075,,False,False
127,No,2,I made it working with returning: You will get $q via dependency injection in the constructor:,Claim,Claim,0.9794,0.9794,0.002,0.0186,,False,False
128,No,0,is your friend and might have everything that you're looking for (including the current layout (page).,Claim,Claim,0.9735,0.9735,0.0017,0.0249,,False,True
128,No,1,"The javadoc I linked is not that great, but the methods you'll find there are mostly descriptive and should give you a clue what kind of current context you can get from this object. e.g.",Evidence,Evidence,0.9844,0.0129,0.0027,0.9844,0,False,False
128,No,2,"in a Theme, you can use to get the current page",Claim,Claim,0.9765,0.9765,0.0015,0.0219,,False,False
129,No,0,"Although Ariz's answer is correct, I strongly recommend you to look into AWS Pre-Signed Upload URLs .",Claim,Claim,0.9867,0.9867,0.0027,0.0107,,False,False
129,No,1,"It allows your clients to upload the file first to an AWS S3 Bucket, from where your lambda function can later access the object.",Claim,Claim,0.9882,0.9882,0.0011,0.0107,,False,False
129,No,2,"Especially when you're working with large binary files, the former approach can lead to a lot of problems (-> memory issues, which is sparse in Lambda).",Claim,Claim,0.6675,0.6675,0.003,0.3295,,False,True
129,No,3,I have written a short blog post about this in the past.,Evidence,Evidence,0.8905,0.1051,0.0044,0.8905,2,False,False
130,No,0,"if the number of messages to be deleted is not mentioned, by default it will delete 4 messages i.e (amount-1) use command or to delete the messages.",Claim,Claim,0.9767,0.9767,0.0009,0.0224,,False,False
130,No,1,Don't use brackets in the previous line after writing 'clear',Claim,Claim,0.992,0.992,0.0024,0.0056,,False,False
131,No,0,I agree that this is a data corruption issue.,Claim,Claim,0.9862,0.9862,0.0088,0.005,,False,False
131,No,1,and should be able to read one another's data without any stripping fields off or adding magic numbers.,Claim,Claim,0.9904,0.9904,0.0011,0.0085,,False,True
131,No,2,"To prove it, here are a couple of demo scripts I threw together, one using to deflate the data and one using to inflate it again: Run them on the command line using .",Evidence,Evidence,0.9566,0.0418,0.0016,0.9566,1,False,False
131,No,3,The expected output is the argument passed to .,Claim,Claim,0.9803,0.9803,0.0016,0.0181,,False,False
131,No,4,One thing that is worth pointing out about is the behaviour when using the option.,Claim,Claim,0.9936,0.9936,0.0013,0.0051,,False,True
131,No,5,"The documentation for this option is as follows: (String) - if equal to 'string', then result will be ""binary string"" (each char code [0..255]) It is for this reason that I use in the JavaScript function above.",Evidence,Evidence,0.9374,0.0617,0.0009,0.9374,4,False,False
131,No,6,Using ensures that the string passed between JavaScript and Python doesn't contain any non-ASCII characters.,Claim,Claim,0.9911,0.9911,0.0012,0.0078,,False,False
131,No,7,(Note that does not work because the string contains binary data.),Claim,Claim,0.99,0.99,0.002,0.008,,False,False
131,No,8,I then use in Python to undo this escaping.,Claim,Claim,0.9168,0.9168,0.0018,0.0814,,False,False
131,No,9,If you can the -deflated data in the browser you could potentially pass that to Python to inflate it again.,Claim,Claim,0.9854,0.9854,0.0009,0.0137,,False,False
132,No,0,"TL;DR In C++14 this is explicitly not allowed, although in it appeared like this case would be explicitly allowed.",Evidence,Evidence,0.6235,0.3743,0.0023,0.6235,1,False,False
132,No,1,"It is unclear if for C++11 this fell under the as-if rule , I don't believe it does since it alters observable behavior but that point was not clarified in the issue I reference below.",Claim,Claim,0.7921,0.7921,0.0026,0.2052,,False,True
132,No,2,"Details The answer to this question has shifted with the evolving status of LWG issue 2013 which opens with: Suppose that a particular function is not tagged as constexpr in the standard, but that, in some particular implementation, it is possible to write it within the constexpr constraints.",Claim,Claim,0.9795,0.9795,0.0024,0.0182,,False,False
132,No,3,"If an implementer tags such a function as constexpr, is that a violation of the standard or is it a conforming extension?",Claim,Claim,0.9921,0.9921,0.0035,0.0044,,False,True
132,No,4,"In C++11 it was unclear if the as-if rule permitted this but the orignal proposal would have explicitly allowed it once it was accepted and we can see below in the gcc bug report I reference, this was the assumption made by the gcc team.",Evidence,Evidence,0.9388,0.0598,0.0014,0.9388,3,False,False
132,No,5,The consensus to allow this shifted in 2012 and the proposal changed and in C++14 this is a non-conforming extension.,Claim,Claim,0.9094,0.9094,0.0115,0.0791,,False,True
132,No,6,This is reflected in the draft C++14 standard section [constexpr.functions] which says: [...]An implementation shall not declare any standard library function signature as constexpr except for those where it is explicitly required.[..],Evidence,Evidence,0.9891,0.0097,0.0012,0.9891,5,False,False
132,No,7,"and although a strict reading of this seems to leave some wiggle room for treating a builtin implicitly as if it were a constexpr we can see from the following quote in the issue that the intention was to prevent divergence in implementations since identical code could produce different behavior when using SFINAE ( emphasis mine ): Some concern expressed when presented to full committee for the vote to WP status that this issue had been resolved without sufficient thought of the consequences for diverging library implementations, as users may use SFINAE to observe different behavior from otherwise identical code .",Evidence,Evidence,0.9618,0.0367,0.0015,0.9618,5,False,False
132,No,8,"We can see from the gcc bug report [C++0x] sinh vs asinh vs constexpr that the team relied on the earlier proposed resolution of LWG 2013 which says: [...]Additionally, an implementation may declare any function to be constexpr if that function's definition satisfies the necessary constraints[...] when deciding whether this change for the math functions was allowed in strict conformance mode.",Evidence,Evidence,0.9882,0.0107,0.0011,0.9882,5,False,False
132,No,9,As far as I can tell this would become conforming if this we received a warning in strict conformance mode i.e.,Claim,Claim,0.992,0.992,0.0012,0.0068,,False,False
132,No,10,using or if it was disabled in this mode.,Claim,Claim,0.9876,0.9876,0.0013,0.0112,,False,False
132,No,11,"Note, I added a comment to the bug report explaining that the resolution changed since this issue was originally addressed.",Claim,Claim,0.9522,0.9522,0.0021,0.0457,,False,True
132,No,12,Jonathan Wakely pointed out in another question a more recent discussion and it seems likely the gcc bug report will be reopened to address this conformance issue.,Evidence,Evidence,0.9568,0.042,0.0013,0.9568,11,False,False
132,No,13,"What about intrinsics Compiler intrinsics are not covered by the standard and so as far as I can tell they should be exempt from this rule, so using: should be allowed.",Claim,Claim,0.9861,0.9861,0.0017,0.0122,,False,True
132,No,14,"This question came up in the bug report and opinion of Daniel KrÃ¼gler was: [...]Library functions and other intrinsics can probably be considered as exceptions, because they are not required to be ""explainable"" by normal language rules.",Evidence,Evidence,0.9708,0.0277,0.0015,0.9708,13,False,False
133,No,0,"Perhaps you could hold a WeakReference to it and then check to see that it no longer alive (i.e., !IsAlive) after the tests have completed.",Claim,Claim,0.9778,0.9778,0.001,0.0212,,False,False
134,No,0,"The easiest way is, like you said, to use a configuration file.",Claim,Claim,0.9941,0.9941,0.0022,0.0038,,False,True
134,No,1,"Many frameworks use this ( Zend , CakePHP , Kohana , etc) and it's the most common way of doing things (even in a non-PHP environment such as ASP.NET with its files).",Evidence,Evidence,0.992,0.0071,0.0009,0.992,0,False,False
134,No,2,"This allows you also to copy over configuration values from environment to environment by just copying the files for the site, which is a benefit over relying on server-setup environment variables (which can very quickly be lost and forgotten).",Claim,Claim,0.9911,0.9911,0.0015,0.0074,,False,False
134,No,3,"You shouldn't need to worry about obfuscation of the password since it's not a world-accessible file, it certainly shouldn't be web accessible.",Claim,Claim,0.995,0.995,0.0015,0.0035,,False,False
134,No,4,What I mean by this is that you would either a) Tell your web server not to serve your configuration file ( IIS already does this with files and serves a HTTP 404.8 status instead of the contents) or b) Move it outside of your web served directory.,Claim,Claim,0.9763,0.9763,0.0012,0.0224,,False,False
134,No,5,"If somebody can see your configuration file, it's worse than having it in your source code.",Claim,Claim,0.996,0.996,0.0021,0.002,,False,False
134,No,6,"It's also going to be a good idea to have a base (empty / default) version of the configuration file, and separate it out per environments, so that you could have a different configuration file for production, development, and testing platforms.",Claim,Claim,0.9239,0.9239,0.001,0.075,,False,True
134,No,7,"An environment variable is the most common way to differentiate between these environments, something like the below code: Another way that is pretty common is to use an XML configuration file and only read in the values that you need as appropriate (storing a cached copy of the config file in memory).",Evidence,Evidence,0.9597,0.039,0.0013,0.9597,6,False,False
134,No,8,"This can very easily be restricted to only load in certain values, rather than allowing arbitrary inclusion of PHP files and is overall a better solution in my opinion, but the above should get you started in the right direction.",Claim,Claim,0.787,0.787,0.0022,0.2107,,False,False
134,No,9,You'll probably want your VCS to ignore the file.,Claim,Claim,0.9939,0.9939,0.0014,0.0047,,False,False
134,No,10,"On the other hand, you might want a skeleton of the file, or one with reasonable defaults (the latter does not apply to login data, of course), to be version controlled.",Claim,Claim,0.9902,0.9902,0.001,0.0089,,False,False
134,No,11,"A common way to deal with that is to have a checked-in template configuration file, and the installation procedure copies that file to the location of the real configuration file, where it is customized.",Claim,Claim,0.9925,0.9925,0.0018,0.0057,,False,False
134,No,12,"This can be a manual, or an automated, process.",Claim,Claim,0.9947,0.9947,0.0033,0.002,,False,False
134,No,13,"(Whilst somewhat unrelated to the main question, introducing a constant for your environment allows you to do some other cool stuff like deferring to a fake mail implementation instead of a live SMTP one, but of course this could also be done with a configuration file)",Claim,Claim,0.955,0.955,0.001,0.044,,False,False
135,No,0,There is no difference between and ; similarly here is no difference between and .,Claim,Claim,0.863,0.863,0.0067,0.1303,,False,False
135,No,1,"And so, and are interchangeable with no difference.",Claim,Claim,0.986,0.986,0.0088,0.0052,,False,False
135,No,2,Both versions denote a reference to a constant Class instance and can be used interchangeably.,Claim,Claim,0.9849,0.9849,0.0021,0.0129,,False,False
136,No,0,Let's say I would like to generate n > 10 ^ 20 numbers Let's say not.,Claim,Claim,0.9062,0.9062,0.0019,0.0919,,False,False
136,No,1,"If you could generate a billion values per second, that would require , which is more than 3000 years.",Claim,Claim,0.9865,0.9865,0.0016,0.0119,,False,False
136,No,2,"Even if you have hardware and energy sources that reliable, you won't be there to see the outcome.",Claim,Claim,0.9952,0.9952,0.0025,0.0023,,False,False
136,No,3,"using random.seed(SEED) and n subsequent calls to random.random() The results would be statistically indistinguishable from uniform because the underlying algorithm, Mersenne Twister, is designed to produce that behavior.",Claim,Claim,0.9898,0.9898,0.0076,0.0027,,False,False
137,No,0,"Since the numbers have a fixed width, sorting on NTFS file systems isn't neccessary.",Claim,Claim,0.9949,0.9949,0.0017,0.0034,,False,True
137,No,1,"In case of unsorted file systems and numbers with different places, I'd use $ToNatural from Ronan Kuzmin it extends every number to 20 places.",Evidence,Evidence,0.9676,0.0317,0.0007,0.9676,0,False,False
138,No,0,You could use the information about month names stored in the CultureInfo.,Claim,Claim,0.9926,0.9926,0.0012,0.0062,,False,False
138,No,1,Here I use the InvariantCulture but this could be applied also to your current culture To obtain the month names from the DateTimePicker value use,Claim,Claim,0.7057,0.7057,0.0015,0.2928,,False,False
139,No,0,Jenkins treats Maven jobs as containers for modules.,Claim,Claim,0.9913,0.9913,0.0042,0.0044,,False,False
139,No,1,"In multi-module projects, this makes sense as the maven project is clearly made up of multiple modules.",Claim,Claim,0.992,0.992,0.0059,0.0022,,False,False
139,No,2,"As far as Jenkins is concerned, even maven projects with no sub modules still contain a single module.",Claim,Claim,0.9928,0.9928,0.0015,0.0057,,False,False
139,No,3,"Again, the job is just the container for the maven module defined in your project.",Claim,Claim,0.986,0.986,0.0012,0.0128,,False,False
140,No,0,"Use to get a collection of all the types, or to get a particular type.",Claim,Claim,0.989,0.989,0.0013,0.0097,,False,False
140,No,1,You can then create an instance of the type with a parameterless constructor using or get the constructors using and invoke them to create instances.,Claim,Claim,0.972,0.972,0.0014,0.0266,,False,False
140,No,2,Likewise you can get methods with etc.,Claim,Claim,0.7097,0.7097,0.0021,0.2883,,False,False
140,No,3,"Basically, once you've got a type there are loads of things you can do - look at the member list for more information.",Claim,Claim,0.9904,0.9904,0.0016,0.008,,False,False
140,No,4,If you get stuck trying to perform a particular task (generics can be tricky) just ask a specific question an I'm sure we'll be able to help.,Claim,Claim,0.994,0.994,0.0018,0.0041,,False,False
141,No,0,"It took Alot of random browsing on the internet, but eventually found the code needed to work around the problem, posted here for reference for anyone else who has the same issue.",Claim,Claim,0.9534,0.9534,0.0021,0.0445,,False,False
141,No,1,Was obvious when i finally found it.,Claim,Claim,0.9889,0.9889,0.0068,0.0044,,False,False
141,No,2,;) Hope this helps others.,Claim,Claim,0.9876,0.9876,0.0064,0.006,,False,False
142,No,0,Side note: this will very likely not be using indexes efficiently.,Claim,Claim,0.8758,0.8758,0.0013,0.1229,,False,False
142,No,1,"On the other hand, there will very likely be no indexes on these kinds of columns anyway.",Claim,Claim,0.9816,0.9816,0.0026,0.0157,,False,False
143,No,0,Yes it can be overridden from a child theme.,Claim,Claim,0.9937,0.9937,0.0017,0.0046,,False,False
143,No,1,You can override the function from your child themes functions.php file.,Claim,Claim,0.982,0.982,0.0019,0.016,,False,True
143,No,2,See more about child theme https://codex.wordpress.org/Child_Themes WordPress loads child theme first and then the parent theme.,Evidence,Evidence,0.7733,0.2252,0.0015,0.7733,1,False,False
143,No,3,"So if you create a function with same name in your child theme, then the if condition with will will be false and hence there this function won't be declared.",Claim,Claim,0.5752,0.5752,0.0016,0.4232,,False,False
143,No,4,If you want to override from a plugin then you've to declare the function in earlier execution.,Claim,Claim,0.9875,0.9875,0.001,0.0115,,False,False
143,No,5,Try declaring it in a init hook.,Claim,Claim,0.9785,0.9785,0.0016,0.0199,,False,False
143,No,6,Update If the function isn't declared with check within a if condition then you can't override it!,Claim,Claim,0.9933,0.9933,0.0014,0.0053,,False,False
144,No,0,Short answer to fix your problem: But you have other problems in your code.,Claim,Claim,0.9937,0.9937,0.0021,0.0042,,False,False
144,No,1,"You have code like that will never be executed, because it's after a return statement.",Claim,Claim,0.9954,0.9954,0.0023,0.0024,,False,False
144,No,2,So the execution of the program will never reach it.,Claim,Claim,0.9947,0.9947,0.0024,0.0029,,False,False
144,No,3,You'll have to put those BEFORE the return statement.,Claim,Claim,0.9927,0.9927,0.0032,0.0041,,False,False
144,No,4,"Also, I would recommend against updating the property $this->output in the model.",Claim,Claim,0.915,0.915,0.0018,0.0832,,False,False
144,No,5,"I'd return something to the controller, and make this set the right HTTP headers based on the returned value.",Claim,Claim,0.9224,0.9224,0.0012,0.0764,,False,False
144,No,6,Returning things and changing object state at the same time can lead to unpredictable behaviour.,Claim,Claim,0.995,0.995,0.0013,0.0036,,False,False
145,No,0,"Just use : If is greater than one of the values, then it is greater than the smallest of the values.",Claim,Claim,0.9863,0.9863,0.0015,0.0122,,False,False
145,No,1,Note: This assumes that all the measures are non- .,Claim,Claim,0.9869,0.9869,0.0053,0.0078,,False,False
145,No,2,"If were used instead of , then you would use .",Claim,Claim,0.9898,0.9898,0.0023,0.0079,,False,False
146,No,0,Iopar gave a great example. Just a small addition.,Evidence,Evidence,0.9773,0.0216,0.0012,0.9773,1,False,False
146,No,1,If you want to get all pages in one onNext() call.,Claim,Claim,0.9919,0.9919,0.0015,0.0066,,False,True
146,No,2,It can be helpful when you want to zip this result with one more Observable.,Claim,Claim,0.9918,0.9918,0.0012,0.007,,False,False
146,No,3,You should write: Usages : and you will get:,Claim,Claim,0.9838,0.9838,0.002,0.0142,,False,False
147,No,0,What you're asking can't be done in .NET because the class caches the command line and there's no property accessor for setting it.,Claim,Claim,0.9909,0.9909,0.0073,0.0018,,False,False
147,No,1,"(More correctly, the startup code caches the command line and calls into the runtime to get that cached value.)",Claim,Claim,0.9709,0.9709,0.002,0.0271,,False,True
147,No,2,"In a native Windows application, the API function returns a pointer to the command line that the operating system presented to the program.",Evidence,Evidence,0.6388,0.3596,0.0016,0.6388,1,False,False
147,No,3,A program can call to parse the command line into the standard and parameters familiar to C and C++ programmers.,Claim,Claim,0.9875,0.9875,0.0014,0.0111,,False,True
147,No,4,The class uses something similar.,Evidence,Evidence,0.6805,0.3166,0.0029,0.6805,3,False,False
147,No,5,"When you call , it accesses the property and then calls the windows function to parse the command line.",Claim,Claim,0.9614,0.9614,0.0011,0.0375,,False,False
147,No,6,But doesn't get its value from .,Claim,Claim,0.9919,0.9919,0.0049,0.0032,,False,False
147,No,7,"Instead, the program gets the Windows command line at startup (by calling ), and then saves it.",Claim,Claim,0.919,0.919,0.0013,0.0797,,False,True
147,No,8,"This is unfortunate, because you can modify the value that returns, as demonstrated by this little snippet: If you run that, you'll find that returns the same string both times, whereas the second time you call , you'll get back the string .",Evidence,Evidence,0.539,0.458,0.003,0.539,7,False,False
147,No,9,"Even if the above did work, there's no guarantee that it would solve your problem.",Claim,Claim,0.9941,0.9941,0.0027,0.0032,,False,False
147,No,10,"The 3rd party control might parse the command line, cache the login information, and never parse the command line again.",Claim,Claim,0.9938,0.9938,0.004,0.0023,,False,False
148,No,0,It turned out that it was due to the addition of into my HTML file.,Claim,Claim,0.9393,0.9393,0.0017,0.0589,,False,False
148,No,1,I did not know it could cause such as huge difference.,Claim,Claim,0.9884,0.9884,0.0052,0.0064,,False,False
148,No,2,The answer was in the comment of this question: Fallback for CSS attributes without unit,Claim,Claim,0.7924,0.7924,0.0016,0.206,,False,False
149,No,0,"I don't have all the context, but I assume is of type and is a ?",Claim,Claim,0.9173,0.9173,0.0027,0.08,,False,False
149,No,1,"If you change (line 6) to (or whatever other encoding you use), then it should work.",Claim,Claim,0.9899,0.9899,0.0012,0.009,,False,False
149,No,2,"This error will occur whenever you search for a in , encoding the string with a particular character encoding will turn it into a byte sequence and make the two more readily comparable.",Claim,Claim,0.9862,0.9862,0.0011,0.0127,,False,False
150,No,0,"Why does this happen... Because browsers run JavaScript on the main UI thread they use for updating the page, for a variety of reasons.",Claim,Claim,0.994,0.994,0.0022,0.0038,,False,False
150,No,1,"So although you've shown the ""hi"" text, it doesn't get rendered until the JavaScript code running in response to the event completes.",Claim,Claim,0.958,0.958,0.001,0.041,,False,False
150,No,2,...and how do I fix this?,Claim,Claim,0.9786,0.9786,0.0191,0.0023,,False,False
150,No,3,"Yield back to the browser after adding the text, before doing whatever it is that you're simulating with that loop.",Claim,Claim,0.988,0.988,0.0012,0.0108,,False,False
150,No,4,"with a delay of is suitable for many cases: The JavaScript engine works basically in a loop with a task queue (the spec calls them ""jobs"").",Claim,Claim,0.9904,0.9904,0.0013,0.0083,,False,False
150,No,5,"It picks up a job from the queue, runs it to completion, and then looks for the next job.",Claim,Claim,0.9571,0.9571,0.0015,0.0414,,False,False
150,No,6,Browsers (usually) update the UI when the engine is between jobs.,Claim,Claim,0.9748,0.9748,0.001,0.0242,,False,False
150,No,7,"When an event occurs, a job is queued to call the event handler.",Claim,Claim,0.9946,0.9946,0.0015,0.004,,False,False
150,No,8,"The above just moves the loop into a new job it queues via , so the browser has a chance after the event job and before the job to update the UI.",Claim,Claim,0.9748,0.9748,0.001,0.0242,,False,False
151,No,0,"GCC has that translates to BSR on x86/x64, CLZ on ARM, etc.",Evidence,Evidence,0.9585,0.0407,0.0008,0.9585,1,False,False
151,No,1,and emulates the instruction if the hardware does not implement it.,Claim,Claim,0.9887,0.9887,0.0009,0.0104,,False,True
151,No,2,Visual C++ 2005 and up has .,Evidence,Evidence,0.7358,0.2622,0.0021,0.7358,1,False,False
152,No,0,accounts for padding in the value so anytime you need to know that number you can call instead of width and avoid the calculation.,Claim,Claim,0.9756,0.9756,0.0009,0.0235,,False,True
152,No,1,edit: removed Margin b/c it isn't part of ActualWidth.,Evidence,Evidence,0.824,0.1735,0.0025,0.824,0,False,False
153,No,0,In the file Device.java replace the content of with this Warning: This is hiding the original problem where the BroadcastReceiver isn't being registered properly from what I got from the logcat.,Evidence,Evidence,0.8209,0.1781,0.001,0.8209,1,False,False
153,No,1,Adding the permission to the like suprnova said should've worked.,Claim,Claim,0.541,0.541,0.0021,0.4569,,False,True
153,No,2,"But if you don't need to know the phone state, ie, if you're getting a call, or something like that, and you need a quick fix.",Claim,Claim,0.9835,0.9835,0.0016,0.0149,,False,False
153,No,3,"Warning 2: When the next phonegap version comes out, this may get overridden.",Claim,Claim,0.9912,0.9912,0.0016,0.0071,,False,False
154,No,0,You are running an outdated version of Postgres . Consider upgrading soon.,Claim,Claim,0.9867,0.9867,0.0018,0.0115,,False,False
154,No,1,There are many possible reasons.,Claim,Claim,0.9936,0.9936,0.0043,0.0022,,False,False
154,No,2,I suspect a weakness in the selectivity estimation of the outdated version.,Claim,Claim,0.9876,0.9876,0.0087,0.0036,,False,False
154,No,3,I vaguely remember a maximum of 100 values for query planning involving arrays that was later improved.,Claim,Claim,0.6797,0.6797,0.0015,0.3188,,False,False
154,No,4,expressions are typically transformed to ) internally: How to use ANY instead of IN in a WHERE clause with Rails?,Claim,Claim,0.994,0.994,0.0017,0.0043,,False,False
154,No,5,"Either way, you might be able to fix the behavior by repeating the predicate of the partial index in your query: There may be other problems with your server configuration like cost settings or table statistics: Keep PostgreSQL from sometimes choosing a bad query plan And don't forget to run on your table at least once after creating the partial index.",Claim,Claim,0.6905,0.6905,0.0012,0.3083,,False,False
154,No,6,"Or, preferably, , but that's more expensive for your big table.",Claim,Claim,0.9864,0.9864,0.0049,0.0086,,False,False
154,No,7,"PostgreSQL partial index unused when created on a table with existing data However, for long lists of values, there are more efficient query variants to begin with: See: Optimizing a Postgres query with a large IN",Claim,Claim,0.8725,0.8725,0.0014,0.1261,,False,False
155,No,0,The basic approach is: Declare a Collection object Create an instance of the object Add things to the collection Refer to the items is a good reference for lots of things vba Here's a Link to a collections page,Evidence,Evidence,0.8774,0.1214,0.0011,0.8774,,True,False
156,No,0,"As your introduction to MongoDB, what you are now looking for is the method.",Claim,Claim,0.991,0.991,0.0058,0.0032,,False,False
156,No,1,"This is the MongoDB way of doing ""GROUP BY"" in SQL, and many other things that manipulate the data from it's original form.",Claim,Claim,0.9269,0.9269,0.0011,0.072,,False,False
156,No,2,"To both get the results and ""update"" the data you now do something like this (ideally in bulk) : Of course you can always just pull out the three values ( or how ever many ) and use with on your update instead is you believe your real sample is small enough.",Claim,Claim,0.8848,0.8848,0.001,0.1142,,False,False
156,No,3,"But the basic case here is to use to get those ""top documents"" ( after is the key here ) and then do whatever you have to do to update the results you get from there.",Claim,Claim,0.9835,0.9835,0.001,0.0154,,False,False
157,No,0,"Try formulating a key ( ) first, then access the element by that ID.",Claim,Claim,0.9916,0.9916,0.0013,0.007,,False,False
157,No,1,"Finally, set the value by using square-bracket notation.",Claim,Claim,0.9942,0.9942,0.0024,0.0034,,False,False
158,No,0,You should call your controller action and have it return your partial view.,Claim,Claim,0.9739,0.9739,0.0013,0.0248,,False,False
158,No,1,"Also, use a view model instead of viewbag.",Claim,Claim,0.9929,0.9929,0.0028,0.0043,,False,False
158,No,2,Layout or parent view/partial view: Partial view: View Model: Controller:,Claim,Claim,0.9632,0.9632,0.0023,0.0344,,False,False
159,No,0,I think you want this: You have your loops in the wrong order in the list comprehension.,Claim,Claim,0.7069,0.7069,0.0013,0.2918,,False,True
159,No,1,Have a look at this question for reference on the syntax.,Evidence,Evidence,0.9605,0.038,0.0015,0.9605,0,False,False
159,No,2,My quick rule of thumb for you is to write the loops in the order you would if it were not a list comprehension and then to put the ouput expression at the start.,Claim,Claim,0.9717,0.9717,0.0012,0.0271,,False,False
159,No,3,I added because it seemed likely you want the complete path.,Claim,Claim,0.9876,0.9876,0.0018,0.0106,,False,False
159,No,4,"If you just want the total number of such matching files, you can do this:",Claim,Claim,0.9891,0.9891,0.0014,0.0094,,False,False
160,No,0,"In relation to your sub-question on SQL injection, that combination of and does indeed fully protect against it.",Claim,Claim,0.9467,0.9467,0.0033,0.05,,False,False
160,No,1,This is because the bound values are never parsed by the SQL engine; they're just values that slot in after compilation (the preparation step) and before execution.,Claim,Claim,0.9947,0.9947,0.0032,0.0021,,False,True
160,No,2,"Of course, you have to be careful when taking values out of the DB too, but that's not protecting the database but rather ensuring that the values aren't used to cause other mischief (e.g., injecting unexpected malicious",Evidence,Evidence,0.9575,0.0404,0.0022,0.9575,1,False,False
161,No,0,Try replacing child object permissions entries from IIS. Connect to IIS manager.,Claim,Claim,0.9908,0.9908,0.0013,0.0079,,False,False
161,No,1,Select the website and navigate to folder Uploads.,Claim,Claim,0.9574,0.9574,0.0016,0.0411,,False,False
161,No,2,Right Click on the Uploads folder and Click Edit Permissions. Click on Security Tab.,Claim,Claim,0.9779,0.9779,0.0013,0.0207,,False,False
161,No,3,Select the IIS_IUSRS username and click on Advanced button.,Claim,Claim,0.99,0.99,0.0014,0.0086,,False,False
161,No,4,"Check the checkbox ""Replace all child object permission entries with inheritable permission entries from this object"".",Claim,Claim,0.9681,0.9681,0.0011,0.0309,,False,False
161,No,5,Click on Apply and OK.,Claim,Claim,0.9892,0.9892,0.0027,0.0081,,False,False
162,No,0,"As a suggestion, if you use a model, simply add your attributes like below: By adding $ibanNumberPart1..4 properties to your model, it will know all of them as model attribute.",Evidence,Evidence,0.9443,0.0546,0.0011,0.9443,2,False,False
162,No,1,So you can add 4 fields in your view with name and so on.,Evidence,Evidence,0.6437,0.3545,0.0018,0.6437,2,False,False
162,No,2,It is also possible to write validations rules for each attribute.,Claim,Claim,0.9939,0.9939,0.0013,0.0048,,False,True
162,No,3,"For example: By this, you split your input into 4 parts, and finally you have all of them into 1 field called .",Evidence,Evidence,0.9913,0.0074,0.0013,0.9913,2,False,False
163,No,0,I will try to cover the important reasons why these lifecycle cannot be used.,Claim,Claim,0.9813,0.9813,0.0011,0.0175,,False,False
163,No,1,": Assumption: People thought that fetching the data inside the componentWillMount will avoid the initial empty rendering of the state, so that the component will not be empty.",Claim,Claim,0.989,0.989,0.002,0.0091,,False,False
163,No,2,What actually happened: The render of the component happens immediately after the componentWillMount called.,Claim,Claim,0.976,0.976,0.0016,0.0224,,False,False
163,No,3,"Therefore, If there is a delay in the data fetch, the component will still show a loading state.",Claim,Claim,0.6891,0.6891,0.0016,0.3093,,False,False
163,No,4,"When making an API call, The browser will continue to process the other stuff in the application while the API call gets the data from the server.",Claim,Claim,0.9771,0.9771,0.001,0.0219,,False,False
163,No,5,"So, React will still continue to will be called : once to the server and once on the client.",Claim,Claim,0.8364,0.8364,0.0016,0.162,,False,False
163,No,6,"Solution: To overcome this misleading understanding, was introduced which will be called only once when receiving the data.",Claim,Claim,0.9928,0.9928,0.0016,0.0056,,False,False
163,No,7,": Assumption: People thought that calls whenever there is an update in the state (by calling ), which will update the component.",Claim,Claim,0.9838,0.9838,0.0012,0.015,,False,False
163,No,8,"What actually happened: Yes, the component was updating each time when there is a state update inside the componentWillUpdate, but when there is an external callback, the componentWillUpdate called multiple times for a single update.",Claim,Claim,0.942,0.942,0.0012,0.0568,,False,False
163,No,9,"(Believe me, I have faced this issue :P).",Claim,Claim,0.9376,0.9376,0.0172,0.0452,,False,False
163,No,10,"Solution: To avoid this issue, is introduced, which will invoked only once per update.",Claim,Claim,0.9921,0.9921,0.0014,0.0065,,False,True
163,No,11,"Note: is also unsafe for the same reason of For more information, refer this docs Hope it helps :)",Evidence,Evidence,0.7975,0.2006,0.0019,0.7975,10,False,False
164,No,0,"I stumbled upon this error running ansible on Ubuntu 15.10 server, because it ships with Python 3.4.3 and ansible requires Python 2 .",Evidence,Evidence,0.6857,0.3128,0.0015,0.6857,1,False,False
164,No,1,This is how my looks now: Don't forget the -y (says yes to all questions) option with apt-get (or raw module will get stuck silently) line is also critical (because we can't gather facts without python),Claim,Claim,0.9145,0.9145,0.0011,0.0844,,False,True
165,No,0,There is a file called disabled_plugins.txt which lists which all plugins are disabled for Android studio.,Evidence,Evidence,0.6222,0.3766,0.0012,0.6222,1,False,False
165,No,1,You can find this file here If by mistake you disable an essential plugin and your ide fails to start you can edit this file and enable the plugin again by removing it from it,Claim,Claim,0.9885,0.9885,0.0013,0.0102,,False,True
166,No,0,I make a point to do neither.,Claim,Claim,0.9883,0.9883,0.0092,0.0025,,False,True
166,No,1,I've found that code readability improves if you assign the tuple to a descriptive variable. For instance: vs,Evidence,Evidence,0.9686,0.0302,0.0013,0.9686,0,False,False
167,No,0,"As I understand it, you need to decorate all your filters with a base filter .",Claim,Claim,0.9874,0.9874,0.0014,0.0112,,False,False
167,No,1,You can carry out using various approaches and I list three below.,Claim,Claim,0.9733,0.9733,0.0021,0.0246,,False,True
167,No,2,Let's say you have the following for your base filter: And the following filters that you need to decorate: Then: We can go about having a higher-order decorator function that takes a base filter and returns a function whose application on other filters will result in a filter that will be decorated with the base filter.,Evidence,Evidence,0.9412,0.0574,0.0014,0.9412,1,False,False
167,No,3,Its implementation is simple as follows: You can now use the function to get a function and use it on your filters as follows: Another approach is for you to have an extension method itself: It can be used as follows: You can hard-code the base filter based on your particular use case and can have an implementation as follows: Then simply use it as:,Claim,Claim,0.975,0.975,0.0011,0.0239,,False,False
168,No,0,This is caused by the borders you have given to the slid elements.,Claim,Claim,0.9878,0.9878,0.0015,0.0107,,False,False
168,No,1,These mess up the way calculates the widths and how far it has to allow scrolling.,Claim,Claim,0.6118,0.6118,0.0018,0.3864,,False,False
168,No,2,Set on all the elements inside the swiper to handle this.,Claim,Claim,0.9697,0.9697,0.0011,0.0292,,False,False
168,No,3,I wasn't able to find anything regarding this in your code.,Claim,Claim,0.9511,0.9511,0.002,0.0469,,False,False
168,No,4,You're not displaying/logging the image dimensions anywhere.,Claim,Claim,0.9913,0.9913,0.001,0.0077,,False,False
168,No,5,"Or maybe it's just not clear what you mean by ""when in memory"" The default CSS sets and .",Claim,Claim,0.9896,0.9896,0.0014,0.0091,,False,False
168,No,6,You have to override this to remove the margin.,Claim,Claim,0.9909,0.9909,0.0012,0.0079,,False,False
168,No,7,I'd also recommend aligning the row items using .,Claim,Claim,0.977,0.977,0.0018,0.0212,,False,False
168,No,8,"In order to have fixed width slides, set in the configuration and set a fixed / for your elements that you can even change via CSS media query breakpoints.",Claim,Claim,0.9515,0.9515,0.0008,0.0477,,False,False
168,No,9,The swiper will automatically adapt on resize.,Claim,Claim,0.8874,0.8874,0.0014,0.1112,,False,True
168,No,10,"(Click the ""Full page"" link below the Stack Snippet after running it and resize your browser window below 700px width for a demonstration.)",Evidence,Evidence,0.8296,0.1691,0.0012,0.8296,9,False,False
168,No,11,"However, this caused the right border of the last slide in each swiper to be cut off, even when scrolling as far to the right as possible.",Claim,Claim,0.6461,0.6461,0.0017,0.3522,,False,False
168,No,12,I fixed this by adding to each .,Claim,Claim,0.9742,0.9742,0.0022,0.0236,,False,False
168,No,13,You can also use the parameter to change options according to breakpoints that you can define.,Claim,Claim,0.9922,0.9922,0.0012,0.0065,,False,True
168,No,14,See the official docs .,Evidence,Evidence,0.6916,0.2999,0.0085,0.6916,13,False,False
168,No,15,I've left your style tags in the HTML part of the snippet and added my styles in the CSS part.,Claim,Claim,0.877,0.877,0.0017,0.1214,,False,False
169,No,0,"it looks like an issue with npm i have ""npm --version"" --> 8.5.4 but it is mentioned that version 7.x produces same error this problem is covered here: https://github.com/angular/angular-cli/issues/21204 suggested workarounds are: passing the --force option to ng update which will propagate the force flag to npm.",Evidence,Evidence,0.9816,0.0174,0.001,0.9816,1,False,False
169,No,1,Downgrade to npm 6 Switch to yarn as a package manager i used the first one:,Claim,Claim,0.933,0.933,0.0017,0.0653,,False,True
170,No,0,"At the first look, this is due to the fact that you probably have control flow directives in your code (like , , etc.",Evidence,Evidence,0.9656,0.0332,0.0013,0.9656,1,False,False
170,No,1,"), that prevent the interpreter from reaching the line.",Claim,Claim,0.9952,0.9952,0.0022,0.0026,,False,True
170,No,2,"Therefore you should make sure that either you print before these directives, your we can simply print at the top, like: That being said, we can turn this capture procedure into a generator that prints the values, with a nice progress bar, like: Then we can use it like: It will display a progress bar like demonstrated in the GitHub repository of .",Evidence,Evidence,0.9782,0.0208,0.001,0.9782,1,False,False
171,No,0,is called by some startup function in the C runtime library.,Claim,Claim,0.9816,0.9816,0.002,0.0164,,False,False
171,No,1,"The C language standard says that returning from is equivalent to calling the function, so most C runtimes look something like this: The exit status gets passed back to the operating system, and then what happens from there is OS-dependent.",Claim,Claim,0.9881,0.9881,0.0015,0.0105,,False,False
171,No,2,"When you compile and link your program, the executable file format (e.g.",Claim,Claim,0.6053,0.6053,0.0017,0.393,,False,False
171,No,3,"PE or ELF) contains a start address, which is the virtual address at which execution begins.",Claim,Claim,0.9888,0.9888,0.0012,0.0101,,False,False
171,No,4,That function is typically part of the C runtime library (like the example above).,Claim,Claim,0.5128,0.5128,0.0023,0.4849,,False,True
171,No,5,"That function has to end by calling a system call such as , since if it just returned, it would have nowhere to go to: it would just pop an address off the stack and jump to that location, which would be garbage.",Evidence,Evidence,0.9705,0.028,0.0015,0.9705,4,False,False
171,No,6,"Depending on how the OS loader initializes processes, the program arguments , , and other data (such as the environment) might either come in as function parameters (either through registers or the stack), or they might require system calls (e.g.",Evidence,Evidence,0.9919,0.0067,0.0013,0.9919,4,False,False
171,No,7,on Windows) to retrieve them.,Claim,Claim,0.577,0.577,0.0013,0.4218,,False,False
171,No,8,"But dealing with all of that is the job of the C runtime, and unless you're explicitly going out of your way to avoid using the C runtime, you needn't worry about those details.",Claim,Claim,0.9956,0.9956,0.0018,0.0026,,False,False
172,No,0,"With your edit, it can be interesting to change the strategy.",Claim,Claim,0.9957,0.9957,0.002,0.0024,,False,False
172,No,1,"What you should do is to create subgroups for each condition: Note: in fact, to avoid , you can be explicit and append to the condition list to match every combinations.",Claim,Claim,0.9847,0.9847,0.0011,0.0142,,False,True
172,No,2,"The output is now: And subgroups: Old answer EDIT: As suggested by @jezrael, you can avoid to write all conditions by using a mapping dict and a comprehension: You can use to match your conditions then use to broadcast the sum on right rows: Output: After , the result is:",Evidence,Evidence,0.8782,0.1209,0.0009,0.8782,1,False,False
173,No,0,"Calling on the element of the directive itself will cause the same directive to run again, which then repeats that process - forever.",Claim,Claim,0.9899,0.9899,0.0012,0.0089,,False,True
173,No,1,"In the angular source code of many directives, you can see that they handle this situation like this: using rather than just .",Evidence,Evidence,0.962,0.0369,0.0011,0.962,0,False,False
173,No,2,That means that everything inside of the element is compiled and the directives/data-bindings are registered and no loop is created.,Claim,Claim,0.9879,0.9879,0.0011,0.011,,False,False
173,No,3,"If you do need to the element itself, either replace the original element entirely or remove the original directive from it (remove the attribute, change node type, etc) before compiling.",Claim,Claim,0.7245,0.7245,0.0011,0.2744,,False,False
174,No,0,If you want to use the variable and outside the constructor you have to declare it to the class level variable like this Otherwise its fine.,Claim,Claim,0.9674,0.9674,0.0013,0.0312,,False,False
175,No,0,"Your for loop conditions are incorrect, try this : You have to remember that arrays and the display list start at 0, so the index of the last element in your lists is length-1, and in the case of a display list numChildren-1 and are what solve the problem",Evidence,Evidence,0.8844,0.1146,0.001,0.8844,,True,False
176,No,0,"""Sharding"" is splitting data (usually one table) across multiple servers .",Claim,Claim,0.9924,0.9924,0.0012,0.0065,,False,False
176,No,1,"""Partitioning"" is splitting a table into multiple subtables on the same server. Which are you doing? Fabric does sharding.",Claim,Claim,0.9858,0.9858,0.0014,0.0128,,False,False
176,No,2,Your comment about .ibd implied you are thinking about partitioning.,Claim,Claim,0.9347,0.9347,0.0043,0.061,,False,False
176,No,3,"Assuming that you want to one huge table, I need to first ask why .",Claim,Claim,0.9896,0.9896,0.0031,0.0073,,False,False
176,No,4,"This is a serious question because most (I do mean most ) people think that partitioning will magically produce some benefit, when in reality it won't.",Claim,Argument,0.9729,0.0263,0.9729,0.0008,,False,False
176,No,5,I believe there are only 4 use cases for partitioning .,Claim,Claim,0.9728,0.9728,0.0056,0.0217,,False,False
176,No,6,Does your situation fall into any of them?,Claim,Claim,0.9696,0.9696,0.0259,0.0045,,False,False
176,No,7,"If, on the other hand, you want Sharding, then please provide and discuss which column you would shard on.",Claim,Claim,0.9902,0.9902,0.0029,0.0069,,False,False
176,No,8,Edit (after getting clarity on goals) I hope you do not have explicit ; they will not work with either partitioning or sharding.,Claim,Claim,0.9411,0.9411,0.0013,0.0577,,False,False
176,No,9,is a problem in two ways.,Claim,Claim,0.8264,0.8264,0.1711,0.0025,,False,False
176,No,10,There is no need to make ; the only requirement for an is that it be the first column in some index.,Claim,Claim,0.9903,0.9903,0.0015,0.0081,,False,False
176,No,11,"So this would be less burden on the system: INDEX(id) An does work for table, but it does not work for a sharded table.",Claim,Claim,0.9487,0.9487,0.0012,0.0501,,False,False
176,No,12,You will need to assess the purpose of .,Claim,Claim,0.9928,0.9928,0.0039,0.0033,,False,False
176,No,13,"Either it is OK for it to be unique only within one shard, then there is no real problem.",Claim,Claim,0.9954,0.9954,0.0023,0.0023,,False,False
176,No,14,"If needs to be unique across all shards, that is more difficult.",Claim,Claim,0.9929,0.9929,0.001,0.0061,,False,False
176,No,15,Probably the only solution is to have a technique for getting id(s) from some central server.,Claim,Claim,0.9896,0.9896,0.0092,0.0012,,False,False
176,No,16,"However, that leads to a single-point-of-failure and a bottleneck.",Claim,Claim,0.9947,0.9947,0.0018,0.0035,,False,False
176,No,17,"If you need to go that direction, I can advise on how to avoid those drawbacks.",Claim,Claim,0.9933,0.9933,0.0013,0.0054,,False,False
176,No,18,"How to migrate to the ultimate, sharded, system?",Claim,Argument,0.6045,0.3937,0.6045,0.0018,,False,False
176,No,19,"I do not recommend any digression into , it won't really help in the long run.",Claim,Claim,0.9862,0.9862,0.0042,0.0096,,False,False
176,No,20,"And the cost of is high -- copying all the rows over, both the extracted rows and the remaining rows.",Claim,Claim,0.9931,0.9931,0.0016,0.0053,,False,False
176,No,21,"Edit: If you do use partitions, use to do the splitting with minimal downtime.",Claim,Claim,0.9568,0.9568,0.0015,0.0418,,False,False
176,No,22,"Instead, I recommend perfecting a tool that will migrate one from one shard to another.",Claim,Claim,0.9959,0.9959,0.002,0.0021,,False,False
176,No,23,"This has to be custom code, because there are probably other tables (and references between tables) that will be affected by moving an account to a different server.",Claim,Claim,0.9919,0.9919,0.0009,0.0071,,False,False
176,No,24,"In the long run, this will be useful for load balancing, hardware upgrades, software upgrades, and even schema changes.",Claim,Claim,0.9783,0.9783,0.0008,0.0209,,False,False
176,No,25,"When you need to change something, create a new shard(s) with the new OS/version/schema/whatever and migrate users to it.",Claim,Claim,0.9811,0.9811,0.0009,0.018,,False,False
176,No,26,"The simple approach to this tool is ""Block"" writes for that one account Copy the records to the new shard Change the gatekeeper to know that that account is now on the new shard Unblock writes Eventually (and gradually ) rows on the old shard This is not much of a problem if an account is ""small"".",Claim,Claim,0.9889,0.9889,0.0012,0.0099,,False,False
176,No,27,"But if you need minimal downtime (writes blocked), then we can discuss a more complex approach.",Claim,Claim,0.9847,0.9847,0.0013,0.014,,False,False
176,No,28,"(In case you have not guessed, I have 'been there, done that'.)",Claim,Claim,0.9734,0.9734,0.0097,0.0168,,False,False
177,No,0,"Immediate answer: Your thought is exactly right, This suppresses the exception Either remove the block (desired unless you can actually do something with the exception)or re-throw it within the block.",Claim,Claim,0.9908,0.9908,0.0011,0.0081,,False,False
177,No,1,Explanation Generally with exceptions like this you have 2 options Catch the exception and do something to remedy the exception Throw the exception to the caller What you have done here falls into the 1st category except that you have not done anything useful in the block (printing to console is rarely useful in this case because the exception message itself normally has enough information to see what has gone wrong) The 2nd category is achieved either by not using a block and thus adding to the method signature.,Claim,Claim,0.9935,0.9935,0.0014,0.0051,,False,False
177,No,2,Alternatively explicitly the exception that you caught using: however in this case if isn't worthwhile you have unnecessarily caught something just to throw it on.,Claim,Claim,0.9894,0.9894,0.0012,0.0094,,False,False
177,No,3,You can think of it like this: Bonus Points When you know the exception that could occur make sure to actually or that exception and not a parent of that exception.,Claim,Claim,0.9948,0.9948,0.0018,0.0034,,False,True
177,No,4,Take the following method signatures for example: Here clearly tells the caller what could happen and can help then figure out why the exception is being called (without having to read through the code or experience the error).,Evidence,Evidence,0.9853,0.0136,0.0011,0.9853,3,False,False
177,No,5,"Secondly other exceptions can occur and you are potentially catching the wrong exception, take the following example:",Claim,Claim,0.9934,0.9934,0.002,0.0045,,False,False
178,No,0,The Microsoft best practice advice is to reference projects rather than DLLs wherever possible.,Claim,Claim,0.9888,0.9888,0.0016,0.0097,,False,False
178,No,1,Project-to-Project References and File References File references are direct references to assemblies; you create them using the Browse tab of the Add Reference dialog box.,Claim,Claim,0.9888,0.9888,0.0013,0.01,,False,False
178,No,2,Project-to-project references are references to projects containing assemblies; you create them using the Project tab of the Add Reference dialog box.,Claim,Claim,0.9913,0.9913,0.0014,0.0073,,False,False
178,No,3,"The advantage of a project-to-project reference is that it creates a dependency between the projects in the build system, so the dependent project will be built if it has changed since the last time the referencing project was built.",Claim,Claim,0.9944,0.9944,0.003,0.0026,,False,False
178,No,4,"A file reference does not create a build dependency, so it is possible to build the referencing project without building the dependent project, and the reference can become obsolete (that is, the project can reference a previously built version of the project).",Claim,Claim,0.993,0.993,0.0049,0.0021,,False,False
178,No,5,"This can result in several versions of a single DLL being required in the bin directory, which is not possible.",Claim,Claim,0.9927,0.9927,0.0013,0.006,,False,True
178,No,6,"When this conflict occurs, you will see a message such as Warning: the dependency 'file' in project 'project' cannot be copied to the run directory because it would overwrite the reference 'file.'.",Evidence,Evidence,0.9832,0.0154,0.0014,0.9832,5,False,False
178,No,7,"You should avoid adding file references to outputs of another project within the same solution, because doing so may cause compilation errors.",Claim,Claim,0.9917,0.9917,0.0012,0.0071,,False,False
178,No,8,"Instead, use the Projects tab of the Add Reference dialog box to create project-to-project references within the same solution.",Claim,Claim,0.9868,0.9868,0.0013,0.0119,,False,False
178,No,9,This makes team development easier by allowing for better management of the class libraries you create in your projects.,Claim,Claim,0.9953,0.9953,0.0018,0.0029,,False,False
178,No,10,"For more information, see Troubleshooting Broken References and How to: Create and Remove Project Dependencies. From here .",Claim,Claim,0.6631,0.6631,0.0019,0.335,,False,False
179,No,0,"You are right, this is not .",Claim,Claim,0.9795,0.9795,0.0175,0.003,,False,False
179,No,1,But you should not use .,Claim,Claim,0.9903,0.9903,0.0032,0.0065,,False,False
179,No,2,"In the main-process Electron workflow, pretty much never.",Claim,Claim,0.9928,0.9928,0.0021,0.0052,,False,False
179,No,3,The asynchronous model is well-known and works correctly.,Claim,Claim,0.9944,0.9944,0.0035,0.0021,,False,False
179,No,4,"Basically, this is what you do: As you can see, the ultimate event when a renderer window can be shown is not , but 'ready-to-show' .",Claim,Claim,0.973,0.973,0.0011,0.0259,,False,False
179,No,5,"Inside the handler of this event, your renderer process is ready to receive IPC events, so you have to use the 'ready-to-show' hander to do the initialization you need.",Claim,Claim,0.9334,0.9334,0.0009,0.0656,,False,False
179,No,6,"Nevertheless, you also have to use the event , because the handler of this event is the place when you can create an instance (or instances) of the BrowserWindow .",Claim,Claim,0.9668,0.9668,0.001,0.0322,,False,False
180,No,0,"Whatever you do, don't redraw if a returned value is 0: that will introduce statistical bias into the result.",Claim,Claim,0.9946,0.9946,0.003,0.0025,,False,False
180,No,1,The best thing to do here is to draw between -10 and 1 inclusive and add 1 to any non-negative output.,Claim,Claim,0.929,0.929,0.0015,0.0695,,False,False
180,No,2,"Finally, call once else you'll ruin the generator's statistical properties.",Claim,Claim,0.9937,0.9937,0.0014,0.0048,,False,False
180,No,3,"(Briefly - since this comment is more for the mathematics site - and restricting the argument to a linear congruential generator, what tends to happen if you omit generated values is that you increase the variance of the resulting distribution so it's no longer uniform.",Claim,Claim,0.7607,0.7607,0.0055,0.2339,,False,False
180,No,4,A previously drawn small number will be linearly related to the subsequent drawing as the generator's modulus will have no effect.,Claim,Claim,0.9904,0.9904,0.0022,0.0075,,False,False
180,No,5,This autocorrelation - necessary for the resulting distribution to be uniform - of adjacent drawings will be curtailed if drawings are discarded and that increases the sample variance.),Claim,Claim,0.9906,0.9906,0.0043,0.0052,,False,False
181,No,0,"Global variables are properties of the object, so gives you because is .",Claim,Claim,0.9914,0.9914,0.0057,0.0029,,False,False
181,No,1,(Further reading: How does the âthisâ keyword work? ).,Claim,Claim,0.9807,0.9807,0.01,0.0093,,False,False
181,No,2,Local variables are not properties of any object.,Claim,Claim,0.9875,0.9875,0.01,0.0025,,False,False
181,No,3,They can't be accessed as if they were properties of an object.,Claim,Claim,0.9953,0.9953,0.0028,0.0019,,False,False
181,No,4,Just log and not .,Claim,Claim,0.9934,0.9934,0.0036,0.003,,False,False
182,No,0,You can put the condition in the notification delegate method to show notification for a specific view controller or not.,Claim,Claim,0.9597,0.9597,0.0008,0.0395,,False,False
182,No,1,I hope this will be helpful to you...,Claim,Claim,0.9844,0.9844,0.0054,0.0103,,False,False
183,No,0,"This is one of the cases where you should not attempt to build a regex that matches something, but rather a regex that matches the complement of something , and use the regex negatively.",Claim,Claim,0.9874,0.9874,0.0013,0.0113,,False,False
184,No,0,I don't know if it will work i needed the inverse of what you want for one2many field because one2many field when you click on add item an empty row is added.,Claim,Claim,0.9368,0.9368,0.0014,0.0618,,False,False
184,No,1,In your view For changing the behavior of o2m to m2m worked hope it wlrk for you too EDIT : Don't forget to make your tree view editable first it may work work without having to change the widget I'm on my phone sorry for less code Edits : If you didn't find an easy way to do it what you have to do is that many2many field eventually it create a relation table between your two models just create that relation as a model and put two many2one field to your models an change many2many field to one2many to the new model and this way you did what many2many do.,Claim,Claim,0.6321,0.6321,0.0011,0.3667,,False,False
184,No,2,Hope you get the idea,Claim,Claim,0.954,0.954,0.0311,0.015,,False,False
185,No,0,is deprecated as of .,Claim,Claim,0.8866,0.8866,0.0044,0.1089,,False,False
185,No,1,There is a new way to do this in this API version.,Claim,Claim,0.9828,0.9828,0.0019,0.0152,,False,True
185,No,2,Below is the code I used in one of my apps.,Evidence,Evidence,0.9359,0.0626,0.0015,0.9359,1,False,False
185,No,3,I had to override a bunch of methods in MainActivity class.,Claim,Claim,0.9593,0.9593,0.0013,0.0394,,False,False
185,No,4,"Previously, I also implemented the interface.",Claim,Claim,0.847,0.847,0.0014,0.1517,,False,False
185,No,5,But it is also deprecated and will be removed in future versions: EDIT: If you want to keep immersive mode after user focus some input control on your screen you can implement interface. Here's how I did:,Claim,Claim,0.9037,0.9037,0.0013,0.0949,,False,False
186,No,0,"Yes - itâs possible, there are different ways for that: use shell multi line input, like this (taken from here ) - just need to define correct environment variables: generate config file directly - itâs just JSON that you need to fill with necessary parameters.",Evidence,Evidence,0.984,0.0151,0.0009,0.984,1,False,False
186,No,1,"Generate it once, look into and reuse.",Claim,Claim,0.9948,0.9948,0.0026,0.0025,,False,True
186,No,2,But really you may not need configuration at all - Databricks connect can take information either from environment variables (like ) or Spark configuration (like ) - just refer to official documentation .,Claim,Claim,0.9658,0.9658,0.0008,0.0335,,False,False
187,No,0,You need to make the factory covariant in M. See https://groups.google.com/forum/#!topic/scala-language/dQEomVCH3CI and https://issues.scala-lang.org/browse/SI-7332 .,Evidence,Evidence,0.9857,0.0133,0.001,0.9857,1,False,False
187,No,1,This compiles: I've taken the liberty of shortening your names.,Claim,Claim,0.9811,0.9811,0.0024,0.0165,,False,True
187,No,2,I also followed the advice you received at how to generically handle Scala Higher-kinded types when coding factories for generating containers of items of type 'X' to make A a type parameter on the factory itself.,Claim,Claim,0.6787,0.6787,0.0014,0.3199,,False,False
188,No,0,The data may still be accessible by a professional who knows what they're doing and can access the raw data on the disk (i.e.,Claim,Claim,0.9945,0.9945,0.0034,0.0021,,False,False
188,No,1,without going through the filesystem).,Claim,Claim,0.9901,0.9901,0.0019,0.008,,False,False
188,No,2,"Your program is basically equivalent to the Linux command, which contains the following warning: CAUTION: Note that shred relies on a very important assumption: that the file system overwrites data in place.",Claim,Claim,0.9203,0.9203,0.0012,0.0785,,False,False
188,No,3,"This is the traditional way to do things, but many modern file system designs do not satisfy this assumption.",Claim,Claim,0.9919,0.9919,0.0048,0.0033,,False,True
188,No,4,"The following are examples of file systems on which shred is not effective, or is not guaranteed to be effective in all file system modes: log-structured or journaled file systems, such as those supplied with AIX and Solaris (and JFS, ReiserFS, XFS, Ext3, etc.)",Evidence,Evidence,0.9893,0.0089,0.0018,0.9893,3,False,False
188,No,5,"file systems that write redundant data and carry on even if some writes fail, such as RAID-based file systems file systems that make snapshots, such as Network Appliance's NFS server file systems that cache in temporary locations, such as NFS version 3 clients compressed file systems There's other situations as well, such as SSDs with wear leveling.",Evidence,Evidence,0.9918,0.0068,0.0014,0.9918,3,False,False
189,No,0,The HATEOAS functionality is available out of the box only for the Spring data jpa repositories annotated with .,Claim,Claim,0.924,0.924,0.001,0.075,,False,False
189,No,1,That automatically exposes the rest endpoint and adds the links.,Claim,Claim,0.5502,0.5502,0.0013,0.4485,,False,False
189,No,2,When you use the repository in the controller you just get the object and the jackson mapper maps it to json.,Claim,Claim,0.9449,0.9449,0.0012,0.0539,,False,False
189,No,3,If you want to add links when using Spring MVC controllers take a look here,Claim,Claim,0.9357,0.9357,0.001,0.0634,,False,False
190,No,0,0b means that a number in binary representation is expected.,Claim,Claim,0.9935,0.9935,0.0018,0.0047,,False,True
190,No,1,"For Data direction registers, setting the bits to 1 will make the respective lines outputs, and setting to 0 will make them inputs.",Evidence,Evidence,0.518,0.4806,0.0014,0.518,0,False,False
190,No,2,The will do a binary OR operation between the current value of the bits in with the mask.,Claim,Claim,0.9026,0.9026,0.0013,0.0961,,False,True
190,No,3,"This will result in , so that means will keep the value for lines 7 and 6.",Evidence,Evidence,0.6826,0.3137,0.0037,0.6826,2,False,False
190,No,4,This operation basically sets lines 5 and 3 as Output and leaves the rest as they were.,Claim,Claim,0.4995,0.4995,0.0023,0.4983,,False,False
191,No,0,"Thing 1: the Pythonic way of doing something 10 times is Thing 2: clearly Python thinks that , or it wouldn't loop infinitely. Try to check.",Claim,Claim,0.9943,0.9943,0.0038,0.0019,,False,False
191,No,1,Thing 3: what's the point of anyway?,Claim,Argument,0.622,0.373,0.622,0.005,,False,False
191,No,2,Are you trying to do multithreaded stuff or something?,Claim,Claim,0.991,0.991,0.0056,0.0034,,False,False
192,No,0,"is a bubbling event, which means it is fired in the current first and ""bubbles up"" to the parent elements if it is not handled.",Claim,Claim,0.9872,0.9872,0.0011,0.0117,,False,True
192,No,1,"In this case, many UI elements handle F4 to open dropdowns or do various other tasks.",Evidence,Evidence,0.9882,0.0108,0.001,0.9882,0,False,False
192,No,2,"Since the and are handling the event themselves, it doesn't get bubbled up to the window, so the window's handler will not fire.",Claim,Claim,0.992,0.992,0.0015,0.0066,,False,False
192,No,3,"If you want the window to override its child elements, you should use instead.",Claim,Claim,0.936,0.936,0.0011,0.063,,False,False
192,No,4,"This is a tunneling event, meaning the handler of the parent control is fired first and tunnels down to the child control if it isn't handled.",Claim,Claim,0.9953,0.9953,0.0013,0.0034,,False,True
192,No,5,See this answer for more information on tunneling and bubbling events.,Evidence,Evidence,0.7103,0.2871,0.0026,0.7103,4,False,False
193,No,0,"This mix-up comes from the confusion between two roles of : When it is used in an expression with strings, it denotes concatenation When it is used in an expression with numeric types, it denotes addition You can fix this problem by placing parentheses around your expressions.",Claim,Claim,0.9894,0.9894,0.0014,0.0092,,False,False
193,No,1,"However, a better approach is to use string formatting or string interpolation instead of concatenation, which lets you avoid this problem altogether: or",Claim,Claim,0.9787,0.9787,0.0015,0.0198,,False,False
194,No,0,will set the instance attributes & values with the passed values and .,Claim,Claim,0.8991,0.8991,0.0012,0.0997,,False,True
194,No,1,so when you create an instance using : a and b will be have values 5 & 3 respectively.,Evidence,Evidence,0.9063,0.0925,0.0012,0.9063,0,False,False
194,No,2,Hence calling method will return On the other hand if u use: local variables x and y will be set to with the default values of a and b i.e. 0.,Claim,Claim,0.5873,0.5873,0.0016,0.4111,,False,False
194,No,3,Also a and b will hold defualt values as 0 as no other value is set.,Claim,Claim,0.9818,0.9818,0.0011,0.0171,,False,False
194,No,4,So when u do as a & b have values 0 so calling method will return,Claim,Claim,0.9068,0.9068,0.002,0.0911,,False,False
195,No,0,One-Liner using UriBuilder : Output: Test: Copy-paste the code into https://groovy-playground.appspot.com/,Evidence,Evidence,0.8727,0.1261,0.0012,0.8727,,True,False
196,No,0,You don't need any of that.,Claim,Claim,0.9902,0.9902,0.0077,0.0021,,False,True
196,No,1,"Basically, you're searching your database (which I called db) for ""Up"", ""Down"", or NAs, and assigning 2, -2, and 0 respectively.",Evidence,Evidence,0.5098,0.4889,0.0013,0.5098,0,False,False
196,No,2,"This leaves you with all characters, so you do this: In your comment you said it gives you a factor error - that means your df is all factors.",Claim,Claim,0.9796,0.9796,0.001,0.0193,,False,False
196,No,3,Fix that by starting out with this:,Claim,Claim,0.9898,0.9898,0.0041,0.006,,False,False
197,No,0,"The reason it isn't centered at the moment is in your css, here: Change it to inline-block, like so: Add to the container: And that will allow them to center, instead of forcing them left.",Evidence,Evidence,0.9426,0.0563,0.0011,0.9426,1,False,False
197,No,1,Ensure the parent container(s) have on them.,Claim,Claim,0.9808,0.9808,0.0015,0.0177,,False,True
197,No,2,"See the updated jsFiddle Finally, css selectors: - selects the ul that has the ID of - selects the ul that is the child of an element with the id of - ensures it only addresses any elements with id of , but could also be written simply - selects all the li elements that are the child of the ul with the id of - could also be written , since an ID should only occur once on a page.",Evidence,Evidence,0.7586,0.2402,0.0012,0.7586,1,False,False
198,No,0,"A quick follow-up on cross cell references for all JupyterLab users: Since (to my knowledge) jupyter_contrib_nbextensions do not work with JupyterLab, you can just use the code from the equation-numbering extension directly in your notebooks.",Evidence,Evidence,0.5685,0.4289,0.0026,0.5685,2,False,False
198,No,1,This is how it kind of worked for me: Cell A (code cell): Cell B (code cell): Cell C (markdown cell): Cell D (markdown cell): For the cross-cell reference to work you have to run cell B again after running cell D (this also answers the question in @jrive's comment but appearently I don't have enugh reputation to write a comment).,Evidence,Evidence,0.793,0.2051,0.0019,0.793,2,False,False
198,No,2,"I say it ""kind of worked"" because there is one problem: So far I could not figure out how to make the auto-numbering work properly across multiple notebooks.",Claim,Claim,0.9835,0.9835,0.003,0.0135,,False,True
198,No,3,"If I reset the numbering as described above, the equations are numbered in the same order the cells were run (not sure about this though, it sometimes seems a bit random), regardless of the notebook they belong to.",Claim,Claim,0.942,0.942,0.0011,0.0568,,False,False
198,No,4,So you might end up having Eq.,Claim,Claim,0.9886,0.9886,0.0061,0.0053,,False,False
198,No,5,"1, 2 and 4 in one notebook and Eq. 3 in the second.",Claim,Claim,0.6298,0.6298,0.0016,0.3686,,False,False
198,No,6,"This might look somewhat weird, but at least all references link to the correct equation... Maybe someone has a solution for this?",Claim,Claim,0.9881,0.9881,0.0019,0.01,,False,False
199,No,0,Get rid of .,Claim,Claim,0.9528,0.9528,0.0442,0.003,,False,False
199,No,1,"You're confusing components with normal functions and trying to use them interchangeably, which is leading to a drastically over-engineered and broken structure. is your component.",Claim,Claim,0.9934,0.9934,0.0013,0.0053,,False,False
199,No,2,Inside that component should be your calls to and .,Claim,Claim,0.9813,0.9813,0.0018,0.0169,,False,False
199,No,3,The calls define your component's state values and the call invokes an operation when dependencies change on a re-render. Simplify what you're doing.,Claim,Claim,0.9706,0.9706,0.001,0.0284,,False,True
199,No,4,For example: Now you have a component with 4 state values and 1 effect.,Evidence,Evidence,0.9877,0.0107,0.0016,0.9877,3,False,False
199,No,5,"That effect is that an AJAX operation is performed when the component is first loaded (and never again afterward), and that operation updates the state when it's complete.",Claim,Claim,0.9933,0.9933,0.0014,0.0052,,False,False
199,No,6,That state update will re-render the component with its new data.,Claim,Claim,0.9678,0.9678,0.001,0.0312,,False,False
199,No,7,From this starting point you can continue to develop your features.,Claim,Claim,0.9942,0.9942,0.0016,0.0042,,False,False
199,No,8,Edit: Based on comments below it sounds like you also want to manually invoke the AJAX function in an event handler.,Claim,Claim,0.988,0.988,0.0021,0.0099,,False,False
199,No,9,"For that you would extract the AJAX logic into a function and invoke that function in both the event handler and in , the same way you would extract functionality into a function to call from multiple places anywhere else.",Claim,Claim,0.6993,0.6993,0.0013,0.2993,,False,True
199,No,10,"For example: Now that you have a function which independently performs the AJAX operation (and is just calling that function), you can call that function in your event handler: If you need to pass the selected value to then you can pass just like you do to .",Evidence,Evidence,0.9803,0.0188,0.0009,0.9803,9,False,False
199,No,11,Then in you'd add a function argument and use it however you need to.,Claim,Claim,0.9901,0.9901,0.0022,0.0078,,False,False
200,No,0,"The best way I could think is what you already know, that is by adding style to the element But if you want the other way, you can also use this without you just need to specify the of the , the same with the element that contain it, set the so there won't be another element beside it, and set so the and can work.",Claim,Claim,0.9884,0.9884,0.0013,0.0103,,False,False
200,No,1,"Note: This should only be used if there's only 1 inside the , which is the",Claim,Claim,0.9878,0.9878,0.0028,0.0094,,False,False
201,No,0,"Your app will continue to function on the app store, however will be unable to receive push notifications until you replace the old key with the new key.",Claim,Claim,0.9929,0.9929,0.0012,0.0059,,False,False
201,No,1,Your APNS key is specific to your development team and not to the app itself.,Claim,Claim,0.9962,0.9962,0.0016,0.0022,,False,False
201,No,2,You won't need to update the existing app after switching the keys.,Claim,Claim,0.9946,0.9946,0.0019,0.0035,,False,False
201,No,3,The only info that APNS needs from the app is the bundle identifier.,Claim,Claim,0.9913,0.9913,0.0015,0.0072,,False,False
202,No,0,"If anyone would be missing his APK and couldn't find it in the locations stated in other answers (I found this question, since I couldn't find it either) it might just be in this folder (mine was) I also had a there this file: I am not perfectly sure, whether the apk is actually the full-blown apk, which should be generated, but I tried it on various devices (not only the target device, but also those which were supporting only the minimum SDK) and it worked.",Evidence,Evidence,0.7651,0.2337,0.0013,0.7651,1,False,False
202,No,1,Hope this will help someone.,Claim,Claim,0.9891,0.9891,0.006,0.0049,,False,True
203,No,0,"Yes, it works because the input is a pair of infinite lists.",Claim,Claim,0.9858,0.9858,0.0014,0.0128,,False,False
203,No,1,"That definition of only handles the case where its first argument is not empty, ie uses the constructor.",Claim,Claim,0.9865,0.9865,0.0029,0.0106,,False,False
203,No,2,But lists have a second constructor ( ) which that definition ignores is possible.,Claim,Claim,0.9804,0.9804,0.0018,0.0178,,False,False
203,No,3,"A more complete definition would probably look like this, depending on how you want it to handle an empty input:",Claim,Claim,0.9824,0.9824,0.002,0.0156,,False,False
204,No,0,That looks like some files did not flush correctly on shutdown.,Evidence,Evidence,0.6707,0.3277,0.0016,0.6707,1,False,False
204,No,1,You will have to do a full re-index (with deleting) on nodes showing those errors to get the lucene indexes to rebuild.,Claim,Claim,0.8312,0.8312,0.0013,0.1675,,False,True
204,No,2,This page shows how to initiate a re-index. http://www.datastax.com/docs/datastax_enterprise3.2/solutions/dse_search_upload#reloading-a-solr-core,Evidence,Evidence,0.9769,0.022,0.0012,0.9769,1,False,False
205,No,0,That is mostly dependent on the server configuration.,Claim,Claim,0.9895,0.9895,0.0012,0.0092,,False,False
205,No,1,The server has to accept the initial HTTP request and be configured to redirect the client to an appropriate HTTPS url.,Claim,Claim,0.9903,0.9903,0.0011,0.0086,,False,False
205,No,2,"That being said, there are some Internet standards related to automating HTTP-to-HTTPS upgrades.",Claim,Claim,0.9947,0.9947,0.0022,0.0031,,False,False
205,No,3,HTTP Strict Transport Security and Upgrade Insecure Requests allow an HTTP/S server to tell clients that it wants them to automatically use HTTPS for all subsequent requests.,Claim,Claim,0.9934,0.9934,0.0015,0.0051,,False,False
205,No,4,"If a client visits an HSTS/UIR-enabled server, it will receive a normal HTTP response with additional HSTS/UIR-related headers.",Claim,Claim,0.993,0.993,0.0012,0.0058,,False,False
205,No,5,"If the client supports HSTS/UIR, it will then know to automatically send all subsequent HTTP requests to that same server using HTTPS, and in the case of UIR also treat any received HTTP URLs as if they were HTTPS URLs.",Claim,Claim,0.9861,0.9861,0.0013,0.0126,,False,False
206,No,0,"Well, that's imprecise wording anyway.",Claim,Claim,0.9734,0.9734,0.0221,0.0045,,False,False
206,No,1,The signature is so is described as filter all elements from that fulfill .,Claim,Claim,0.9267,0.9267,0.0028,0.0704,,False,False
206,No,2,"So to ""do the opposite"", you just need to invert the predicate.",Claim,Claim,0.9932,0.9932,0.0033,0.0035,,False,True
206,No,3,"For instance, Prelude> filter (== 'a') ""Is there a simple method or variation of filter that"" ""aaaa"" Prelude> filter (/= 'a') ""Is there a simple method or variation of filter that"" ""Is there simple method or vrition of filter tht"" In general: Prelude> filterNot (== 'a') ""Is there a simple method or variation of filter that"" ""Is there simple method or vrition of filter tht""",Evidence,Evidence,0.9862,0.0128,0.001,0.9862,2,False,False
207,No,0,"A string literal is an array of characters* (with static storage), which contains all the characters in the literal along with a terminator.",Evidence,Evidence,0.677,0.3216,0.0013,0.677,1,False,False
207,No,1,The size of an array is the size of the element multiplied by the number of elements in the array.,Claim,Claim,0.9853,0.9853,0.0033,0.0114,,False,True
207,No,2,The literal is an array that consists of one with the value .,Claim,Claim,0.7805,0.7805,0.002,0.2175,,False,False
207,No,3,"The type is , and is always one; therefore is always one.",Claim,Claim,0.9548,0.9548,0.0421,0.0031,,False,False
207,No,4,"In C, is implementation-defined, and is often .",Claim,Claim,0.9885,0.9885,0.0077,0.0038,,False,False
207,No,5,"The size of a , on your particular implementation , is 4.",Claim,Claim,0.9892,0.9892,0.0016,0.0092,,False,False
207,No,6,It may be a different number depending on the platform you run on.,Claim,Claim,0.9944,0.9944,0.0015,0.0041,,False,False
207,No,7,"may also expand to an integer of some type of the value 0, and you'd get the size of that instead.",Claim,Claim,0.9719,0.9719,0.0012,0.027,,False,False
207,No,8,"*A literal is not a pointer, arrays are not pointers, pointers do not play a role in this part of the question.",Claim,Claim,0.9868,0.9868,0.0041,0.0092,,False,False
208,No,0,Lots of people advise you to use .,Claim,Claim,0.9576,0.9576,0.0065,0.0359,,False,False
208,No,1,"Indeed, this may be a good solution, but only in the short run.",Claim,Argument,0.9946,0.0046,0.9946,0.0008,,False,False
208,No,2,What you probably want to do is this: .,Claim,Claim,0.9909,0.9909,0.0028,0.0063,,False,False
208,No,3,"(The third option, which you probably don't want is: .",Claim,Claim,0.9874,0.9874,0.0023,0.0103,,False,False
208,No,4,"It will keep your local file, but will be marked as removed from the remote repository.)",Claim,Claim,0.9916,0.9916,0.001,0.0075,,False,False
208,No,5,Difference between the first two options?,Claim,Claim,0.9628,0.9628,0.0345,0.0027,,False,False
208,No,6,is to temporary allow you to hide modifications from a file.,Claim,Claim,0.9818,0.9818,0.001,0.0172,,False,False
208,No,7,"If you want to hide modifications done to a file, modify the file, then checkout another branch, you'll have to use then probably stash modifications done.",Claim,Claim,0.992,0.992,0.0011,0.0069,,False,False
208,No,8,"will follow you whatever the branch you checkout, with your modifications!",Claim,Claim,0.9938,0.9938,0.0016,0.0046,,False,False
208,No,9,"Use case of It assumes this file should not be modified, and gives you a cleaner output when doing .",Claim,Claim,0.9935,0.9935,0.0023,0.0042,,False,False
208,No,10,"But when checking out to another branch, you need to reset the flag and commit or stash changes before so.",Claim,Claim,0.9865,0.9865,0.001,0.0126,,False,False
208,No,11,"If you pull with this option activated, you'll need to solve conflicts and git won't auto merge.",Claim,Claim,0.9935,0.9935,0.0015,0.005,,False,True
208,No,12,It actually only hides modifications ( won't show you the flagged files).,Evidence,Evidence,0.6003,0.3981,0.0016,0.6003,11,False,False
208,No,13,I like to use it when I only want to stop tracking changes for a while + commit a bunch of files ( ) related to the same modification.,Claim,Claim,0.9411,0.9411,0.0011,0.0578,,False,False
208,No,14,Use case of You have a setup class containing parameters (eg.,Claim,Claim,0.6286,0.6286,0.0019,0.3695,,False,False
208,No,15,including passwords) that your friends have to change accordingly to their setup.,Claim,Claim,0.9941,0.9941,0.0014,0.0045,,False,False
208,No,16,"1: Create a first version of this class, fill in fields you can fill and leave others empty/null.",Claim,Claim,0.9921,0.9921,0.0016,0.0064,,False,False
208,No,17,2: Commit and push it to the remote server.,Claim,Claim,0.9898,0.9898,0.0018,0.0085,,False,False
208,No,18,3: 4: Update your configuration class with your own parameters.,Claim,Claim,0.994,0.994,0.0024,0.0035,,False,False
208,No,19,5: Go back to work on another functionnality.,Claim,Claim,0.9907,0.9907,0.005,0.0044,,False,False
208,No,20,The modifications you do will follow you whatever the branch.,Claim,Claim,0.9951,0.9951,0.0025,0.0023,,False,False
208,No,21,"Warning: if your friends also want to modify this class, they have to have the same setup, otherwise their modifications would be pushed to the remote repository.",Claim,Claim,0.9893,0.9893,0.0011,0.0096,,False,False
208,No,22,"When pulling, the remote version of the file should overwrite yours.",Claim,Claim,0.9915,0.9915,0.0013,0.0072,,False,False
208,No,23,"PS: do one or the other, but not both as you'll have undesirable side-effects.",Claim,Claim,0.9926,0.9926,0.0038,0.0036,,False,False
208,No,24,"If you want to try another flag, you should disable the latter first.",Claim,Claim,0.9924,0.9924,0.0013,0.0063,,False,False
209,No,0,The best way to do this would still be with CSS.,Claim,Claim,0.9929,0.9929,0.0058,0.0014,,False,True
209,No,1,"You can make the logic more generic by wrapping each set of elements in a container, such as a in the following example, then placing common classes on each element which you can then use in the CSS. Try this:",Evidence,Evidence,0.9877,0.0107,0.0016,0.9877,0,False,False
210,No,0,gcc on MacOS generates object and executable files in the Mach-O file format.,Claim,Claim,0.985,0.985,0.0011,0.0139,,False,False
210,No,1,"The file is divided up into multiple segments, each of which has some alignment requirement to make loading more efficient (hence why you get all the zero padding).",Claim,Claim,0.7478,0.7478,0.0016,0.2507,,False,True
210,No,2,"I took your code and built it on my Mac with gcc, gives me an executable size of 8432 bytes.",Evidence,Evidence,0.9118,0.0868,0.0014,0.9118,1,False,False
210,No,3,"Yes, gives me a bunch of zeros.",Claim,Claim,0.9876,0.9876,0.0016,0.0108,,False,True
210,No,4,"Here's the output of the section headers: contains the machine code of your program, contains the literal , and there's a bunch of metadata associated with each section.",Evidence,Evidence,0.9562,0.0429,0.0009,0.9562,3,False,False
210,No,5,"This kind of structure is obviously overkill for a simple program like yours, but simple programs like yours are not the norm.",Claim,Claim,0.9941,0.9941,0.0029,0.0031,,False,False
210,No,6,"Object and executable file formats have to be able to support dynamic loading, symbol relocation, and other things that require complex structures.",Claim,Claim,0.9905,0.9905,0.0009,0.0086,,False,False
210,No,7,There's a minimum level of complexity (and thus size) for any compiled program.,Claim,Claim,0.9926,0.9926,0.0015,0.0059,,False,False
210,No,8,"So executable files for ""small"" programs are larger than you think they should be based on the source code, but realize there's a lot more than just your source code in there.",Claim,Claim,0.9785,0.9785,0.0009,0.0205,,False,False
211,No,0,No.,Claim,Claim,0.9539,0.9539,0.0261,0.02,,False,False
211,No,1,The point of CORBA is that it fully decouples the components.,Claim,Claim,0.9942,0.9942,0.0034,0.0024,,False,False
211,No,2,"Obviously, your applications need to use client libraries that they can interface with.",Claim,Claim,0.9901,0.9901,0.001,0.0088,,False,True
211,No,3,"Your ORB may only supply bindings for one language, in which case you need to find other bindings, or find a way to interoperate with them (e.g.",Evidence,Evidence,0.8868,0.111,0.0023,0.8868,2,False,False
211,No,4,"if using Python, you could still work with C++ libraries if you wanted).",Claim,Claim,0.991,0.991,0.0013,0.0077,,False,False
211,No,5,Try actually using the technology.,Claim,Claim,0.9931,0.9931,0.0048,0.0021,,False,False
212,No,0,"Yes, you can.",Claim,Claim,0.9842,0.9842,0.014,0.0018,,False,False
212,No,1,MSDN has an entire section describing how to define and use Read-Only Dependency Properties .,Claim,Claim,0.9647,0.9647,0.0014,0.0339,,False,False
212,No,2,The main issue is to call DependencyProperty.RegisterReadOnly instead of Register.,Claim,Claim,0.9822,0.9822,0.0023,0.0156,,False,False
212,No,3,"Also, if you create a property on the object to handle this, make sure to only implement a public getter in the property, and not a public setter.",Claim,Claim,0.9938,0.9938,0.0018,0.0044,,False,False
213,No,0,matches any character except newlines unless you use .,Claim,Claim,0.9908,0.9908,0.0022,0.007,,False,False
213,No,1,"Since you want to match the newline, you'd have to add .",Claim,Claim,0.9862,0.9862,0.0013,0.0124,,False,False
213,No,2,But that would find the last three letters of the document. You actually want,Claim,Claim,0.9929,0.9929,0.0029,0.0041,,False,False
214,No,0,You're probably on some kind of 32-bit systems where numpy defaults to 32-bit integers.,Claim,Claim,0.9795,0.9795,0.0014,0.019,,False,False
214,No,1,"This caused the result to be ""truncated"" to 32 bits.",Claim,Claim,0.9855,0.9855,0.0015,0.013,,False,False
214,No,2,You can verify the result with the following expression: Use Python built-in and unless you need the fancy stuff numpy provides.,Claim,Claim,0.9896,0.9896,0.0012,0.0092,,False,False
214,No,3,It's an arbitrary-precision integer implementation and should work for all kinds of integer calculation workload.,Claim,Claim,0.9845,0.9845,0.001,0.0145,,False,False
215,No,0,"Depending on its semantic value, you could also use a definition list. HTML: CSS: http://jsfiddle.net/SVdTt/",Evidence,Evidence,0.6981,0.3004,0.0016,0.6981,,True,False
216,No,0,"I second the advice about checking the EAI site, and the book it is based on (a fantastic text on MOMs and MOM patterns).",Evidence,Evidence,0.8365,0.1608,0.0027,0.8365,,True,False
216,No,1,"Personally I'd investigate the Resequencer , though.",Evidence,Evidence,0.7636,0.2318,0.0047,0.7636,,True,False
217,No,0,both and is the global object both are understand by other browsers.,Claim,Claim,0.9916,0.9916,0.0011,0.0072,,False,True
217,No,1,"but when I checked in safari, it don't understand the variable .",Evidence,Evidence,0.6791,0.3191,0.0018,0.6791,0,False,False
217,No,2,So my suggestion is replace with .,Claim,Claim,0.9725,0.9725,0.004,0.0236,,False,False
218,No,0,The 2022+ answer You can work around this by using individual property transforms which have pretty good browser support .,Claim,Claim,0.9935,0.9935,0.0014,0.0051,,False,True
218,No,1,"In short, use the properties like , , etc. instead of .",Evidence,Evidence,0.9284,0.0699,0.0016,0.9284,0,False,False
218,No,2,Side note: You don't need browser-specific properties for anything related to transforms or animations these days.,Claim,Claim,0.9838,0.9838,0.0012,0.0149,,False,False
218,No,3,The original 2014 answer The issue is that the in the animation is overriding the default .,Claim,Claim,0.9153,0.9153,0.0018,0.0829,,False,True
218,No,4,"In this case, you can combine them in the animation itself but it has to be hard coded.",Evidence,Evidence,0.9328,0.0653,0.0019,0.9328,3,False,False
218,No,5,"If you need it to be dynamic, you can nest it in an element and animate one while not affecting the other - most likely translate the parent and rotate the child.",Claim,Claim,0.9496,0.9496,0.0012,0.0492,,False,False
218,No,6,"If you absolutely cannot have more than one element, you can affect the transform matrix for the element using JavaScript, in which case using an animation library like GSAP would be advantageous.",Claim,Claim,0.9864,0.9864,0.0011,0.0125,,False,False
219,No,0,"I would suggest renaming the ""branch"" in your fork to something other than gh-pages, that should prevent it from triggering builds, but will still allow you to pull request to the gh-pages on the upstream parent.",Claim,Claim,0.948,0.948,0.0013,0.0506,,False,False
220,No,0,"If the performance of your website suffers when Firebug is enabled, you may want to display a warning, asking users to switch it off.",Claim,Claim,0.9952,0.9952,0.0013,0.0035,,False,False
220,No,1,You can easily detect if Firebug is enabled through JavaScript .,Claim,Claim,0.9953,0.9953,0.0026,0.0021,,False,False
221,No,0,"Check the syntax here: http://www.fpdf.org/en/doc/output.htm It is: , so you have to write: or e.g.",Evidence,Evidence,0.9777,0.0206,0.0017,0.9777,1,False,False
221,No,1,": or relative path: However, I am not sure if you can use windows absolute path...",Claim,Claim,0.8686,0.8686,0.0011,0.1303,,False,True
222,No,0,Write a function: You can then say: and use it for dumping any other maps where K & V are types that have streaming operators available.,Claim,Claim,0.8774,0.8774,0.0014,0.1212,,False,False
223,No,0,You should not use NHibernate.Linq.dll with NHibernate 3.0!,Claim,Claim,0.9867,0.9867,0.0016,0.0117,,False,False
223,No,1,"NHibernate 3.0 has Linq included (a by far better version than the old extension dll), you just need to add and use instead of .",Claim,Claim,0.7126,0.7126,0.0014,0.286,,False,False
224,No,0,"When receiving UDP data via a socket of type , you'll only receive the complete datagram (assuming your input buffer is large enough to receive it).",Claim,Claim,0.9903,0.9903,0.0013,0.0085,,False,False
224,No,1,Any IP fragmentation is handled transparently from userspace.,Claim,Claim,0.9945,0.9945,0.0025,0.0031,,False,False
224,No,2,"If you're using raw sockets, then you need to handle defragmentation yourself.",Claim,Claim,0.9933,0.9933,0.0016,0.0052,,False,False
225,No,0,The specification of tolerance is a business function.,Claim,Claim,0.9953,0.9953,0.0028,0.0018,,False,False
225,No,1,"There aren't standards that say ""all tolerance must be within +/- .001%"".",Claim,Claim,0.979,0.979,0.0099,0.0111,,False,False
225,No,2,So you have to go to your requirements and figure out what's going to work for you. Look at your application.,Claim,Claim,0.9929,0.9929,0.0034,0.0037,,False,False
225,No,3,Let's say it's for some kind of cutting machine.,Claim,Claim,0.9898,0.9898,0.0036,0.0067,,False,False
225,No,4,Are they metal machining tolerances? .005 inches is common.,Claim,Claim,0.9919,0.9919,0.0032,0.0049,,False,False
225,No,5,Are they wood cabinet sawing tolerances?,Claim,Claim,0.9848,0.9848,0.0044,0.0107,,False,False
225,No,6,"1/32"" is sloppy, 1/64"" is better.",Claim,Claim,0.976,0.976,0.0203,0.0037,,False,False
225,No,7,Are they house framing tolerances?,Claim,Claim,0.9855,0.9855,0.0092,0.0053,,False,False
225,No,8,"Don't expect a carpenter to come closer than 1/4"".",Claim,Claim,0.9398,0.9398,0.0525,0.0077,,False,False
225,No,9,Hand cutting with a welding torch?,Claim,Claim,0.835,0.835,0.1622,0.0028,,False,False
225,No,10,Hope for about an inch.,Claim,Claim,0.9469,0.9469,0.049,0.0041,,False,False
225,No,11,"The point is simply that every application depends on something different, even when they're doing equivalent things.",Claim,Claim,0.995,0.995,0.0026,0.0024,,False,False
225,No,12,"If you're just talking ""doubles"" in general, they're usually good to no better than 15 digits of precision.",Claim,Claim,0.9947,0.9947,0.0016,0.0037,,False,False
225,No,13,Floats are good to 7 digits.,Claim,Claim,0.9916,0.9916,0.0025,0.0058,,False,False
225,No,14,"I round those down by one when I'm thinking about the problem (I don't rely on a double being accurate to more than 14 digits and I stop with floats at six digits); however, if I'm worried about more than the 12th digit of precision I'm generally working with large dollar amounts that have to balance precisely, and I'd be a fool to use non-integer math for them.",Claim,Claim,0.9853,0.9853,0.001,0.0138,,False,False
225,No,15,"Business people want their stuff to balance to the penny, and wouldn't approve of rounding off addition operations!",Claim,Claim,0.6842,0.6842,0.3129,0.003,,False,True
225,No,16,"If you're looking at math library operations such as the trig functions, read the library's documentation on each function.",Evidence,Evidence,0.9897,0.0087,0.0016,0.9897,15,False,False
226,No,0,you can access each button preference with something like this: an expandable example with your custom button would be:,Claim,Claim,0.5318,0.5318,0.0016,0.4666,,False,False
227,No,0,You can create a PDF with Qprinter using QTextDocument.,Claim,Claim,0.9921,0.9921,0.0019,0.0061,,False,False
227,No,1,QTextDocument has setHtml() method which lets you use html tags including tag ( ).,Claim,Claim,0.9669,0.9669,0.0012,0.0319,,False,False
227,No,2,"After that, you can create PDF with that HTML using QTextDocument print() method.",Claim,Claim,0.9893,0.9893,0.0019,0.0088,,False,True
227,No,3,"Code Example: After running this code you will have out.pdf file with a clickable text: ""google"" that links to ""http://www.google.com"" P.S.",Evidence,Evidence,0.9808,0.0182,0.0009,0.9808,2,False,False
227,No,4,You could even add an image using tag.,Claim,Claim,0.9927,0.9927,0.0012,0.0061,,False,False
228,No,0,"This will install CouchDB 2.1: Add ""deb https://apache.bintray.com/couchdb-deb xenial main"" to /etc/apt/sources.list using your favorite editor Add the public key to apt: curl -L https://couchdb.apache.org/repo/bintray-pubkey.asc | sudo apt-key add - Depending on your setup you may need to install https for apt sudo apt-get install apt-transport-https Update apt and install!",Evidence,Evidence,0.9809,0.0183,0.0008,0.9809,,True,False
228,No,1,sudo apt-get update && sudo apt-get install couchdb,Evidence,Evidence,0.6609,0.3363,0.0028,0.6609,,True,False
229,No,0,OpenMP sections are for somewhat unrelated bits of code that can be executed in parallel.,Claim,Claim,0.9919,0.9919,0.0027,0.0054,,False,False
229,No,1,"The idea is that within your algorithms, there are different parts which aren't super organized, but which could be executed in any order and even in parallel.",Claim,Claim,0.5565,0.5565,0.0015,0.442,,False,False
229,No,2,"This is a very ad-hoc way of parallelizing, which you don't expect to see much in a code.",Claim,Claim,0.9877,0.9877,0.0014,0.0109,,False,False
229,No,3,"Anyway, your code isn't standard compliant since all blocks within a construct must be enclosed inside a block (but the first for which this is optional as it is implicitly enclosed in a first block).",Claim,Claim,0.9919,0.9919,0.0017,0.0064,,False,True
229,No,4,"Here, if you where to add this implicit right before your loop, you'd see how little sense the code would have: the loop is in a section and the body into another...",Evidence,Evidence,0.5053,0.4925,0.0022,0.5053,3,False,False
229,No,5,"Here, since you have a loop, this structures your code very well and should permit you to use a directive.",Claim,Claim,0.7831,0.7831,0.0017,0.2152,,False,True
229,No,6,You only need to rewrite a bit your such as to explicit better the loop boundaries.,Evidence,Evidence,0.9622,0.0352,0.0026,0.9622,5,False,False
230,No,0,SQLite This is available using the SQLite function : The last_insert_rowid() function returns the ROWID of the last row insert from the database connection which invoked the function.,Claim,Claim,0.9421,0.9421,0.0013,0.0566,,False,False
230,No,1,The last_insert_rowid() SQL function is a wrapper around the sqlite3_last_insert_rowid() C/C++ interface function.,Claim,Claim,0.9885,0.9885,0.0019,0.0096,,False,False
230,No,2,"PHP The PHP version/binding of this function is : Returns the rowid of the row that was most recently inserted into the database dbhandle, if it was created as an auto-increment field.",Claim,Claim,0.9096,0.9096,0.0011,0.0893,,False,False
231,No,0,Have you read the documentation of ?,Claim,Claim,0.9071,0.9071,0.0026,0.0903,,False,False
231,No,1,"For UPDATE, INSERT, and DELETE statements, the return value is the number of rows affected by the command.",Claim,Claim,0.9695,0.9695,0.0008,0.0297,,False,False
231,No,2,"When a trigger exists on a table being inserted or updated, the return value includes the number of rows affected by both the insert or update operation and the number of rows affected by the trigger or triggers.",Claim,Claim,0.9682,0.9682,0.0009,0.0308,,False,False
231,No,3,"For all other types of statements, the return value is -1.",Claim,Claim,0.9922,0.9922,0.0017,0.006,,False,False
231,No,4,"If a rollback occurs, the return value is also -1.",Claim,Claim,0.9935,0.9935,0.0014,0.0052,,False,False
231,No,5,And your query is SELECT.,Claim,Claim,0.9895,0.9895,0.0019,0.0085,,False,False
232,No,0,What framework are you working with?,Claim,Claim,0.907,0.907,0.0899,0.0031,,False,True
232,No,1,"I ran this in 4 Full and it worked: Keep in mind array.contains uses equality, so ""PDF"" works, ""PD"" does not.",Evidence,Evidence,0.9008,0.098,0.0012,0.9008,0,False,False
232,No,2,You may need to iterate with indexof if you are looking for partial matches.,Claim,Claim,0.9898,0.9898,0.0012,0.009,,False,True
232,No,3,"In that case try: Dim fileTypesZ As String() = {""PDF"", ""TXT"", ""DOC"", ""DOCX"", ""XLS"", ""XLSX"", ""JPG"", ""JPGE"", ""BMP"", ""GIF""}",Evidence,Evidence,0.9837,0.0155,0.0009,0.9837,2,False,False
233,No,0,"You can solve this in two steps: STEP 1: Open the Command prompt and type netstat -a -o -f and press enter (the above command will show all the processes running on your machine) https://i.sstatic.net/m66JN.png STEP 2: Type TASKILL /F /PID 4036 (where F stands for force and PID stands for parent Id and 4036 stands for process id of 8080, here I am using some random number) https://i.sstatic.net/Co5Tg.png Few times when you are trying to kill process it will throw an exception telling that access is denied as shown in the above screenshot, at that point of time you are supposed to open command prompt as run as administrator https://i.sstatic.net/JwZTv.png Then come back to eclipse clean the project and then try to run the project",Evidence,Evidence,0.9863,0.0128,0.0009,0.9863,,True,False
234,No,0,"I used to use multiple GOPATHs -- dozens, in fact.",Claim,Claim,0.9547,0.9547,0.0022,0.0431,,False,False
234,No,1,"Switching between projects and maintaining the dependencies was a lot harder, because pulling in a useful update in one workspace required that I do it in the others, and sometimes I'd forget, and scratch my head, wondering why that dependency works in one project but not another. Fiasco.",Claim,Claim,0.9895,0.9895,0.0015,0.009,,False,False
234,No,2,I now have just one GOPATH and I actually put all my dev projects - Go or not - within it.,Claim,Claim,0.9755,0.9755,0.0013,0.0232,,False,False
234,No,3,"With one central workspace, I can still keep each project in its own git repository ( ) and use git branching to manage dependencies when necessary (in practice, very seldom).",Claim,Claim,0.9665,0.9665,0.001,0.0326,,False,False
234,No,4,"My recommendation: use just one workspace, or maybe two (like if you need to keep, for example, work and personal code more separate, though the recommended package path naming convention should do that for you).",Claim,Claim,0.8473,0.8473,0.0025,0.1502,,False,False
235,No,0,"unfortunately, this is not so simple - if you issue a command or in your provisioning script the VM will restart (indeed) but then the provisioning will not continue.",Claim,Claim,0.9915,0.9915,0.0013,0.0073,,False,True
235,No,1,"fortunately, some people wrote plugin ( https://github.com/exratione/vagrant-provision-reboot and https://github.com/aidanns/vagrant-reload ) I experienced with the second and it works make sure to install the plugin in your vagrantfile, your provisioning will look like so preparations.sh will execute, then the VM will reload and bootstrap.sh will execute in your preparations.sh, after you generate locale, make sure variables are set in the locale file : PS : one note on your usage of the shell provisioning.",Evidence,Evidence,0.9879,0.0111,0.0009,0.9879,0,False,False
235,No,2,By default provisioning is run with root privilege so there is no need for all the ; if you want to run the provisioning as vagrant user run it as and you will need the sudo,Claim,Claim,0.969,0.969,0.0012,0.0298,,False,False
236,No,0,"I believe that ImageIO.getImageReaders() expects an , you can try to create one from your using createImageInputStream .",Claim,Claim,0.9694,0.9694,0.0012,0.0294,,False,False
236,No,1,I guess that's what does under the hood.,Claim,Claim,0.9733,0.9733,0.0246,0.0021,,False,False
236,No,2,"Anyway, if you already know that you have a PNG, why not use ?",Claim,Claim,0.988,0.988,0.0021,0.0099,,False,True
236,No,3,"BTW: height and width (and color model, etc) can be considered as ""image metadata "", in the sense that they are not part of the pixels values (which would be the real data), but in common parlance, they are regarded rather as image (esential) properties .",Evidence,Evidence,0.96,0.0391,0.001,0.96,2,False,False
236,No,4,"The image metadata is generally (and specifcally in IIOMetadata ) understood to be additional ""miscelanous"" data (as physical resolution, timestamp) which is normally not needed to access the image data.",Claim,Claim,0.9865,0.9865,0.001,0.0124,,False,False
237,No,0,MVC itself can't be obsoleted; it's a design pattern.,Claim,Argument,0.9912,0.0083,0.9912,0.0005,,False,True
237,No,1,"The article specifically targets Swing, which has seen some changes since 2007, but nothing that would specifically negate the article, although perhaps some classes have been changed, tweaked, etc.",Evidence,Evidence,0.9342,0.0647,0.0011,0.9342,0,False,False
237,No,2,"There may be easier ways to implement some of the functionality, but it demonstrates one way of using MVC within a Swing app within JSE 6.",Claim,Claim,0.8845,0.8845,0.0015,0.114,,False,True
237,No,3,"Frameworks like Griffon (Groovy-based) take the abstraction level a step further, and might be more appropriate for modern desktop app development, but that's more a matter of preference and convenience.",Evidence,Evidence,0.9835,0.0156,0.0009,0.9835,2,False,False
238,No,0,On the site you linked scroll down until you find this: Weitere Downloads finden Sie in den Downloadarchiven .,Claim,Claim,0.872,0.872,0.0019,0.1261,,False,True
238,No,1,On the English site it looks like this: More downloads are available in the download archives .,Evidence,Evidence,0.954,0.0449,0.0011,0.954,0,False,False
238,No,2,Clicking the link displays a list of all prior versions of Android Studio.,Claim,Claim,0.6925,0.6925,0.0014,0.3061,,False,False
238,No,3,Expand the entry labelled (this might be named differently if you use another language than English) and download the installer/portable zip for the OS you use.,Claim,Claim,0.9896,0.9896,0.0013,0.0091,,False,False
239,No,0,The problem is that the do notation in your definition of is not using the monad you want it to use.,Claim,Claim,0.9839,0.9839,0.0019,0.0143,,False,False
239,No,1,"I could be wrong, but it looks like is using a version of the Reader monad.",Claim,Claim,0.8174,0.8174,0.0018,0.1808,,False,True
239,No,2,"If you use this definition you'll see that and are not values but have type : If you want to use notation, you should create a or declaration for so you can define how the bind operator (>>=) works, e.g.",Evidence,Evidence,0.9808,0.0171,0.002,0.9808,1,False,False
239,No,3,: Here is a good blog post on how to define a parser monad instance using : (link),Evidence,Evidence,0.9675,0.0312,0.0013,0.9675,1,False,False
240,No,0,The prop in Snabbdom overwrites all other css classes (in your case the ).,Claim,Claim,0.7329,0.7329,0.002,0.2652,,False,False
240,No,1,The reason why your hyperscript code works is that you dont use the but the instead.,Claim,Claim,0.98,0.98,0.0013,0.0187,,False,False
240,No,2,If you change it to you will see the same issue.,Claim,Claim,0.992,0.992,0.0017,0.0063,,False,False
240,No,3,"I've openened a bug report for snabbdom, but it seems like this is indended behavior.",Claim,Claim,0.7618,0.7618,0.002,0.2361,,False,False
240,No,4,You could solve your issue by making the transform use the prop.,Claim,Claim,0.9945,0.9945,0.0019,0.0036,,False,False
241,No,0,"Your syntax is wrong, you have a catch and no try, you could do it this way instead.",Claim,Claim,0.994,0.994,0.0031,0.0028,,False,False
241,No,1,Alhough why exactly are you catching an exception?,Claim,Claim,0.9912,0.9912,0.0064,0.0023,,False,False
241,No,2,Is it because you think the date's won't be there?,Claim,Claim,0.987,0.987,0.0098,0.0032,,False,False
241,No,3,"If so, check that in the if instead waiting to catch an exception on the compare.",Claim,Claim,0.9466,0.9466,0.0011,0.0523,,False,False
241,No,4,Exceptions should only be used in exceptional circumstances.,Claim,Claim,0.9914,0.9914,0.0066,0.0021,,False,False
241,No,5,"To fix the syntax in your post, do the following (Note that a finally occurs whether or not the exception was thrown)",Claim,Claim,0.9906,0.9906,0.0015,0.0079,,False,False
242,No,0,Import the package before using https://docs.python.org/3/library/readline.html Settings made using this module affect the behaviour of both the interpreterâs interactive prompt and the prompts offered by the built-in input() function.,Evidence,Evidence,0.7611,0.2369,0.002,0.7611,2,False,False
242,No,1,"Importing it will be enough to activate input line editing (arrow keys will move the cursor around instead of printing ^[[D, etc.).",Evidence,Evidence,0.803,0.1957,0.0014,0.803,2,False,False
242,No,2,Other functions in the readline module can be used to set up tab completion and a history file.,Claim,Claim,0.9474,0.9474,0.0011,0.0515,,False,True
243,No,0,"If you want to avoid coercing to a matrix, you can use , which iterates across the elements of a list in parallel and passes them to a function: In the function, is necessary to pull all the parameters passed to the function into a vector, which can be passed to and collapsed with .",Claim,Claim,0.9611,0.9611,0.0011,0.0379,,False,False
243,No,1,The suffixed simplifies the result to a Boolean vector.,Claim,Claim,0.7908,0.7908,0.0038,0.2055,,False,True
243,No,2,"Note that while this avoids coercing to matrix, it will not necessarily be faster than approaches that do, as matrix operations are highly optimized in R. It may make more sense to explicitly coerce to a matrix, e.g.",Evidence,Evidence,0.9784,0.019,0.0026,0.9784,1,False,False
243,No,3,which returns the same thing.,Claim,Claim,0.7447,0.7447,0.003,0.2523,,False,False
244,No,0,You can leverage axios and API Gateway option.,Claim,Claim,0.99,0.99,0.0015,0.0084,,False,False
244,No,1,"First, request the image and convert it to base64, using Buffer: Next, return it from your lambda through API Gateway: However, keep in mind that API Gateway allows up to 10 megabytes of payload size.",Claim,Claim,0.7528,0.7528,0.0014,0.2458,,False,False
244,No,2,You'll get an error if your images are bigger.,Claim,Claim,0.9919,0.9919,0.0017,0.0065,,False,False
245,No,0,You must check if the module/package has a or a folder.,Claim,Claim,0.9811,0.9811,0.0009,0.018,,False,False
245,No,1,"If the package has a folder, Then it can be imported using es6's statement.",Claim,Claim,0.8023,0.8023,0.0011,0.1966,,False,False
245,No,2,"Otherwise if it has a folder, Then it can't be imported using es6's import statement and you must use cjs's function to import such modules.",Claim,Claim,0.9587,0.9587,0.0009,0.0404,,False,False
245,No,3,"If you try to import a cjs module using the statement, You will get the following error:",Claim,Claim,0.9874,0.9874,0.0014,0.0112,,False,False
246,No,0,"Literally for the problem defined in the question: I cannot verify now, if would work in this particular pattern Or (a guess what you might in fact be looking for):",Claim,Claim,0.9915,0.9915,0.0017,0.0068,,False,False
247,No,0,"You can use word boundaries for this task: This will replace a ""T"" only if it is not preceded and not followed by another word character (means no other letter or digit before or ahead).",Claim,Claim,0.9907,0.9907,0.0011,0.0082,,False,False
247,No,1,This will work for your example.,Claim,Claim,0.9815,0.9815,0.0039,0.0146,,False,True
247,No,2,"But you should be aware, that this will match on all ""T"" with non word characters around. Replaced will be, e.g. : .T.",Evidence,Evidence,0.9689,0.0296,0.0014,0.9689,1,False,False
247,No,3,"%T% ,T, !T- but not the ""T"" in: .This. .AT. .1T2. .T3",Evidence,Evidence,0.7487,0.2491,0.0022,0.7487,1,False,False
248,No,0,Don't try to overly optimize your source code to get better performance.,Claim,Claim,0.9954,0.9954,0.0019,0.0027,,False,False
248,No,1,"IMHO, writing code that is easier to understand and to maintain is preferable over tricky code trying to improve performance by predicting what machine instructions will be used.",Claim,Claim,0.6888,0.6888,0.3094,0.0018,,False,False
248,No,2,"I'm not contradicting Simon's answer, just ammending it.",Claim,Claim,0.987,0.987,0.0042,0.0089,,False,False
248,No,3,Modern compilers do incredible magic when transforming the (COBOL) source statements into machine instructions.,Claim,Claim,0.9928,0.9928,0.0015,0.0057,,False,True
248,No,4,"I'm especially talking about IBM's Enterprise COBOL for z/OS, because I have had some working experience with this one.",Evidence,Evidence,0.621,0.3768,0.0022,0.621,3,False,False
248,No,5,"Besides optimization levels, you also choose the target architecture level, i.e.",Claim,Claim,0.9826,0.9826,0.0011,0.0163,,False,False
248,No,6,"the processor generation, that the code should be optimized for.",Claim,Claim,0.9816,0.9816,0.0011,0.0173,,False,False
248,No,7,"Depending on those settings, completely different machine instruction sequences may be generated for the same source code.",Claim,Claim,0.9915,0.9915,0.001,0.0075,,False,False
248,No,8,And this probably has much higher impact on runtime performance than using one code sequence over another.,Claim,Claim,0.9956,0.9956,0.0018,0.0026,,False,False
248,No,9,I'm not implying choosing STRING versus MOVE is over-optimizing.,Claim,Claim,0.931,0.931,0.0668,0.0022,,False,False
249,No,0,"You don't really need to use Bluebird for this, as mongoose works just fine with native Promises In your controller: Now, you can make your route handler an function and just the Promise",Claim,Claim,0.9746,0.9746,0.001,0.0245,,False,False
250,No,0,Firstly declare input and inputBuffer before try{}catch(){} like this in your first block in the finally : Check below two conditions Second : if you want more than one resources in the try do this: No need to close the above resources in finally block in this case.,Evidence,Evidence,0.7298,0.2689,0.0013,0.7298,,True,False
251,No,0,Here is how I fixed it.,Claim,Claim,0.9723,0.9723,0.0017,0.026,,False,False
251,No,1,"Right click on your project file (something.xcodeproj), select 'Show Package Contents'.",Claim,Claim,0.9429,0.9429,0.001,0.0561,,False,False
251,No,2,Open project.pbxproj with a text editor and search for IPHONEOS_DEPLOYMENT_TARGET.,Claim,Claim,0.8551,0.8551,0.0013,0.1436,,False,False
251,No,3,"There will be 4 hits, 2 for Release mode and 2 for Debug mode.",Claim,Claim,0.9724,0.9724,0.0009,0.0267,,False,False
251,No,4,One of the Release mode values and one of the Debug mode values will be wrong.,Claim,Claim,0.9652,0.9652,0.0011,0.0337,,False,False
251,No,5,Hand edit them to the correct values.,Claim,Claim,0.9882,0.9882,0.0013,0.0105,,False,False
251,No,6,After this I checked my other projects.,Claim,Claim,0.8012,0.8012,0.0036,0.1952,,False,False
251,No,7,Every single one has inconsistent values for the minimum deployment target.,Claim,Claim,0.9452,0.9452,0.001,0.0539,,False,False
251,No,8,"I have a feeling that this is a problem with xcode 11.2.1 as this is the first time I have had this problem, but I am not sure.",Claim,Claim,0.7258,0.7258,0.0031,0.2711,,False,False
251,No,9,Has anyone else had this problem?,Claim,Claim,0.9877,0.9877,0.006,0.0063,,False,False
252,No,0,You probably won't find the result very satisfying.,Claim,Claim,0.9901,0.9901,0.0077,0.0022,,False,False
252,No,1,Delphi cannot directly load classes from a DLL.,Claim,Claim,0.993,0.993,0.0017,0.0054,,False,False
252,No,2,"Instead, you'll need to define some class in your MyLibrary unit.",Claim,Claim,0.9917,0.9917,0.0016,0.0067,,False,False
252,No,3,You'll also have to implement most of the methods there.,Claim,Claim,0.991,0.991,0.0014,0.0076,,False,False
252,No,4,"You're welcome to make those methods be little more than stubs that delegate all the work to functions in the DLL, though.",Claim,Claim,0.9934,0.9934,0.0021,0.0046,,False,False
252,No,5,"In the stub constructor, call a DLL function that allocates a data structure and returns a handle.",Claim,Claim,0.6125,0.6125,0.0027,0.3848,,False,False
252,No,6,"In all three other stub methods, pass that handle to the corresponding DLL functions along with the methods' other arguments.",Claim,Claim,0.7392,0.7392,0.0014,0.2595,,False,True
252,No,7,You'll essentially have three parallel implementations of the class: The one in MyLibrary.pas that's nothing but stubs.,Evidence,Evidence,0.8391,0.1597,0.0013,0.8391,6,False,False
252,No,8,The one in MyLibrary.dll that backs the stubs.,Evidence,Evidence,0.7132,0.2852,0.0016,0.7132,6,False,False
252,No,9,"The one in MyLibraryImplementation.pas that does all the same things as the DLL, but internally.",Claim,Claim,0.8465,0.8465,0.0018,0.1517,,False,False
252,No,10,"You can probably avoid duplicating too much, but not completely.",Claim,Claim,0.9956,0.9956,0.0022,0.0022,,False,False
252,No,11,"You don't need to do any of this, though.",Claim,Claim,0.9937,0.9937,0.0041,0.0022,,False,False
252,No,12,"For years, Delphi has already offered comparable functionality built in: packages.",Claim,Claim,0.7122,0.7122,0.0032,0.2846,,False,False
252,No,13,"If your customers want to have your class's implementation live in a separate module, they can choose the ""build with runtime packages"" option in their projects' linker settings.",Claim,Claim,0.9899,0.9899,0.001,0.0091,,False,False
252,No,14,"Disabling that setting will cause your code to be compiled in to their EXE files instead, and they won't need to distribute the BPL file anymore.",Claim,Claim,0.9942,0.9942,0.0012,0.0046,,False,False
253,No,0,"Suppose you're the compiler, and you're trying to type check your program: You know that: must have type , because it's a compiler-imposed requirement; must have type , because that's the type annotation on it.",Claim,Claim,0.8291,0.8291,0.0018,0.1691,,False,False
253,No,1,"must have type , where (the same as in the use of ); Therefore, must be a instance.",Claim,Claim,0.9823,0.9823,0.0015,0.0162,,False,False
253,No,2,"But this isn't enough to get the program to compile, Haskell must monomorphize the call to in your action, i.e., figure out the concrete type of every type variable in that particular use of .",Claim,Claim,0.9918,0.9918,0.0015,0.0066,,False,True
253,No,3,"In this case, this is because the type of is monomorphic (no type variables in it), so none of the expressions that occur in its definition may have types with uninstantiated type variables.",Evidence,Evidence,0.6034,0.3933,0.0032,0.6034,2,False,False
253,No,4,So that's what this ambiguous type error means: your program doesn't have enough information for the compiler to figure out the element type of the argument to your call to .,Claim,Claim,0.9535,0.9535,0.0011,0.0454,,False,False
253,No,5,"All it can figure out is that it must be a instance, but that's not enough get the program to compile.",Claim,Claim,0.9228,0.9228,0.0012,0.076,,False,False
253,No,6,The solution is to add a type annotation somewhere that picks a concrete type for it.,Claim,Claim,0.9946,0.9946,0.0015,0.0039,,False,False
253,No,7,"There are many ways: The reason there isn't just one way is that type inference is like a detectiveâit works by putting together a lot of different clues, and thus there are many different hints you can give it that will allow it to ""solve the case.""",Claim,Claim,0.9905,0.9905,0.0081,0.0014,,False,False
254,No,0,A quick Google search suggests the correct way to attach an onChange event handler for the particular slider control you're using is:,Claim,Claim,0.9897,0.9897,0.0015,0.0088,,False,False
255,No,0,"(Last Resent) Even if the field name and data type is the same but the collation is not the same, it will also result to that problem.",Claim,Claim,0.9904,0.9904,0.0013,0.0083,,False,True
255,No,1,For Example TBL NAME | DATA TYPE | COLLATION ActivityID | INT | latin1_general_ci ActivityID | INT | utf8_general_ci Try Changing it into TBL NAME | DATA TYPE | COLLATION ActivityID | INT | latin1_general_ci ActivityID | INT | latin1_general_ci .... This worked for me.,Evidence,Evidence,0.9796,0.0194,0.001,0.9796,0,False,False
256,No,0,"There is no real inconsistency, as the relation between and can purely be written down with equations.",Claim,Claim,0.9913,0.9913,0.0045,0.0042,,False,False
256,No,1,"Apparently, sets the opposite of , it was created like this back in the old days.",Claim,Claim,0.8744,0.8744,0.0057,0.1199,,False,True
256,No,2,Example: (the default usual ) creates .,Evidence,Evidence,0.9431,0.0548,0.0021,0.9431,1,False,False
256,No,3,"It works like this: becomes the first byte becomes the second and third bytes Using this example, creates a file with , will be equal to .",Evidence,Evidence,0.8498,0.148,0.0022,0.8498,1,False,False
256,No,4,"As far as I know, this happened because the command was originally created to indicate what permission bits the file will NOT have after it's created (hence the invertion).",Claim,Claim,0.9899,0.9899,0.002,0.0081,,False,False
256,No,5,"While it could be annoying, it's really not hard to get used to it.",Claim,Claim,0.9946,0.9946,0.0024,0.003,,False,False
256,No,6,"Just think how you would your files, and subtract the byte you want from , and you will get the value.",Claim,Claim,0.8963,0.8963,0.0016,0.102,,False,False
256,No,7,"Or, when you are at the IDE, writing your code, don't use , but rather create the file (with the default of course) and then use, in Python, instead.",Claim,Claim,0.9824,0.9824,0.0013,0.0162,,False,False
257,No,0,It does something only once.,Claim,Claim,0.9937,0.9937,0.0018,0.0045,,False,False
257,No,1,It is widely used in macros to group statements and make the usage more natural (i.e. require ending semicolon).,Claim,Claim,0.9229,0.9229,0.0015,0.0756,,False,False
257,No,2,Any compiler worth its salt should ignore the do .. while altogether and just run the enclosed statements.,Claim,Claim,0.9707,0.9707,0.0014,0.0279,,False,False
258,No,0,isn't a DOM element it is a jQlite object (angular.element) or a jQuery object if jQuery included in page before angular.js The DOM node is Can use the angular.element API which is a subset of jQuery methods.,Claim,Claim,0.9561,0.9561,0.0011,0.0429,,False,False
258,No,1,"For click listener would be: This isn't the global bind() No...it's part of above API and matches jQuery (deprecated, use ) - Does not support namespaces, selectors or eventData",Claim,Claim,0.5075,0.5075,0.0011,0.4914,,False,False
259,No,0,Try this: Multiprocessing queues have an internal buffer which has a feeder thread which pulls work off a buffer and flushes it to the pipe.,Evidence,Evidence,0.612,0.3866,0.0014,0.612,1,False,False
259,No,1,"If not all of the objects have been flushed, I could see a case where Empty is raised prematurely.",Claim,Claim,0.9942,0.9942,0.0023,0.0034,,False,True
259,No,2,Using a sentinel to indicate the end of the queue is safe (and reliable).,Claim,Claim,0.9953,0.9953,0.002,0.0026,,False,False
259,No,3,"Also, using the iter(get, sentinel) idiom is just better than relying on Empty.",Claim,Claim,0.9873,0.9873,0.0108,0.0018,,False,False
259,No,4,"I don't like that it could raise empty due to flushing timing (I added the time.sleep(.1) to allow a context switch to the feeder thread, you may not need it, it works without it - it's a habit to release the GIL).",Claim,Claim,0.8763,0.8763,0.0011,0.1226,,False,False
260,No,0,"After spending several days working on problems like this, I developed the following recipe for dealing with issue.",Evidence,Evidence,0.5096,0.4885,0.0019,0.5096,1,False,False
260,No,1,"I hope it helps you or others: Summary: Usually, your problems in eclipse are due to eclipse configuration problems.",Claim,Claim,0.9901,0.9901,0.0012,0.0087,,False,True
260,No,2,The following assumes that your C++ code is building ok with or (on windows).,Claim,Claim,0.9289,0.9289,0.0013,0.0698,,False,False
260,No,3,No joy with eclipse juno (4.2) and CDT version 8.1.,Claim,Claim,0.5531,0.5531,0.0027,0.4441,,False,False
260,No,4,"Use eclipse indigo (3.7) Make sure that you have the CDT for indigo installed and enabled (version 8.0X) by looking in the ""install new software"".",Claim,Claim,0.8133,0.8133,0.0016,0.185,,False,True
260,No,5,It defaults to installed but not enabled on indigo on some downloads.,Evidence,Evidence,0.7712,0.2261,0.0027,0.7712,4,False,False
260,No,6,"When you are dealing with native code or android config for native code, make sure you are in the C++/C perspective in eclipse, not the java one.",Claim,Claim,0.9821,0.9821,0.0009,0.017,,False,False
260,No,7,"It is deceptive, but there is a only a subset of options available in Java perspective.",Claim,Claim,0.9777,0.9777,0.0016,0.0207,,False,False
260,No,8,"You can be sure you are C++/C perspective if you see ""C/C++ general"" as a choice when you do ""Project > Properties.""",Claim,Claim,0.9904,0.9904,0.0012,0.0084,,False,True
260,No,9,The usual problem is that the indexer in C/C++-land thinks there are errors when there is not (e.g.,Evidence,Evidence,0.9276,0.0688,0.0036,0.9276,8,False,False
260,No,10,"building with ndk-build works ok, often you can see this in the console window even).",Claim,Claim,0.8932,0.8932,0.0011,0.1056,,False,False
260,No,11,"This is caused by bad paths in the ""Paths And Symbols"" part of ""Project > Properties > C/C++ General"" on the first tab.",Claim,Claim,0.9033,0.9033,0.0014,0.0953,,False,False
260,No,12,"To fix the problem, the primary tool is to right-click on the project, select ""Index"" and ""Search for unresolved includes.""",Claim,Claim,0.825,0.825,0.0012,0.1737,,False,False
260,No,13,This will tell what files it can't find--and these are typically not the ones that you have in your files with the little pink mark by them.,Claim,Claim,0.9869,0.9869,0.0012,0.0119,,False,False
260,No,14,"To find the right file, search in your NDKROOT directory (where you installed NDK).",Claim,Claim,0.9888,0.9888,0.0012,0.01,,False,False
260,No,15,A typical one to add is: or the right android-N for your android target.,Claim,Claim,0.9277,0.9277,0.0011,0.0712,,False,True
260,No,16,There are many copies of the standard include directories in the NDK because of multiple versions of android and copies of the C++ standard libraries.,Evidence,Evidence,0.9308,0.068,0.0011,0.9308,15,False,False
260,No,17,"Two big warnings The ""unresolved includes"" view in eclipse does not automatically update when you change the indexer configuration on the Properties > C/C++ General/Paths and Settings so be sure to run it again each time.",Claim,Claim,0.8563,0.8563,0.001,0.1427,,False,True
260,No,18,Most views in eclipse do this update properly!,Evidence,Evidence,0.6469,0.3515,0.0016,0.6469,17,False,False
260,No,19,Also the little red/pink error markers in the source code views in the eclipse editor don't automatically update either.,Claim,Claim,0.5666,0.5666,0.0014,0.432,,False,False
260,No,20,"You have to ""touch"" the file in some way for it discover that the error is now fixed.",Claim,Claim,0.9929,0.9929,0.0013,0.0057,,False,False
261,No,0,"Edit after comment: If You want pass selected value and keep selection disabled, there are several solutions.",Claim,Claim,0.9938,0.9938,0.0014,0.0048,,False,False
261,No,1,Now it depends if You use AJAX or just simple form submit.,Claim,Claim,0.9938,0.9938,0.0035,0.0027,,False,False
261,No,2,For AJAX You can do it like that: If it's simple form submit then I wouldn't toggle disabled to off as user can stop sending form by pressing escape key and then change selection.,Claim,Claim,0.9479,0.9479,0.001,0.0511,,False,False
261,No,3,Then another approach could be create hidden input like:,Claim,Claim,0.6982,0.6982,0.0028,0.299,,False,False
262,No,0,I found this approach the most elegant: Notice that is not annotated with - but you can still call it from other -methods requiring .,Claim,Claim,0.9835,0.9835,0.0016,0.0149,,False,False
262,No,1,"Since is annotated with , Spring will automatically manage its lifecycle (detect , etc.)",Claim,Claim,0.9671,0.9671,0.0012,0.0318,,False,False
263,No,0,I could see entries within after creating node by running following command at console.,Evidence,Evidence,0.5629,0.4358,0.0012,0.5629,2,False,False
263,No,1,"sudo mknod -m 0666 /dev/msio c 22 0 The user was not root, so I had to use sudo.",Evidence,Evidence,0.9431,0.0558,0.0011,0.9431,2,False,False
263,No,2,"My entry name was , a character device with major and minor number 22, 0 respectively.",Claim,Claim,0.9071,0.9071,0.0017,0.0913,,False,True
263,No,3,I will let you know if this can be achieved programatically.,Claim,Claim,0.9953,0.9953,0.0025,0.0022,,False,False
264,No,0,A token gives you the right to know someone is trying to cancel something.,Claim,Claim,0.9946,0.9946,0.0025,0.0029,,False,False
264,No,1,It does not give you the right to actually signal a cancellation.,Claim,Claim,0.9901,0.9901,0.0084,0.0015,,False,False
264,No,2,Only the cancellation token source gives you that. This is by design.,Claim,Claim,0.9945,0.9945,0.0034,0.0021,,False,False
265,No,0,It should work fine at first sight.,Claim,Claim,0.9931,0.9931,0.0031,0.0038,,False,False
265,No,1,"At least, it works fine that way when using standard JSF components.",Claim,Claim,0.9795,0.9795,0.0023,0.0182,,False,False
265,No,2,"I'd bet it to be a bug or ""feature"" of PrimeFaces that it doesn't process the action when the action component is not included in the .",Claim,Claim,0.9906,0.9906,0.0012,0.0083,,False,False
265,No,3,Adding to should solve it.,Claim,Claim,0.9931,0.9931,0.0025,0.0044,,False,False
265,No,4,Consider posting an issue report to PrimeFaces guys.,Claim,Claim,0.9952,0.9952,0.0022,0.0027,,False,False
265,No,5,"Further, I'd rather use or instead of or just remove the altogether, it defaults to the right value already ( which will render in checkbox and radio button components).",Claim,Claim,0.5361,0.5361,0.0011,0.4628,,False,False
265,No,6,The event works differently in MSIE for checkboxes and radiobuttons.,Claim,Claim,0.8584,0.8584,0.0014,0.1402,,False,False
265,No,7,It's only triggered on 2nd click and forth.,Claim,Claim,0.9939,0.9939,0.0017,0.0044,,False,False
265,No,8,You don't want to be browser dependent.,Claim,Claim,0.9935,0.9935,0.0041,0.0024,,False,True
265,No,9,"As per your comment: The problem with the standard JSF checkbox and ajax components, is that the listener is invoked during Process Validations phase, but I need to update the model first! This is not true.",Evidence,Evidence,0.6955,0.3023,0.0022,0.6955,8,False,False
265,No,10,Probably you was using instead of or confusing the one with the other.,Claim,Claim,0.9935,0.9935,0.0019,0.0046,,False,False
265,No,11,The is always invoked during invoke action phase.,Claim,Claim,0.9931,0.9931,0.0021,0.0048,,False,False
266,No,0,A quick walk-through of XPath will help immensely if you're using the Xml DOM.,Claim,Claim,0.9775,0.9775,0.0015,0.021,,False,False
266,No,1,This should meet your immediate need: That will get you the first Offer's Formatted price (and assumes that your Offers node is the root).,Claim,Claim,0.9827,0.9827,0.0012,0.0162,,False,False
266,No,2,Other mechanisms exist in XPath that are a bit less brittle and that's where a tutorial would help you.,Claim,Claim,0.98,0.98,0.0016,0.0184,,False,False
267,No,0,"Just in case you haven't already seen it, here is a pretty good link going into a lot of detail about doing very close to the same thing you're trying: http://www.sitepoint.com/php-wmi-dig-deep-windows-php/ One thing that I'd say to do ( if you haven't already ) is to check and verify the following is enabled in your php.ini:",Evidence,Evidence,0.973,0.0258,0.0012,0.973,,True,False
268,No,0,"It is not a ""crash"", you get a generic notification that Visual Studio is having trouble working with your Perforce SSC plugin.",Claim,Claim,0.9885,0.9885,0.0012,0.0103,,False,False
268,No,1,"Very first thing to do is obtain the latest version of the plugin, version 2014.1.",Claim,Claim,0.9661,0.9661,0.0011,0.0328,,False,False
268,No,2,"It uses OpenSSL to talk to the server, the library that's infamous for the Heartbleed bug .",Claim,Claim,0.9187,0.9187,0.0012,0.0801,,False,False
268,No,3,In itself a possible reason for these errors if the Perforce server admin has updated the server.,Claim,Claim,0.9915,0.9915,0.0017,0.0067,,False,False
268,No,4,"Do talk to him about this, he might not necessarily want to support the latest version.",Claim,Claim,0.9914,0.9914,0.0035,0.0051,,False,False
268,No,5,Next thing to do is to enable logging so you'll have an idea what exactly is going wrong.,Claim,Claim,0.9946,0.9946,0.0014,0.004,,False,False
268,No,6,Do keep in mind that the problem might originate at the other end of the wire.,Claim,Claim,0.9924,0.9924,0.0059,0.0017,,False,False
268,No,7,Use Tools > Options > Source Control >SCC Provider and click Advanced.,Claim,Claim,0.9906,0.9906,0.0016,0.0078,,False,False
268,No,8,Turn on the Log All option.,Claim,Claim,0.9946,0.9946,0.0023,0.0031,,False,False
268,No,9,Select Enable logging to file and provide a file name.,Claim,Claim,0.986,0.986,0.001,0.013,,False,False
268,No,10,"When the error reproduces, close your solution and have a look-see at the file.",Claim,Claim,0.9919,0.9919,0.0011,0.007,,False,False
268,No,11,Talk to your Perforce server admin or give Perforce a call if you see any.,Claim,Claim,0.9933,0.9933,0.0017,0.005,,False,False
269,No,0,"Can the modifier be applied to a lambda expression? If so, how?",Claim,Claim,0.9941,0.9941,0.0039,0.0019,,False,False
269,No,1,Add after the parenthesis: Can be made a constraint on a function argument?,Claim,Claim,0.9926,0.9926,0.0047,0.0028,,False,True
269,No,2,"Yes, use enable_if: However , this method cannot work directly in g++ 4.7 (it does work in clang++ 3.2), because it cannot mangle expression yet: 3.cpp:5:6: sorry, unimplemented: mangling noexcept_expr You could workaround it using a wrapper struct:",Evidence,Evidence,0.8,0.1987,0.0013,0.8,1,False,False
270,No,0,Check this other StackOverflow question: Why is ASP.NET MVC ignoring my trailing slash?,Claim,Claim,0.9446,0.9446,0.003,0.0523,,False,False
270,No,1,Quoting the approved answer: Legenden - there is no immediate solution to the problem.,Claim,Claim,0.967,0.967,0.0044,0.0286,,False,True
270,No,2,"You may have run across Jason Young's blog post about the issue, which is very informative.",Evidence,Evidence,0.9334,0.0645,0.0021,0.9334,1,False,False
270,No,3,"Scott Hanselmann posted a reply to it here, basically stating that he didn't think it was a big deal, and if it is, you can leverage the new IIS7 rewrite module to solve it.",Evidence,Evidence,0.9144,0.0843,0.0013,0.9144,1,False,False
270,No,4,"Ultimately though, you might want to look at a solution that was posted by murad on a similar question on StackOverflow: Trailing slash on an ASP.NET MVC route . Another approach: http://typesafe.be/2009/08/29/solving-the-trailing-slash-problem-in-asp-net-mvc-using-a-custom-urlroutingmodule/",Evidence,Evidence,0.978,0.0205,0.0014,0.978,1,False,False
271,No,0,I believe this is caused by circular dependency.,Claim,Argument,0.9423,0.0569,0.9423,0.0008,,False,False
271,No,1,From the error stack I see that deps on which in turn deps on .,Claim,Claim,0.6464,0.6464,0.0019,0.3517,,False,False
271,No,2,But in you forming a circle.,Claim,Claim,0.9816,0.9816,0.016,0.0024,,False,False
271,No,3,"More specifically, in order for from to be created, it needs , but that thing needs , and needs .",Claim,Claim,0.9302,0.9302,0.0018,0.068,,False,False
271,No,4,Itâs like recursion without a base case return.,Claim,Claim,0.991,0.991,0.0058,0.0032,,False,False
271,No,5,"Unlike indefinite function recursion, dependency resolution will just give you as .",Claim,Claim,0.9929,0.9929,0.0028,0.0043,,False,False
271,No,6,Thus you need to break the circle.,Claim,Claim,0.9815,0.9815,0.0139,0.0046,,False,False
271,No,7,Use some dependency injection trick to break the tie between and will do.,Claim,Claim,0.993,0.993,0.0015,0.0055,,False,False
271,No,8,"If you donât know how to do that, post the code and Iâll follow up.",Claim,Claim,0.9645,0.9645,0.0016,0.0338,,False,False
271,No,9,Instead of try this: Now in,Claim,Claim,0.979,0.979,0.0023,0.0187,,False,False
272,No,0,"This can be done in many ways, you could do something really simple, but as you progress and begin to send more information from your servers to your apps you need to implement something more robust.",Claim,Claim,0.9952,0.9952,0.0013,0.0035,,False,False
272,No,1,"While @Robert answer is valid, I believe that for mobile phone it is much better to use RESTful webservices using JSON.",Claim,Claim,0.5221,0.5221,0.0091,0.4688,,False,True
272,No,2,"You can program your webservices in what ever you want, I would recomend (if you can do server side programming in java) to take a look at GSON which is a great library to use JSON.",Evidence,Evidence,0.6048,0.3937,0.0015,0.6048,1,False,False
272,No,3,"By using JSON Objects you can transform all the information you need into a string, and then have the mobile phone convert it to a Java Object.",Claim,Claim,0.9944,0.9944,0.0016,0.004,,False,False
272,No,4,"You can the do whatever you want with that, wether its to show it in the UI or to store it in a DataBase. Restful webservices",Claim,Claim,0.99,0.99,0.0012,0.0088,,False,False
273,No,0,"You need to either fully iterate through the result set with and/or call ; as per the docs : Close closes the Rows, preventing further enumeration.",Claim,Claim,0.6558,0.6558,0.0013,0.3429,,False,False
273,No,1,"If Next is called and returns false and there are no further result sets, the Rows are closed automatically and it will suffice to check the result of Err.",Claim,Claim,0.9845,0.9845,0.0012,0.0143,,False,False
273,No,2,Close is idempotent and does not affect the result of Err.,Claim,Claim,0.9936,0.9936,0.0022,0.0042,,False,True
273,No,3,Something like: For this to be useful you need to iterate through the rows (see the example in the docs ).,Evidence,Evidence,0.9473,0.0515,0.0012,0.9473,2,False,False
273,No,4,The connection to the database will remain in use until the result set is closed (at which point it is returned to the pool).,Claim,Claim,0.9918,0.9918,0.0012,0.007,,False,False
273,No,5,Because you are doing this in a loop you will end up with 10 active result sets and when you call again the package will wait for a connection to become available (which will never happen).,Claim,Claim,0.9915,0.9915,0.0016,0.0069,,False,False
273,No,6,Note that because your query has no parameters (and you are only using the once) calling has no benefit; the following is simpler and will have the same result:,Claim,Claim,0.9846,0.9846,0.0013,0.0141,,False,False
274,No,0,"With Drupal 7, you just need to implement , as preprocess functions are executed for every theme function, not just the ones using a template file.",Claim,Claim,0.9916,0.9916,0.0012,0.0072,,False,False
274,No,1,"In your case, the following code should be enough.",Claim,Claim,0.8915,0.8915,0.0017,0.1068,,False,True
274,No,2,"Since also contains the image attributes, the following code is more complete.",Evidence,Evidence,0.7768,0.2206,0.0026,0.7768,1,False,False
274,No,3,Replace mymodule with the short name of your module/theme.,Claim,Claim,0.9769,0.9769,0.0015,0.0216,,False,False
274,No,4,Preprocess functions are preferable when you need to alter the variables passed to a theme function/template file.,Claim,Claim,0.9928,0.9928,0.0015,0.0057,,False,False
274,No,5,Theme functions should be overridden only when you need to alter the output they return.,Claim,Claim,0.9939,0.9939,0.0013,0.0048,,False,True
274,No,6,"In this case, you just need to alter the variables, and thus it is not necessary to override the theme function.",Evidence,Evidence,0.8408,0.1577,0.0015,0.8408,5,False,False
274,No,7,"Using the preprocess hook, your code will be compatible with future Drupal versions.",Claim,Claim,0.9933,0.9933,0.0012,0.0055,,False,False
275,No,0,"ruby 1.9.2 removed "".",Evidence,Evidence,0.8667,0.1313,0.0019,0.8667,1,False,False
275,No,1,""", the current directory, from the load path.",Claim,Claim,0.773,0.773,0.0014,0.2256,,False,True
275,No,2,I have to do this to get it to work: and call it like:,Claim,Claim,0.9846,0.9846,0.0018,0.0136,,False,False
276,No,0,"Change the MediaResponse.Cacheability setting in App_Config\Sitecore.config to Public: Once the setting is changed, the result as shown in Fiddler: FYI, other settings are: NoCache: nobody can cache the page.",Evidence,Evidence,0.9526,0.0465,0.0008,0.9526,1,False,False
276,No,1,Private: only browsers can cache.,Claim,Claim,0.9918,0.9918,0.0013,0.0069,,False,True
276,No,2,it (but not shared proxies).,Evidence,Evidence,0.7661,0.2315,0.0024,0.7661,1,False,False
276,No,3,This is the default value.,Claim,Claim,0.9878,0.9878,0.0012,0.011,,False,False
276,No,4,"Public: everybody can cache the page, proxies included.",Claim,Claim,0.9938,0.9938,0.0017,0.0045,,False,False
276,No,5,"Server: pages are cached only on the server (like the NoCache, so browsers don't cache the page).",Claim,Claim,0.9876,0.9876,0.0011,0.0113,,False,False
276,No,6,ServerAndNoCache: Server and NoCache... the same as Server.,Claim,Claim,0.9732,0.9732,0.0018,0.025,,False,False
276,No,7,ServerAndPrivate: Server and Private... the same as Private.,Claim,Claim,0.9826,0.9826,0.002,0.0154,,False,False
276,No,8,"NOTE: To follow Sitecore's Best Practice, instead of changing direct changes to Ssitecore configs, create the following patch file (MediaResponseCacheabilityPublic.config) in folder:",Claim,Claim,0.9757,0.9757,0.0011,0.0232,,False,False
277,No,0,"As others have pointed out, using the * operator for a mutable object duplicates references, so if you change one you change them all.",Claim,Claim,0.9857,0.9857,0.0011,0.0132,,False,False
277,No,1,"If you want to create independent instances of a mutable object, your xrange syntax is the most Pythonic way to do this.",Claim,Claim,0.9901,0.9901,0.0012,0.0086,,False,False
277,No,2,"If you are bothered by having a named variable that is never used, you can use the anonymous underscore variable.",Claim,Claim,0.9949,0.9949,0.0024,0.0028,,False,False
278,No,0,"SInce you sort in JS, you can allways use - at least on modern browsers-, passing it a sort function like: And then execute the sorting like: See forked fiddle: http://jsfiddle.net/sRruf/ (the initial state is not sorted) The sort property (here ) can be parameterized with a little extra work.",Evidence,Evidence,0.9587,0.0404,0.0009,0.9587,,True,False
278,No,1,And here is a version using the filter and a custom predicate: http://jsfiddle.net/sRruf/1/,Evidence,Evidence,0.9696,0.0295,0.0009,0.9696,,True,False
279,No,0,Seems a quick 30-second test would answer that more quickly than a post here.,Claim,Claim,0.9885,0.9885,0.0079,0.0036,,False,True
279,No,1,":) Note that is incremented before the call to , which results in displaying odd numbers, i displaying ?",Evidence,Evidence,0.8766,0.1216,0.0017,0.8766,0,False,False
279,No,2,is only incremented when the loop goes past the test.,Claim,Claim,0.9937,0.9937,0.0019,0.0044,,False,False
279,No,3,"A works the same way whether you're incrementing an integer, concatenating a string, or reading from a text file.",Claim,Claim,0.9861,0.9861,0.0011,0.0127,,False,False
279,No,4,A is a is a no matter how you use it.,Claim,Claim,0.9937,0.9937,0.0042,0.0021,,False,False
279,No,5,"You just need to make sure, in your code above, that actually reads the next line from the file or you'll end up in a continuous loop.",Claim,Claim,0.9941,0.9941,0.0017,0.0043,,False,False
280,No,0,"Safari 8.0.8 on OS X Right-click any element and select Inspect Element from the pop-up menu Ensure Styles and Rules are selected on the right hand side of the inspector You can then either add individual rules by clicking + New Rule , or simply click and start typing rules where Click to Edit appears (refer to image below) Enter your new rules and these will be applied to the element being ""inspected"" in the browser window. As for a ruler?",Evidence,Evidence,0.5131,0.4855,0.0014,0.5131,1,False,False
280,No,1,"Well, I haven't found one, but the Inspect button will give you the dimensions of elements when hovered in the browser window.",Claim,Claim,0.7303,0.7303,0.0013,0.2684,,False,True
281,No,0,The documentation ( ) suggests that the segments are of the form : you can remove those beyond some threshold.,Claim,Claim,0.9511,0.9511,0.0013,0.0476,,False,False
282,No,0,"In short, the answer is no - All the card reader does is present itself to the computer as a special keyboard - when you swipe the card, it ""types"".",Claim,Claim,0.9936,0.9936,0.0023,0.0041,,False,False
282,No,1,"Because of this, you don't usually get any additional information about the state (failed swipe, swipe complete, etc.)",Claim,Claim,0.9274,0.9274,0.0012,0.0714,,False,False
282,No,2,Some card readers will perform a carriage return at the end of the data.,Claim,Claim,0.993,0.993,0.0015,0.0055,,False,False
282,No,3,"Depending on your circumstance, you may know the data will always be the same length.",Claim,Claim,0.9956,0.9956,0.0016,0.0028,,False,False
282,No,4,"In either case, you'll still need to hook the event - just have a little bit of logic which checks if the key press is enter/the textbox text is the correct length.",Claim,Claim,0.9861,0.9861,0.0011,0.0128,,False,False
282,No,5,"(NB: If checking for an or another key, it will probably be easier to use the event.",Claim,Claim,0.991,0.991,0.0012,0.0078,,False,True
282,No,6,"Have a look at the variable which contains information about the key being ""pressed"") As mentioned in the comments on the OP by @Reafidy, the last alternative which is guaranteed to work but a bit messier to implement is to use a timer which will fire your method after n milliseconds without a change to the text.",Evidence,Evidence,0.8411,0.1578,0.0011,0.8411,5,False,False
282,No,7,"Incidentally, I'm assuming you mean VB.Net not VBA (VB for Applications - eg Excel Macros).",Evidence,Evidence,0.8564,0.1405,0.0031,0.8564,5,False,False
282,No,8,I've edited the tags accordingly.,Claim,Claim,0.9381,0.9381,0.0022,0.0597,,False,False
283,No,0,"It belongs to the current scope, always.",Claim,Claim,0.9885,0.9885,0.003,0.0085,,False,True
283,No,1,"For example: Regarding your second question, this: is an anonymous function expression assigned to a global variable (unless you're running is strict mode, then would be undefined).",Evidence,Evidence,0.934,0.0645,0.0014,0.934,0,False,False
283,No,2,"The difference between that and is that the latter is a function declaration (versus a variable declaration, which is assigned an anonymous function expression ).",Claim,Claim,0.9873,0.9873,0.0071,0.0056,,False,False
283,No,3,You might be interested in this excellent article about function declarations and function expressions: Named function expressions demystified .,Claim,Claim,0.8403,0.8403,0.0032,0.1564,,False,False
284,No,0,There's not really the need to include a huge plugin for this simple task.,Claim,Claim,0.9918,0.9918,0.0018,0.0064,,False,False
284,No,1,With jQuerys - function ( jQuery Doc ) you can get the position of an element in the DOM (as long as it's visible).,Claim,Claim,0.9275,0.9275,0.0011,0.0714,,False,False
284,No,2,"It returns an object with a and - value, relative to the parent.",Claim,Claim,0.9387,0.9387,0.0017,0.0597,,False,False
284,No,3,"If you want values relative to the document, use the - function, usage stays the same.",Claim,Claim,0.989,0.989,0.001,0.01,,False,True
284,No,4,I created a little fiddle to show you the basic usage: http://jsfiddle.net/DtADS/,Evidence,Evidence,0.9373,0.0616,0.0011,0.9373,3,False,False
285,No,0,"You might want to look at ""JavaScript HTML DOM Events"" for a general overview of events: http://www.w3schools.com/jsref/dom_obj_event.asp PrimeFaces is built on jQuery, so here's jQuery's ""Events"" documentation: http://api.jquery.com/category/events/ http://api.jquery.com/category/events/form-events/ http://api.jquery.com/category/events/keyboard-events/ http://api.jquery.com/category/events/mouse-events/ http://api.jquery.com/category/events/browser-events/ Below, I've listed some of the more common events, with comments about where they can be used (taken from jQuery documentation).",Evidence,Evidence,0.9859,0.013,0.0011,0.9859,1,False,False
285,No,1,Mouse Events (Any HTML element can receive these events.),Claim,Claim,0.9932,0.9932,0.0015,0.0053,,False,True
285,No,2,"Keyboard Events (These events can be attached to any element, but the event is only sent to the element that has the focus.",Claim,Claim,0.9865,0.9865,0.001,0.0125,,False,False
285,No,3,"Focusable elements can vary between browsers, but form elements can always get focus so are reasonable candidates for these event types.)",Claim,Claim,0.9905,0.9905,0.0011,0.0084,,False,False
285,No,4,"Form Events (In recent browsers, the domain of the event has been extended to include all element types.)",Claim,Claim,0.9802,0.9802,0.0012,0.0186,,False,False
285,No,5,"(This event is limited to elements, boxes and elements.)",Claim,Claim,0.9891,0.9891,0.0021,0.0088,,False,True
285,No,6,"(This event is implicitly applicable to a limited set of elements, such as form elements ( , , etc.) and links ( ).",Evidence,Evidence,0.992,0.0069,0.0011,0.992,5,False,False
285,No,7,"In recent browser versions, the event can be extended to include all element types by explicitly setting the element's tabindex property.",Claim,Claim,0.9714,0.9714,0.0009,0.0277,,False,True
285,No,8,"An element can gain focus via keyboard commands, such as the Tab key, or by mouse clicks on the element.)",Evidence,Evidence,0.9677,0.0311,0.0012,0.9677,7,False,False
285,No,9,(This event is limited to fields and boxes.),Claim,Claim,0.9765,0.9765,0.0024,0.0211,,False,False
285,No,10,(It can only be attached to elements.),Claim,Claim,0.9936,0.9936,0.0025,0.0039,,False,False
286,No,0,Even though this was posted a while ago I thought I would add a little something for other people stuck on this.,Claim,Claim,0.9787,0.9787,0.004,0.0173,,False,False
286,No,1,"If you use a windows machine, you might want to give WinLess a try.",Claim,Claim,0.9927,0.9927,0.0033,0.0039,,False,True
286,No,2,Its a pre-compiler for windows.,Evidence,Evidence,0.7198,0.2789,0.0013,0.7198,1,False,False
286,No,3,Seems straight forward to use. Good luck. http://winless.org/,Claim,Claim,0.9001,0.9001,0.0029,0.097,,False,False
287,No,0,You don't have to write a custom function because there is one: If you really want you can write an : or even create custom a expression but there is really no point in that.,Claim,Claim,0.9937,0.9937,0.0021,0.0042,,False,False
288,No,0,"I think the issue is that the you are seeing when you use (or ) are attributes of the individual column names, not the .",Claim,Claim,0.9839,0.9839,0.002,0.0141,,False,False
288,No,1,"To retrieve them, you can do: For viewing purposes:",Claim,Claim,0.9389,0.9389,0.0012,0.0599,,False,False
289,No,0,It's called a for-each or enhanced statement.,Claim,Claim,0.9939,0.9939,0.0036,0.0025,,False,True
289,No,1,See the JLS Â§14.14.2 .,Evidence,Evidence,0.9583,0.0395,0.0022,0.9583,0,False,False
289,No,2,It's syntactic sugar provided by the compiler for iterating over s and arrays.,Claim,Claim,0.98,0.98,0.0014,0.0187,,False,False
289,No,3,The following are equivalent ways to iterate over a list: and these are two equivalent ways to iterate over an array: Further reading How is Java's for loop code generated by the compiler The For-Each Loop,Claim,Claim,0.6526,0.6526,0.0027,0.3447,,False,False
290,No,0,Uploading multiple files with Multer NodeJs Code Set require files and Storage Set upload file limit or validataion Create the main route for uploading Listen port HTML code JAVASCRIPT CODE,Claim,Claim,0.9367,0.9367,0.001,0.0623,,False,False
291,No,0,"It doesn't look like the libTidy.dll functionality was actually removed, just coopted by NppTextFX.",Claim,Claim,0.9723,0.9723,0.0017,0.026,,False,True
291,No,1,I enabled it in my installation of Notepad++ v6.1.5 by installing TextFX Characters via Plugin Manager.,Evidence,Evidence,0.6739,0.325,0.0011,0.6739,0,False,False
291,No,2,Two things happened after that: 1.,Claim,Claim,0.9708,0.9708,0.0248,0.0045,,False,True
291,No,3,NppTextFX.dll was copied in (Notepad++ install directory)\plugins\ directory and; 2.,Evidence,Evidence,0.752,0.2465,0.0015,0.752,2,False,False
291,No,4,"TextFX menu item is enabled between Run and Plugins, which now has the TextFX HTML Tidy option.",Claim,Claim,0.9273,0.9273,0.0011,0.0717,,False,True
291,No,5,"Also, there's no difference between the ANSI and Unicode versions of libTidy.dll in npp.5.9.bin.zip.",Evidence,Evidence,0.8722,0.1265,0.0013,0.8722,4,False,False
291,No,6,I ran both through WinMerge .,Evidence,Evidence,0.6072,0.3862,0.0066,0.6072,4,False,False
292,No,0,"Unlike languages such as Python, the operator in C is not used to concatenate strings.",Evidence,Evidence,0.9808,0.0176,0.0016,0.9808,1,False,False
292,No,1,What you actually have here with is that you're adding the value 1 with the character code for the character .,Claim,Claim,0.8053,0.8053,0.0024,0.1923,,False,True
292,No,2,"The C standard guarantees that the characters for the numerals to have consecutive character encodings, so adding 1 to the character code for gives you the character code for , which is what gets printed.",Claim,Claim,0.9777,0.9777,0.0013,0.021,,False,False
293,No,0,It seems like your query returns more than one result check the database.,Claim,Claim,0.9696,0.9696,0.0011,0.0294,,False,False
293,No,1,"In documentation of you can read: Throws: org.hibernate.NonUniqueResultException - if there is more than one matching result If you want to avoid this error and still use unique result request, you can use this kind of workaround",Claim,Claim,0.8592,0.8592,0.0009,0.1398,,False,False
294,No,0,"There are 2 things you can look at (probably more, but those two comes to my mind) look at How to template Vagrantfile using Ruby?",Claim,Claim,0.9482,0.9482,0.0016,0.0502,,False,False
294,No,1,"its an example how you can read the content of another file, Vagrantfile is just a ruby script so you can use all the power of ruby.",Claim,Claim,0.9302,0.9302,0.001,0.0687,,False,False
294,No,2,"vagrant has a concept of loading and merging, see from doc so if you wanted to do something anytime you run a vagrant command, you could create a Vagrantfile under your folder and it will always run one drawback (or at least to pay attention) : the Vagrantfile is a ruby script that is evaluated each (and every time) a vagrant command is executed (up, status, halt ....)",Claim,Claim,0.6526,0.6526,0.0012,0.3462,,False,False
295,No,0,"I'm sure there's a more elegant way but all I could come up with is: Commit staged files to B2 Stash the unstaged work on B2 Switch to B1, then cherry-pick the latest commit of B2 in B1 Switch back to B2, reset the latest commit (--hard way) Stage and commit the stashed work on B2 EDIT This question has a detailed answer that does more or less what I've suggested.",Claim,Claim,0.9012,0.9012,0.0016,0.0972,,False,False
296,No,0,"NOTE: The question ""what API level do you build for?""",Claim,Claim,0.9795,0.9795,0.0186,0.0018,,False,False
296,No,1,"is VERY different from the question ""what is the minimum API level that you target?"".",Claim,Claim,0.9916,0.9916,0.0051,0.0033,,False,False
296,No,2,"Given the behavior you have described, it suggests you are building with API level >= 11 and testing on a device that is API level < 11.",Claim,Claim,0.9941,0.9941,0.0011,0.0048,,False,True
296,No,3,"Because .setLayerType is only available from API level 11 onwards, building with API level >= 11 will build fine, but if you are not using compatibility tricks such as reflection or: ...then when you test on a device that is API level <11 you will get a crash because that method is not supported.",Evidence,Evidence,0.9892,0.0096,0.0011,0.9892,2,False,False
296,No,4,"On the other hand, if you test on a device of API level >= 11 you should find it works.",Claim,Claim,0.9821,0.9821,0.001,0.0168,,False,False
297,No,0,"Try the following for solving memory problem, efficiency is almost the same.",Claim,Claim,0.5049,0.5049,0.002,0.4931,,False,False
297,No,1,so no concatenation is used.,Claim,Claim,0.991,0.991,0.0072,0.0018,,False,False
298,No,0,"This would not fit in a comment, so I'm posting as an answer.",Claim,Claim,0.991,0.991,0.0027,0.0064,,False,False
298,No,1,but this looks even more idiotic from my point of view.,Claim,Claim,0.7798,0.7798,0.0103,0.2099,,False,False
298,No,2,This is not idiotic whatsoever.,Claim,Claim,0.879,0.879,0.1165,0.0046,,False,False
298,No,3,It is a completely valid construction and even respectful to the Law of Demeter .,Claim,Claim,0.5851,0.5851,0.4004,0.0145,,False,False
298,No,4,"The main question here is whether it makes sense to store your settings within your model or it should be a separete a different object as you pointed: If you're building a generic validator with which you can parametrize business rules, I think it's valid to have theese settings lying in your model.",Claim,Claim,0.9949,0.9949,0.0017,0.0034,,False,False
298,No,5,"Otherwise, If this validation is entity-specific, I think this would be better as a different structure.",Claim,Claim,0.9936,0.9936,0.0024,0.004,,False,False
299,No,0,A better way is to have one Jupyter with multiple kernels depending on your environment: So all you need is: Now you can open Jupyter and you will see âMy Envâ as a possible kernel. ;) See: Anaconda Documentation,Evidence,Evidence,0.9548,0.0443,0.0008,0.9548,,True,False
300,No,0,"It's a complex subject that you can't be simply told how to do, but I'll try to help a little.",Claim,Claim,0.9945,0.9945,0.0025,0.0031,,False,False
300,No,1,"Zippie's suggestion is a good one, you should go through a tutorial to learn about the different kinds of relationships.",Claim,Claim,0.7629,0.7629,0.003,0.2341,,False,False
300,No,2,"In your database, you will need: These are the foreign indices that Rails will use to match your models (the foreign index goes in the model that specifies the belongs_to relationship).",Claim,Claim,0.8203,0.8203,0.0011,0.1786,,False,True
300,No,3,"As for your routes, there is no single solution, but you might want to nest them so you can do things like /users/comments or /galleries/comments: You could also simply have them separately: In your controller, when creating a new object, you should do so from the object it belongs to: This will set the comment's user_id to the current user, for example.",Evidence,Evidence,0.9768,0.0223,0.001,0.9768,2,False,False
300,No,4,"In the view, there's not much difference, just get the @comments variable in the controller like so: and use it in your view.",Evidence,Evidence,0.8017,0.1964,0.0019,0.8017,2,False,False
300,No,5,"It might be less intuitive when you want to define a form helper to create a new comment, for example: I hope that helps you get started.",Claim,Claim,0.8226,0.8226,0.002,0.1754,,False,False
301,No,0,I think it is highly likely that this has something to do with session management.,Claim,Claim,0.9947,0.9947,0.003,0.0024,,False,False
301,No,1,What happens is that a new request waits for the session in the previous request to be closed.,Claim,Claim,0.9904,0.9904,0.0023,0.0074,,False,False
301,No,2,"This only happens because session data is accessed, and thus a lock is obtained on the session file.",Claim,Claim,0.9937,0.9937,0.0043,0.0021,,False,False
301,No,3,You can avoid this by not starting the session in the first place.,Claim,Claim,0.9945,0.9945,0.0027,0.0028,,False,False
301,No,4,If you need the session you need to close the session right after it was started.,Claim,Claim,0.9943,0.9943,0.0016,0.0041,,False,False
301,No,5,If you need to set $_SESSION variables you need this before closing the session.,Claim,Claim,0.9902,0.9902,0.0013,0.0085,,False,True
301,No,6,You can do this like so: $_SESSION variables will still be available after closing the session. See also: https://codingexplained.com/coding/php/solving-concurrent-request-blocking-in-php,Evidence,Evidence,0.9414,0.0575,0.0011,0.9414,5,False,False
302,No,0,The webdriver-user-agent is complaining that the values you passed for :agent and :orientation cannot be downcased due to the method not existing.,Claim,Claim,0.6041,0.6041,0.0014,0.3945,,False,False
302,No,1,I think there are two solutions: Upgrade to Ruby 1.9.3.,Claim,Claim,0.9791,0.9791,0.0021,0.0188,,False,False
302,No,2,"I am guessing like me, you ran the code using something like Ruby 1.8.7.",Claim,Claim,0.946,0.946,0.0014,0.0526,,False,False
302,No,3,"The downcase() method for Symbols does not exist in 1.8.7, which gives you the error.",Claim,Claim,0.8607,0.8607,0.0013,0.138,,False,True
302,No,4,So you need a later version of Ruby that does have the method (ex 1.9.3 based on http://www.ruby-doc.org/core-1.9.3/Symbol.html ).,Evidence,Evidence,0.9733,0.0257,0.001,0.9733,3,False,False
302,No,5,Pass in a string for the :agent and :orientation values (example below).,Evidence,Evidence,0.7647,0.2337,0.0016,0.7647,3,False,False
302,No,6,It looks like it works for the one example (though I do not use this gem so cannot tell you if there are issues elsewhere).,Evidence,Evidence,0.865,0.1337,0.0013,0.865,3,False,False
302,No,7,"driver = UserAgent.driver (:browser => :firefox, :agent => 'iphone', :orientation => 'landscape')",Evidence,Evidence,0.6262,0.3723,0.0016,0.6262,3,False,False
303,No,0,You may want to take a look at Apache Solr 3.3 with RankingAlgorithm 1.2.,Evidence,Evidence,0.8552,0.1439,0.0009,0.8552,1,False,False
303,No,1,"It supports NRT (Near Real Time Indexing) and can update 10,000 docs / sec.",Claim,Claim,0.8537,0.8537,0.001,0.1453,,False,True
303,No,2,You can concurrently search during the updates.,Claim,Claim,0.9774,0.9774,0.0011,0.0215,,False,False
303,No,3,You do not need to commit or close the searchers.,Claim,Claim,0.9943,0.9943,0.002,0.0037,,False,True
303,No,4,You can get more information about NRT with Solr 3.3 with RankingAlgorithm from here: http://solr-ra.tgels.org/wiki/en/Near_Real_Time_Search_ver_3.x,Evidence,Evidence,0.9823,0.0167,0.0009,0.9823,3,False,False
304,No,0,"Seslie, You can create surface from Collection be calling method CreateRegularHeightFieldSurface(string name, SpatialLatticeInfo lattice); To create property as RegularHeightFieldSurface.CreateProperty(Template template); Then you can access to nodes of surface and property by I and J indexes.",Evidence,Evidence,0.7533,0.2454,0.0013,0.7533,1,False,False
304,No,1,X and Y for surface will be generated automatically from lattice.,Claim,Claim,0.9755,0.9755,0.002,0.0225,,False,True
305,No,0,"If each of your packages has a react-native dependency, you end up with two copies and this can cause problems for jest.",Claim,Claim,0.9866,0.9866,0.0012,0.0122,,False,False
305,No,1,"Instead keep at as a dependency in the root project, but move it to in the submodule (and a second copy to to be able to test it in isolation).",Claim,Claim,0.7365,0.7365,0.0011,0.2624,,False,False
305,No,2,Are you using yalc to integrate your submodule locally?,Claim,Claim,0.9935,0.9935,0.002,0.0045,,False,False
305,No,3,"It has been a cause of the same error for me, solved by removing folder from the root project.",Claim,Claim,0.974,0.974,0.0012,0.0248,,False,False
306,No,0,I think you have a parsing error.,Claim,Claim,0.9862,0.9862,0.0036,0.0101,,False,False
306,No,1,"Your class definition says: But your definition for has a different return type: The compiler's not really sure what to make of that, and thinks you're trying to do something with a non-existent static member, for some reason.",Claim,Claim,0.8303,0.8303,0.0021,0.1676,,False,False
306,No,2,"The solution is to fix your function definition and declaration so that the function has one, single, consistent return type. Either or .",Claim,Claim,0.9952,0.9952,0.0018,0.003,,False,False
307,No,0,You don't.,Claim,Claim,0.9801,0.9801,0.0178,0.0021,,False,False
307,No,1,Arrays in C++ are of compile-time fixed size.,Claim,Claim,0.9918,0.9918,0.0012,0.007,,False,False
307,No,2,You cannot just resize them to your liking.,Claim,Claim,0.9934,0.9934,0.0018,0.0048,,False,False
307,No,3,"The bad way to do this using only language features is to actually have your member as an : And then dynamically allocate an array of s, assigning the pointer to the first element to : The good way to do this is to use library features.",Claim,Claim,0.9822,0.9822,0.0011,0.0166,,False,False
307,No,4,The standard library provides container types for you to use.,Claim,Claim,0.8241,0.8241,0.0016,0.1742,,False,False
307,No,5,Try a : Which you could initialise to contain 40 strings like so:,Claim,Claim,0.9767,0.9767,0.0013,0.022,,False,False
308,No,0,"I don't know what you're trying to do, but removing the annotation makes your code work: If you need a type annotation (for example, in a method signature), you can use the same structural type that the compiler infers: If you want to get the full list of methods from another method without knowing the exact type except via generics, you may be interested in : If you can't use (maybe because you can't make API changes), then you're probably best off using the Java reflection API.",Evidence,Evidence,0.5141,0.4837,0.0023,0.5141,1,False,False
308,No,1,"The Scala reflection API is generally designed to use type information, so it may not work for you if you only know the type is .",Claim,Claim,0.9879,0.9879,0.0015,0.0106,,False,True
308,No,2,In response to your edit: I cannot use trait because bar can have different argument and return types and numbers.,Evidence,Evidence,0.7423,0.256,0.0016,0.7423,1,False,False
308,No,3,"Sure you can: If you need multiple arguments, just have take a tuple instead.",Claim,Claim,0.9913,0.9913,0.0015,0.0072,,False,True
308,No,4,"If you need to do some list manipulation that tuples don't support, you might consider learning about HLists and shapeless .",Evidence,Evidence,0.5534,0.4447,0.0018,0.5534,3,False,False
308,No,5,"However Java reflection does not retain generic types... Well, no runtime-only reflection API will help you there.",Claim,Claim,0.979,0.979,0.0014,0.0195,,False,False
308,No,6,"There is simply no way to find out what generic parameters an has at runtime, as that information doesn't exist on the JVM.",Claim,Claim,0.9583,0.9583,0.0012,0.0405,,False,False
308,No,7,"Use TypeTags, or use a in the manner described above.",Claim,Claim,0.9946,0.9946,0.0027,0.0028,,False,False
309,No,0,The getting started guide is a little misleading on this.,Claim,Claim,0.9593,0.9593,0.0061,0.0346,,False,True
309,No,1,In step 5 it tells you: The AppId and AppPassword from the Bot Framework registration page have to be recorded in the project's web.config Later on in the Emulator section it specifically tells you to not put an appid or password into the boxes within the emulator tool when running locally.,Evidence,Evidence,0.5798,0.4191,0.0011,0.5798,0,False,False
309,No,2,"This part is incorrect, if you have values in your web.config file, then you must put the same values into the emulator.",Claim,Claim,0.9763,0.9763,0.0011,0.0226,,False,False
309,No,3,You can leave the values blank in the emulator but then you also need to remove them from your web.config file.,Claim,Claim,0.9802,0.9802,0.0009,0.0189,,False,True
309,No,4,This page is very helpful in troubleshooting auth issues: https://docs.botframework.com/en-us/support/troubleshooting-bot-framework-authentication/,Evidence,Evidence,0.9825,0.016,0.0015,0.9825,3,False,False
310,No,0,Suffice a wildcard after .,Claim,Claim,0.9914,0.9914,0.0036,0.005,,False,False
310,No,1,"Otherwise, you're allowing your extension to only request pages at the root.",Claim,Claim,0.9938,0.9938,0.0018,0.0044,,False,False
310,No,2,"In your case, you're requesting only one URL.",Claim,Claim,0.9806,0.9806,0.0014,0.0179,,False,False
310,No,3,It might be even better to restrict the pattern even more:,Claim,Claim,0.9798,0.9798,0.0188,0.0014,,False,False
311,No,0,The reason you are getting the error is because is a float.,Claim,Claim,0.9906,0.9906,0.0013,0.008,,False,False
311,No,1,"If your goal is to simply change the value of the variable at runtime, This will suffice.",Claim,Claim,0.9913,0.9913,0.0013,0.0074,,False,False
311,No,2,"If your goal is to change the actual contents of the file, then it shouldn't be saved in a file, and shouldn't be imported into your script.",Claim,Claim,0.9935,0.9935,0.0013,0.0051,,False,False
311,No,3,If you you wanted to change the value in a plain text file it would look something like this.,Claim,Claim,0.991,0.991,0.0016,0.0074,,False,False
312,No,0,"You can use in order to get the first key in the dictionary, but there's no guarantee that it will be .",Claim,Claim,0.9923,0.9923,0.0016,0.0061,,False,False
312,No,1,The order of keys in a dictionary can change depending on the contents of the dictionary and the order the keys were added.,Claim,Claim,0.9901,0.9901,0.0011,0.0087,,False,False
313,No,0,"You should simply try this : EDIT : And because ""every Set may have one SetsIntensity"", you should check this relation before displaying form, e.g.",Evidence,Evidence,0.9878,0.0108,0.0014,0.9878,1,False,False
313,No,1,: PS: method requires that the primary key value is not null.,Claim,Claim,0.9947,0.9947,0.0024,0.0029,,False,True
314,No,0,"First of all, this is a broken way, as this little sample demonstrates: output: $ ./splitdate /0.05.9/20 Oh right, you got your indices wrong!",Evidence,Evidence,0.9348,0.064,0.0012,0.9348,1,False,False
314,No,1,"So, you see the first and most important shortcoming of your solution: It's hard to maintain .",Claim,Claim,0.9923,0.9923,0.0029,0.0048,,False,True
314,No,2,"In terms of performance, it's probably close to the best possible, but really, performance is not an issue with such ridiculously small data sets.",Claim,Claim,0.955,0.955,0.0021,0.0429,,False,False
314,No,3,"If you don't mind modifying your original string, is the best bet for you.",Claim,Claim,0.9934,0.9934,0.0014,0.0051,,False,False
314,No,4,"If your requirements are more complicated, write your own parser.",Claim,Claim,0.9943,0.9943,0.0025,0.0033,,False,True
314,No,5,"Modified code using : output: $ ./splitdate 09.05.2013 As you can see, short, concise, bug-free.",Evidence,Evidence,0.5047,0.494,0.0014,0.5047,4,False,False
315,No,0,"Type in: if there is a Folder named ""A"" on your Desktop where the p12 files are in.",Claim,Claim,0.9718,0.9718,0.0008,0.0273,,False,False
315,No,1,Then go on with the other Commands,Claim,Claim,0.9839,0.9839,0.0029,0.0132,,False,False
316,No,0,"Languages like Delphi, C and C++ Compile to processor-native machine code, and the output executables have little or no metadata in them.",Evidence,Evidence,0.9864,0.0126,0.001,0.9864,1,False,False
316,No,1,"This is in contrast with Java or .Net, which compile to object-oriented platform-independent bytecode, which retains the names of methods, method parameters, classes and namespaces, and other metadata.",Claim,Claim,0.9479,0.9479,0.0027,0.0495,,False,True
316,No,2,So there is a lot less useful decompiling that can be done on Delphi or C code.,Claim,Claim,0.9823,0.9823,0.0016,0.0161,,False,False
316,No,3,"However, Delphi typically has embedded form data for any form in the project (generated by the $R *.dfm line), and it also has metadata on all published properties, so a Delphi-specific tool would be able to extract this information.",Claim,Claim,0.9693,0.9693,0.001,0.0298,,False,False
317,No,0,"Currently, types can be automatically ""promoted"" to types.",Claim,Claim,0.994,0.994,0.0014,0.0045,,False,False
317,No,1,"(A closure with an empty environment, I suppose.)",Claim,Argument,0.7284,0.2682,0.7284,0.0033,,False,True
317,No,2,"For example, this works: So if your library function doesn't care whether is a closure or not, then it seems reasonable to just accept closures for maximum flexibility.",Evidence,Evidence,0.9877,0.011,0.0013,0.9877,1,False,False
317,No,3,But this isn't always possible.,Claim,Claim,0.9915,0.9915,0.0056,0.0029,,False,True
317,No,4,"For example, if you wanted to execute in another task, then I believe it must be a or a type.",Evidence,Evidence,0.9865,0.0124,0.0012,0.9865,3,False,False
317,No,5,(I'm not 100% certain here---I may be missing a detail.),Claim,Claim,0.834,0.834,0.0077,0.1584,,False,False
317,No,6,"With regard to anonymous functions, yes, a or a closure are the only two ways to write anonymous functions.",Claim,Claim,0.9911,0.9911,0.0017,0.0072,,False,False
318,No,0,"If you are using RxJS 6, you may consider using pipeable operators such as .",Evidence,Evidence,0.9863,0.0125,0.0012,0.9863,1,False,False
318,No,1,"The switchMap will allows you to map the observable values into the inner observable, removing the need to nest subscriptions.",Claim,Claim,0.9679,0.9679,0.0012,0.0309,,False,True
318,No,2,And calling on will update its values.,Claim,Claim,0.9925,0.9925,0.0014,0.0062,,False,False
319,No,0,"Generally speaking, CYK is a maximum-likelihood parse tree.",Claim,Claim,0.9923,0.9923,0.0017,0.006,,False,False
319,No,1,It never gives you the best performance because of this reason and the fact that it ignores contextual information when assigns the probabilities.,Claim,Claim,0.9027,0.9027,0.0015,0.0958,,False,False
319,No,2,"You need to modify it to consider more contexts, or integrate it into something else.",Claim,Claim,0.9872,0.9872,0.0011,0.0116,,False,True
319,No,3,"For example, Left-Corner parser can use a CYK procedure, inside.",Evidence,Evidence,0.9896,0.0091,0.0013,0.9896,2,False,False
319,No,4,"So the answer to your question is, LC is more powerful than CYK, though it's computationally more expensive.",Claim,Claim,0.962,0.962,0.0282,0.0098,,False,True
319,No,5,Have a look at Mark Johnson's paper .,Evidence,Evidence,0.966,0.0313,0.0027,0.966,4,False,False
320,No,0,You can do this with .,Claim,Claim,0.9835,0.9835,0.0026,0.0139,,False,False
320,No,1,We can create a function that generates different types of warning depending on the value of the argument passed to it: This will now generate the callouts as desired: Output:,Claim,Claim,0.6362,0.6362,0.0017,0.3621,,False,False
321,No,0,I consider that the problem has to do with the subsetting of your objects.,Claim,Claim,0.9946,0.9946,0.0029,0.0025,,False,True
321,No,1,From the link you provided in the comments I see that your data is a data.frame object and you subset it using [.,Evidence,Evidence,0.9583,0.0408,0.0009,0.9583,0,False,False
321,No,2,If you check the type of any data.frame e.g.,Evidence,Evidence,0.9718,0.0269,0.0013,0.9718,0,False,False
321,No,3,"you can see that it is a ""list"".",Claim,Claim,0.9598,0.9598,0.0016,0.0386,,False,False
321,No,4,"When you use , your object will be a list, that's because: when [ is applied to a list it always returns a list: it never gives you the contents of the list.",Claim,Claim,0.9698,0.9698,0.0014,0.0288,,False,True
321,No,5,"To get the contents, you need [[ Advanced R by Hadley Wickham Declare as or subset from your data.frame as a vector doing",Evidence,Evidence,0.5527,0.4459,0.0014,0.5527,4,False,False
322,No,0,Where are the breakpoints stored?,Claim,Claim,0.9923,0.9923,0.0037,0.0039,,False,True
322,No,1,"On Windows, the breakpoints are stored in: On Linux, they are in (per Matt's comment): To locate the , I added a breakpoint and looked for a file that was recently modified.",Evidence,Evidence,0.9591,0.04,0.0009,0.9591,0,False,False
322,No,2,"If you have Cygwin bash, a command like this works, right after adding or removing a breakpoint: The file is a SQLite database.",Claim,Claim,0.9683,0.9683,0.001,0.0307,,False,True
322,No,3,I'm able to pull some data out of it using (another Cygwin command): The above is with a single breakpoint at line 12.,Evidence,Evidence,0.9779,0.0211,0.001,0.9779,2,False,False
322,No,4,Is accessing this file a good idea? Probably not!,Claim,Claim,0.9901,0.9901,0.0072,0.0027,,False,False
322,No,5,"If your goal is to query or manipulate the breakpoints yourself by modifying this file, I'd caution that that risks corrupting VSCode's internal storage (even if using a proper SQLite client).",Claim,Claim,0.9908,0.9908,0.0011,0.0081,,False,False
322,No,6,I recommend instead using the VSCode extension APIs and to query and modify them from within VSCode.,Claim,Claim,0.9857,0.9857,0.0011,0.0133,,False,False
323,No,0,"In addition to the previous answer, not every time when all windows are closed does the GUI event loop, run by , stop.",Claim,Claim,0.9326,0.9326,0.0013,0.0661,,False,False
323,No,1,If you want to terminate it manually you can use inside any of the event handlers.,Claim,Claim,0.9909,0.9909,0.001,0.0081,,False,False
323,No,2,It stops GUI event loop and launches your code after .,Claim,Claim,0.9853,0.9853,0.0013,0.0134,,False,False
323,No,3,First answer is a lot of words about nothing.,Claim,Claim,0.9876,0.9876,0.0099,0.0025,,False,False
324,No,0,"Since the web page and its related content is downloaded to the computer of the user browsing your web site, it is already saved to the user's computer.",Claim,Claim,0.9947,0.9947,0.0014,0.0039,,False,False
324,No,1,Therefore it is impossible to prevent the user from accessing the save-functionality.,Claim,Claim,0.9931,0.9931,0.0017,0.0053,,False,False
324,No,2,"However, you can obfuscate your code - read this post on the programmer-to-programmer forums .",Claim,Claim,0.927,0.927,0.002,0.071,,False,False
324,No,3,"As mentioned in the post, if you have sensitive information you don't want the user to access, you'll have to find another approach which does not involve storing sensitive information in .js files or in the web page itself.",Claim,Claim,0.995,0.995,0.0018,0.0032,,False,False
325,No,0,"Extend the last cell to occupy full width: â¦and, if you want to make sure the text in the other cells doesn't collapse: Demo here: http://jsfiddle.net/barney/kz77m/",Evidence,Evidence,0.9771,0.0218,0.0011,0.9771,,True,False
326,No,0,You are setting the resource key either from / or Standard that has a spelling mistake.,Claim,Claim,0.9858,0.9858,0.0011,0.0131,,False,False
326,No,1,Check where you are setting the resources and make sure the spelling is correct.,Claim,Claim,0.9814,0.9814,0.0011,0.0175,,False,False
326,No,2,Unfortunately XAML Designer does not show squiggly error when the spelling of resource is incorrect,Claim,Claim,0.941,0.941,0.0011,0.0579,,False,False
327,No,0,"I'm currently using QuincyKit to collect and send crash logs: https://github.com/TheRealKerni/QuincyKit The framework comes with a server side backend, but if you don't want to run your own server you can also use HockeyApp .",Evidence,Evidence,0.8839,0.115,0.001,0.8839,1,False,False
327,No,1,As far as I know TestFlight is also planning to offer a similar service.,Claim,Claim,0.9352,0.9352,0.015,0.0498,,False,True
327,No,2,"If you implement your own solution, you probably shouldn't delete the crash logs on the device, but remember the date of the last crash log sent to your server.",Claim,Claim,0.9953,0.9953,0.0015,0.0032,,False,False
328,No,0,"You get this error because you associated to records with relationship, so Rails expect table to contain foreign key column, which is not present, as the error message says.",Claim,Claim,0.8039,0.8039,0.0014,0.1947,,False,False
328,No,1,You should generate migration adding column to table: and run it:,Claim,Claim,0.7047,0.7047,0.0026,0.2928,,False,False
329,No,0,I could not find this exact workaround so I'm posting this.,Claim,Claim,0.8531,0.8531,0.004,0.1429,,False,False
329,No,1,"Hopefully, someone finds it useful.",Claim,Claim,0.9934,0.9934,0.0045,0.0021,,False,False
329,No,2,I use a script which simply passes an already created empty file for newly added (or removed) file.,Claim,Claim,0.9777,0.9777,0.001,0.0212,,False,False
329,No,3,The script is in a dir that's on my or dir for git bash.,Claim,Claim,0.9583,0.9583,0.0013,0.0404,,False,True
329,No,4,winmerge.sh (similar to one here ) I keep an empty file at this path (which is ).,Evidence,Evidence,0.8711,0.1277,0.0012,0.8711,3,False,False
329,No,5,I use the script in .,Claim,Claim,0.938,0.938,0.0036,0.0583,,False,False
329,No,6,".gitconfig Note: To diff untracked files (new files) also before committing, I do then use .",Claim,Claim,0.9254,0.9254,0.0016,0.073,,False,False
329,No,7,only adds the path of new files to index but not their content ( is required to NOT stage the deleted files).,Claim,Claim,0.8418,0.8418,0.0012,0.157,,False,False
330,No,0,"I've found out, since the time of my question, that nothing seems to ensure that errors are always outputted with PHP, which seems to throw white screens here and there. Regardless of PHP's ini-settings.",Claim,Claim,0.9872,0.9872,0.0033,0.0095,,False,False
330,No,1,"I've found out that the best workaround however is to use the following line to ensure that error logging is put into a file easily is accessed and monitored by the application: As far as I've tested it, when white screens appear - it also gets logged into this errorlog.",Claim,Claim,0.9772,0.9772,0.0011,0.0217,,False,False
330,No,2,It seems to be the easiest way to know what happens when things go wrong.,Claim,Claim,0.9942,0.9942,0.0042,0.0015,,False,False
331,No,0,This happens because openALPR's Tesseract OCR expects its trained data in a specific path and the files are not there.,Claim,Claim,0.9776,0.9776,0.0017,0.0207,,False,False
331,No,1,According to the error message it can be set using the environment variable but in my own experience didn't work.,Claim,Claim,0.7043,0.7043,0.003,0.2928,,False,False
331,No,2,I came accross with nother solution; it's not the best way but it may work.,Claim,Claim,0.981,0.981,0.0071,0.012,,False,False
331,No,3,I created a symbolic link from to in order to make the trainedData files available to tesseract/openalpr right where they expect them.,Claim,Claim,0.8431,0.8431,0.001,0.1559,,False,False
331,No,4,"repeat the command changing with the desired language/region file (leu, lfr, ...) Hope it helps",Claim,Claim,0.8323,0.8323,0.0012,0.1665,,False,False
332,No,0,You should never ignore the documentation advice.,Claim,Claim,0.9933,0.9933,0.0015,0.0053,,False,False
332,No,1,"At the time of writing, setState allow second argument which is a callback function when the setState and re-render had finished.",Claim,Claim,0.821,0.821,0.0017,0.1773,,False,False
332,No,2,"Since you never provides us how your code gonna use hasSubmit value, I believe some other may find this useful when they want to make sure the hasSubmit had been changed.",Claim,Claim,0.986,0.986,0.001,0.013,,False,False
333,No,0,What sort of web application?,Claim,Argument,0.517,0.4795,0.517,0.0035,,False,False
333,No,1,There are... many JS libraries/frameworks. It's a jungle.,Claim,Claim,0.9238,0.9238,0.0014,0.0748,,False,False
333,No,2,"My strong advice is to build several things, from very small to less small, using pure Javascript.",Claim,Claim,0.9938,0.9938,0.0021,0.0041,,False,False
333,No,3,"Otherwise you will, I promise, remain forever cloudy on what the language is vs. the frameworks layered on top.",Claim,Claim,0.9759,0.9759,0.0223,0.0018,,False,False
333,No,4,JS is very mutable and frameworks have a tendency to create new semantics on top of the core language.,Claim,Claim,0.9915,0.9915,0.0014,0.0071,,False,False
333,No,5,"The downside of learning by using these is you ever fully understand the complexities and subtleties of the language itself, nor do you ever really understand what those frameworks are giving you (in many cases, things you don't need or that artificially constrain you).",Claim,Claim,0.9914,0.9914,0.007,0.0017,,False,False
333,No,6,Be wary of framework entanglement.,Claim,Claim,0.7997,0.7997,0.1989,0.0014,,False,False
333,No,7,"As you get used to writing simple scripts in a text editor (try Sublime Text if you want something much better than that), you'll begin to appreciate when and why you might want help from a framework.",Claim,Claim,0.9904,0.9904,0.0078,0.0019,,False,False
333,No,8,"Move on to jQuery, as it's the most widely used library and is either a dependency or heavily informs the style of many other libraries out there.",Claim,Claim,0.984,0.984,0.0023,0.0137,,False,True
333,No,9,"I'm working on a blog post about the topic of frameworks, by no means comprehensive as there are hundreds of them it seems.",Evidence,Evidence,0.5168,0.4809,0.0022,0.5168,8,False,False
333,No,10,"Specifically, breaking down about 20-30 major players by their intended domain (e.g.",Evidence,Evidence,0.9818,0.0163,0.0019,0.9818,8,False,False
333,No,11,"DOM manipulation, Single Page Applications, data-binding, MVC, etc.) and strengths and weaknesses.",Claim,Claim,0.5334,0.5334,0.0015,0.4651,,False,False
333,No,12,There are some great books and YouTube videos going into many aspects of modern JS.,Claim,Claim,0.7662,0.7662,0.0021,0.2316,,False,True
333,No,13,"Anything by Douglas Crockford I recommend (especially book or video ""Javascript: The Good Parts"".",Evidence,Evidence,0.8934,0.1034,0.0032,0.8934,12,False,False
333,No,14,He's pedantic but wise and generally on the money.,Claim,Claim,0.9853,0.9853,0.008,0.0067,,False,False
333,No,15,"Then for more inspirational stuff about recent/upcoming changes to the language, watch some stuff from the Google I/O events.",Claim,Claim,0.9593,0.9593,0.0018,0.0389,,False,False
333,No,16,Check out HTML5rocks.com for articles on some cutting edge features available in the browser.,Claim,Claim,0.8594,0.8594,0.0022,0.1384,,False,True
333,No,17,"There are many many more resources, but these are some good ones.",Evidence,Evidence,0.9224,0.0763,0.0014,0.9224,16,False,False
333,No,18,Oh and be sure you are familiar with the dev tools in the browser.,Claim,Claim,0.9925,0.9925,0.0011,0.0064,,False,True
333,No,19,I personally recommend Chrome as best of breed.,Evidence,Evidence,0.5334,0.457,0.0096,0.5334,18,False,False
333,No,20,"Learn the keyboard shortcut to open it on any page, inspect, and noodle.",Claim,Claim,0.9854,0.9854,0.0011,0.0135,,False,True
333,No,21,"There are some fancy things such tools support like live editing/saving of source, profiling and debugging, DOM/CSS inspection, and on and on.",Evidence,Evidence,0.9896,0.0092,0.0012,0.9896,20,False,False
333,No,22,There are other free and non-free IDEs but IMHO they are too much overhead for someone just learning (and many advanced JS developers use Sublime Text). P.S.,Evidence,Evidence,0.5086,0.4884,0.003,0.5086,20,False,False
333,No,23,": jQuery, per its design goals, is still going strong but is aimed for obsolescence as browsers increasingly are converging on true standards (ES5, HTML5, CSS3).",Evidence,Evidence,0.7487,0.2493,0.002,0.7487,20,False,False
333,No,24,"Even so, for many apps, its shorthand semantics are much better than even the newly supported standards for many things.",Claim,Claim,0.9898,0.9898,0.0014,0.0088,,False,False
333,No,25,"And it's not going away any time soon, just becoming less important. Like IE.",Claim,Claim,0.9934,0.9934,0.0035,0.0031,,False,False
333,No,26,Ignore IE unless you need to build things for work.,Claim,Claim,0.9946,0.9946,0.002,0.0034,,False,False
334,No,0,I don't believe what you want to do can be done with just git currently.,Claim,Claim,0.9934,0.9934,0.002,0.0045,,False,True
334,No,1,"I've been able to narrow it down one level further by defining remote server aliases in my config file like below, one for each branch I might want to push, but this is obviously tedious and obnoxious, and I still have to type something like .",Evidence,Evidence,0.9264,0.0721,0.0015,0.9264,0,False,False
334,No,2,The only equivalent I know to provide your original goal is with 3rd party tools like the git-review tool that the OpenStack developers put together for their own use.,Evidence,Evidence,0.8503,0.1483,0.0014,0.8503,0,False,False
334,No,3,"It might be worth it if your team is planning to use gerrit, since it provides other functionality like easy access to cherry-picking or checkout of reviews.",Claim,Claim,0.8759,0.8759,0.001,0.1231,,False,False
334,No,4,"As an aside, I believe the push.default setting of ""current"" means just to assume that the local branch name(s) should be pushed through the remote.",Claim,Claim,0.9645,0.9645,0.0016,0.0339,,False,False
334,No,5,*.push modification even if they aren't already known to exist on the server.,Claim,Claim,0.9875,0.9875,0.0011,0.0115,,False,False
334,No,6,"It does not limit which branches are pushed to just the ""current"" one, but rather to use the ""current"" name(s).",Claim,Claim,0.9891,0.9891,0.001,0.0098,,False,False
335,No,0,"It's the data (which is also a CSS property now) that gets reset by , and because CSS properties always override SVG attributes, your doesn't contain a shape anymore.",Claim,Claim,0.9913,0.9913,0.0013,0.0074,,False,False
335,No,1,The only fix I could find is to run a script that copies the SVG attribute into the CSS property on all elments:,Claim,Claim,0.9411,0.9411,0.0012,0.0577,,False,False
336,No,0,"To find the point closest to a search point, or to get list of points in order of increasing distance, you can use a priority queue that can hold both points and internal nodes of the tree, which lets you remove them in order of distance.",Claim,Claim,0.9303,0.9303,0.001,0.0687,,False,False
336,No,1,"For points (leaves), the distance is just the distance of the point from the search point.",Claim,Claim,0.9888,0.9888,0.001,0.0102,,False,False
336,No,2,"For internal nodes (octants), the distance is the smallest distance from the search point to any point that could possibly be in the octant.",Claim,Claim,0.9835,0.9835,0.0009,0.0156,,False,False
336,No,3,"Now, to search, you just put the root of the tree in the priority queue, and repeat: Remove the head of the priority queue; If the head of the queue was a point, then it is the closest point in the tree that you have not yet returned.",Claim,Claim,0.9597,0.9597,0.0011,0.0392,,False,False
336,No,4,"You know this, because if any internal node could possibly have a closer point, then it would have been returned first from the priority queue; If the head of the queue was an internal node, then put its children back into the queue This will produce all the points in the tree in order of increasing distance from the search point.",Claim,Claim,0.8732,0.8732,0.0012,0.1255,,False,True
336,No,5,The same algorithm works for KD trees as well.,Evidence,Evidence,0.8318,0.1662,0.002,0.8318,4,False,False
337,No,0,Have you added a prototype with parameters to your header file?,Claim,Claim,0.992,0.992,0.0013,0.0067,,False,False
337,No,1,I mean is there somewhere in fileA.h If not that's probably the reason.,Claim,Claim,0.9846,0.9846,0.0014,0.014,,False,False
338,No,0,"The identity comparison operator cannot be overloaded in Python, so compares the identities of the object and , and since they're clearly not the same object, evaluates to False.",Claim,Claim,0.9348,0.9348,0.0016,0.0636,,False,False
338,No,1,By I cannot use == False which gives error you probably mean that some Python linter adhering to PEP-8 gives you a warning.,Claim,Claim,0.9898,0.9898,0.0012,0.009,,False,True
338,No,2,"Checking equality against True or False is still valid Python, though unpythonic in the general sense â but it does make sense in SQLAlchemy filters and it is used in the docs .",Evidence,Evidence,0.8529,0.1457,0.0014,0.8529,1,False,False
338,No,3,For example: But: instead of comparing a boolean to a boolean you could use the value itself: which would translate to (approximately): since SQLAlchemy overload the to .,Evidence,Evidence,0.9771,0.0216,0.0013,0.9771,1,False,False
338,No,4,"Some backends may not support a boolean type, but SQLAlchemy handles the conversion:",Claim,Claim,0.8928,0.8928,0.0014,0.1058,,False,False
339,No,0,"I asked too soon, it looks like Jetty does exactly what I need : Remarkably close to my dreamed up API =D",Claim,Claim,0.9418,0.9418,0.0022,0.056,,False,False
340,No,0,"To be clearer, you should actually check out a hash to a branch, otherwise you'll be in a detached head state.",Claim,Claim,0.992,0.992,0.0013,0.0068,,False,False
341,No,0,If you use set to a new value or use a group that has not committed any offset with set to then the consumer will start from the beginning of the partition.,Claim,Claim,0.8831,0.8831,0.001,0.116,,False,False
341,No,1,"That said, the beginning might not be offset 0.",Claim,Claim,0.9802,0.9802,0.0013,0.0185,,False,False
341,No,2,"Depending on your broker's log retention settings, Kafka can be deleting messages thus the 1st available message in your partitions could be at any offset.",Claim,Claim,0.9827,0.9827,0.0011,0.0163,,False,False
342,No,0,"It's not an infinite loop, it's just Angulars change detection.",Claim,Claim,0.9911,0.9911,0.0012,0.0077,,False,False
342,No,1,In development each change detection run also follows a 2nd turn.,Claim,Claim,0.9933,0.9933,0.0016,0.0051,,False,False
342,No,2,"Change detection is run when any async call completes (event handlers, timeout, ...) and can therefore happen quite often.",Claim,Claim,0.991,0.991,0.0012,0.0078,,False,False
342,No,3,"Binding to functions in the view should generally be avoided, instead assign the result to a field and bind to that field instead.",Claim,Claim,0.979,0.979,0.0015,0.0195,,False,False
342,No,4,Angular is extremely efficient checking whether field values have changed.,Claim,Claim,0.991,0.991,0.0009,0.008,,False,False
343,No,0,"If you have many inputs, but can't tell for sure which one of them is set, you may use Object.values to retrieve all changes as an array Array.some to check whether any of the changes has set Beware: If no is set at all, will be because stops at the first value.",Claim,Claim,0.9605,0.9605,0.001,0.0386,,False,False
344,No,0,"One could use a single regular expression to validate the string, but I would not recommend it, for the following reasons (when compared to writing high-level language code): it would be more difficult to comprehend; unit testing would be less straightforward; any errors that initially survive unit testing would be harder to spot; and it would be more difficult to maintain should there be changes in the specification.",Claim,Claim,0.9926,0.9926,0.0048,0.0027,,False,False
344,No,1,This does not mean that the code should be devoid of regular expressions.,Claim,Claim,0.9921,0.9921,0.0029,0.0049,,False,False
344,No,2,"I will write example code in Ruby, which should be easily converted to Perl.",Claim,Claim,0.7917,0.7917,0.005,0.2033,,False,False
344,No,3,It is convenient to first create a helper method that sums the first two digits in a string.,Claim,Claim,0.9931,0.9931,0.0016,0.0053,,False,False
344,No,4,is a regular expression that matches two consecutive digits in a string and returns the string comprised of the first two consecutive digits in the string .,Claim,Claim,0.9398,0.9398,0.0025,0.0577,,False,False
344,No,5,We can test this with a few strings for which it is needed.,Claim,Claim,0.9865,0.9865,0.0016,0.0118,,False,False
344,No,6,We will need a method that determines whether the scoring for each of the first nine frames is valid.,Claim,Claim,0.9895,0.9895,0.0013,0.0093,,False,True
344,No,7,"The regular expression reads as follows: ""match the beginning of the string ( ) followed by two digits ( , same as ) followed by the end of the string ( )"".",Evidence,Evidence,0.8977,0.1009,0.0014,0.8977,6,False,False
344,No,8,sums each character of the string after it has been converted to an integer.,Claim,Claim,0.9787,0.9787,0.0012,0.0202,,False,True
344,No,9,We can try some examples.,Evidence,Evidence,0.9049,0.091,0.004,0.9049,8,False,False
344,No,10,We will also need a method that determines whether the scoring for Frame 10 is valid.,Claim,Claim,0.9932,0.9932,0.0012,0.0057,,False,False
344,No,11,All four regular expressions require that the beginning (the anchor ) and end (the anchor ) of the string must be matched.,Claim,Claim,0.94,0.94,0.0013,0.0587,,False,False
344,No,12,is a non-capture group that requires the literal be matched or ( ) the literal followed by a digit ( ) be matched.,Claim,Claim,0.9936,0.9936,0.0016,0.0048,,False,False
344,No,13,"The regular expression requires that followed by 2 digits ( ) be matched and, because of the anchors, that the string contain no other characters.",Claim,Claim,0.9817,0.9817,0.0014,0.0169,,False,False
344,No,14,The other two regular expressions are similar.,Claim,Claim,0.7488,0.7488,0.004,0.2472,,False,False
344,No,15,Notice that when the string is comprised of three digits returns the sum of the first two digits.,Claim,Claim,0.9602,0.9602,0.0015,0.0383,,False,True
344,No,16,Here are some test results.,Evidence,Evidence,0.8907,0.1064,0.0029,0.8907,15,False,False
344,No,17,We can now put everything together.,Claim,Claim,0.9919,0.9919,0.0054,0.0027,,False,False
344,No,18,I will add two statements to identify invalid substrings for the reader.,Claim,Claim,0.9856,0.9856,0.0013,0.0131,,False,False
344,No,19,"splits the string on hyphens, returning an array.",Claim,Claim,0.9007,0.9007,0.0014,0.0979,,False,False
344,No,20,assigns the last element of that array to the variable and all elements but the last to the array .,Claim,Claim,0.5531,0.5531,0.0015,0.4454,,False,False
344,No,21,We may now test various strings.,Claim,Claim,0.8578,0.8578,0.0021,0.1401,,False,False
345,No,0,"Well, this answer isn't great - but I think that's largely because there isn't a great single source for this information.",Claim,Claim,0.9879,0.9879,0.0047,0.0073,,False,False
345,No,1,Each is a protobuf message of type any which is just an arbitrary serialized message.,Claim,Claim,0.9115,0.9115,0.0014,0.0871,,False,False
345,No,2,Envoy uses the type to match it against known protobuf definitions for the filters.,Claim,Claim,0.7403,0.7403,0.0013,0.2583,,False,True
345,No,3,The specific type for each one can in some cases be found in the docs: adaptive concurrency filter aws lambda filter see the other filter docs pages to see if they give example configs with the correct .,Evidence,Evidence,0.9426,0.0566,0.0008,0.9426,2,False,False
345,No,4,"For those not documented there, you can parse your way into the code and find the type, e.g.",Evidence,Evidence,0.9836,0.0146,0.0019,0.9836,2,False,False
345,No,5,again for the aws filter Some of Envoy's other open projects that need to reference these types frequently hold definitions of well known types.,Evidence,Evidence,0.5371,0.4617,0.0012,0.5371,2,False,False
345,No,6,"You can use that as a reference, just note they may not be 100% up to date.",Claim,Claim,0.9703,0.9703,0.0013,0.0284,,False,False
345,No,7,"Sorry there isn't a more consolidated location, hope this helps.",Claim,Claim,0.9873,0.9873,0.0026,0.0101,,False,False
346,No,0,"The OrderingComparison::greaterThan matcher will work on any type which is comparable to itself (it's in the package, but it's not actually number-specific).",Claim,Claim,0.966,0.966,0.0011,0.0329,,False,False
346,No,1,Date is such a type.,Claim,Claim,0.9918,0.9918,0.0032,0.005,,False,False
347,No,0,"An iterative, straightforward approach would be: But for bonus fun, here's one variation on a functional approach, returning the position where the sequence starts, or -1 if no sufficiently long sequence exists:",Claim,Claim,0.9609,0.9609,0.0014,0.0377,,False,False
348,No,0,First expose 8082 port if you're in docker.,Claim,Claim,0.9842,0.9842,0.0011,0.0148,,False,False
348,No,1,And add these commands when starting Traefik.,Claim,Claim,0.9923,0.9923,0.0013,0.0063,,False,False
348,No,2,Access that metrics in If you also add the following labels it will allow you to access the metrics on .,Claim,Claim,0.9847,0.9847,0.001,0.0143,,False,False
348,No,3,You need to fill in the values in the angle braces depending on your setup.,Claim,Claim,0.6993,0.6993,0.0013,0.2994,,False,False
349,No,0,"You can only bind to public properties , you have a public field.",Claim,Claim,0.9944,0.9944,0.0015,0.0041,,False,False
349,No,1,"Your code should be: If the title can change at run time, you also need to implement .",Claim,Claim,0.9924,0.9924,0.0015,0.0061,,False,False
350,No,0,"You will want to use a state drawable as the background for the Checkbox, something like this should get you closer to your goal: You can make modifications to this in order to match your exact logic.",Evidence,Evidence,0.6191,0.379,0.0019,0.6191,1,False,False
350,No,1,Your CheckBox will look like this:,Claim,Claim,0.99,0.99,0.0049,0.005,,False,True
351,No,0,Here is link to a solution I created earlier for modal dialogs in JavaFX 2.1 The solution creates a modal stage on top of the current stage and takes action on the dialog results via event handlers for the dialog controls.,Evidence,Evidence,0.9444,0.0545,0.0011,0.9444,1,False,False
351,No,1,JavaFX 8+ The prior linked solution uses a dated event handler approach to take action after a dialog was dismissed.,Claim,Claim,0.9721,0.9721,0.0008,0.0271,,False,True
351,No,2,That approach was valid for pre-JavaFX 2.2 implementations.,Claim,Claim,0.9898,0.9898,0.0062,0.004,,False,False
351,No,3,"For JavaFX 8+ there is no need for event handers, instead, use the new Stage method.",Claim,Claim,0.9823,0.9823,0.0011,0.0166,,False,True
351,No,4,"For example: Note that, in order for things to work as expected, it is important to initialize the owner of the Stage and to initialize the modality of the Stage to either WINDOW_MODAL or APPLICATION_MODAL .",Evidence,Evidence,0.9823,0.0167,0.0011,0.9823,3,False,False
351,No,5,"There are some high quality standard UI dialogs in JavaFX 8 and ControlsFX , if they fit your requirements, I advise using those rather than developing your own.",Evidence,Evidence,0.6445,0.3543,0.0013,0.6445,3,False,False
351,No,6,"Those in-built JavaFX Dialog and Alert classes also have and and methods, so that you can set the modality for them as you wish (note that, by default, the in-built dialogs are application modal).",Claim,Claim,0.7868,0.7868,0.0012,0.212,,False,False
352,No,0,"The ""base"" eBay API does not have a feature in the API to ""place-bids"".",Claim,Claim,0.9404,0.9404,0.0017,0.058,,False,False
352,No,1,"The eBay API that can place bids is called ""PlaceOffer"" (as you have mentioned).",Claim,Claim,0.9897,0.9897,0.0016,0.0088,,False,True
352,No,2,"PlaceOffer is basically an extension to the eBay API, but to use PlaceOffer, you must accept a separate license agreement for PlaceOffer ( PlaceOffer API License Agreement Addendum PDF).",Evidence,Evidence,0.5921,0.4055,0.0023,0.5921,1,False,False
352,No,3,"There is a stipulation in the PlaceOffer API license Agreement, that you will not use the PlaceOffer API to do sniping (I.E.",Claim,Claim,0.9845,0.9845,0.002,0.0135,,False,False
352,No,4,: can't have a feature to place a bid (or bids) on a buyerâs behalf based on time remaining or at a scheduled time).,Claim,Claim,0.9909,0.9909,0.0012,0.0079,,False,True
352,No,5,"The relevant portion of the PlaceOffer API License Agreement Addendum (PDF) is: NOW, THEREFORE , for mutual and valuable consideration, the sufficiency and receipt of which are hereby acknowledged, the parties hereby agree as follows: You are hereby granted limited access to eBayâs PlaceOffer functionality (âPlaceOfferâ) as a Permitted Use under the Agreement.",Evidence,Evidence,0.9314,0.0662,0.0024,0.9314,4,False,False
352,No,6,"The parties agree to add the following at the end of Section 16 to the Agreement: âYou hereby acknowledge and agree that: (i) You will not make any public statement regarding the terms of this Amendment __ without eBayâs prior written approval, which may be withheld in eBayâs sole discretion; (ii) You will not provide or operate an automated sniping tool (defined as any application or feature of an application that places a bid (or bids) on a buyerâs behalf based on time remaining or at a scheduled time ); and (iii) You will use PlaceOffer in accordance with the following guidelines: (a) Your Application using PlaceOffer is subject to certification as set forth in the Agreement; (b) automated use of PlaceOffer may not be specifically scheduled for a later time , and (c) use of PlaceOffer must be made in accordance with the eBay User Agreement and bidding policies.",Evidence,Evidence,0.6354,0.3558,0.0088,0.6354,4,False,False
352,No,7,â This is also described in the PlaceOffer Policies and Guidelines : The following PlaceOffer policies are required for applications that use this call in the production environment: â  Use of PlaceOffer must be in accordance with the API License Agreement and the eBay User Agreement .,Evidence,Evidence,0.809,0.1887,0.0022,0.809,4,False,False
352,No,8,"If you are an eBay affiliate, you must agree to all terms and conditions specific to the eBay programs you join.",Claim,Claim,0.991,0.991,0.0054,0.0036,,False,False
352,No,9,â  The automatic and/or scheduled use of PlaceOffer is prohibited.,Claim,Claim,0.9911,0.9911,0.0046,0.0043,,False,False
352,No,10,"An example is sniping, which is prohibited .",Claim,Claim,0.9858,0.9858,0.0026,0.0116,,False,False
352,No,11,"For each PlaceOffer call made by your application, the user first must take an explicit action .",Claim,Claim,0.995,0.995,0.0016,0.0034,,False,False
352,No,12,"That is, the application needs to get confirmation from the user before making each PlaceOffer call.",Claim,Claim,0.9901,0.9901,0.0011,0.0088,,False,False
352,No,13,"â  The application shall not in any way, shape, or form collect the eBay username and password values of buyers or sellers that are involved in order line items.",Claim,Claim,0.976,0.976,0.0022,0.0218,,False,False
352,No,14,Users must enable bidding and buying through eBay's Authentication & Authorization mechanisms.,Claim,Claim,0.9922,0.9922,0.0015,0.0064,,False,False
352,No,15,"... ... â  To use PlaceOffer in the production environment, you must apply for, and be granted, approval by the eBay Partner Network.",Claim,Claim,0.9312,0.9312,0.002,0.0668,,False,False
352,No,16,"Additionally, your application must be functional in the sandbox environment.",Claim,Claim,0.9938,0.9938,0.0011,0.0051,,False,False
352,No,17,"Please also note the following policies regarding use of PlaceOffer in the production environment: â  After you apply for approval by the eBay Partner Network, and if it is granted, then you must pass an application review by eBay Developer Support.",Claim,Claim,0.9514,0.9514,0.0019,0.0467,,False,False
352,No,18,â  The review process can take 10 business days or longer.,Claim,Claim,0.9904,0.9904,0.0017,0.008,,False,False
352,No,19,"In addition, before PlaceOffer access is granted in production, you must sign and return the eBay PlaceOffer API License Agreement Addendum (PDF).",Claim,Claim,0.9757,0.9757,0.0022,0.022,,False,True
352,No,20,"As an alternative to using the eBay API, including the PlaceOffer API (which does not allow sniping anyway), you could look at JBidWatcher: Free eBay sniping, bidding & monitoring and JBidWatcher: Economics vs. the eBay API as a starting place.",Evidence,Evidence,0.7506,0.2464,0.003,0.7506,19,False,False
352,No,21,"Also, see JBidWatcher on GitHub You could also look at the (eBay Sniping) API at Gixen eBay Sniper .",Evidence,Evidence,0.9501,0.0486,0.0013,0.9501,19,False,False
353,No,0,"There is no Edit page for the roles, so what you should do is to click the account drop-down at the top right and select , then re-create the role with the new display name.",Claim,Claim,0.9835,0.9835,0.0012,0.0153,,False,False
353,No,1,The new setup will overwrite the old one.,Claim,Claim,0.9919,0.9919,0.0018,0.0063,,False,False
354,No,0,How about: EDIT: The updated version version will work if the components contain spaces (e.g.,Evidence,Evidence,0.9523,0.0457,0.002,0.9523,,True,False
354,No,1,"""Foo Products Â» X1 Â» X3"")",Evidence,Evidence,0.8514,0.1472,0.0014,0.8514,,True,False
355,No,0,"Android Studio's default project support is done through Gradle, unless you have an Android project coming from IntelliJ which you can open with Studio as well.",Claim,Claim,0.9896,0.9896,0.0014,0.009,,False,False
355,No,1,"If you use Gradle, project.properties is completely ignored.",Claim,Claim,0.9866,0.9866,0.0013,0.0121,,False,False
355,No,2,You should not use the Module Settings to add dependencies now as it only changes the IDE but not the Gradle based build system (we'll fix this in later versions).,Claim,Claim,0.9444,0.9444,0.0011,0.0545,,False,False
355,No,3,"If you have missing dependencies in your build.gradle, it may be due to a bug in the export from ADT.",Claim,Claim,0.9546,0.9546,0.0012,0.0441,,False,False
355,No,4,We have fixes for this coming soon.,Claim,Claim,0.9704,0.9704,0.0023,0.0273,,False,False
356,No,0,Start the project with Ctrl + F5 instead of just F5 .,Claim,Claim,0.9911,0.9911,0.0021,0.0068,,False,False
356,No,1,The console window will now stay open with the message after the program exits.,Claim,Claim,0.9891,0.9891,0.0012,0.0096,,False,False
356,No,2,"Note that this requires the linker option, which you can enable as follows: Open up your project, and go to the Solution Explorer.",Claim,Claim,0.9897,0.9897,0.0014,0.0089,,False,False
356,No,3,"If you're following along with me in K&R, your ""Solution"" will be 'hello' with 1 project under it, also 'hello' in bold.",Claim,Claim,0.9912,0.9912,0.0011,0.0077,,False,False
356,No,4,"Right click on the 'hello"" (or whatever your project name is.)",Claim,Claim,0.9911,0.9911,0.0018,0.007,,False,False
356,No,5,"Choose ""Properties"" from the context menu. Choose Configuration Properties>Linker>System.",Claim,Claim,0.7566,0.7566,0.0023,0.2412,,False,False
356,No,6,"For the ""Subsystem"" property in the right-hand pane, click the drop-down box in the right hand column.",Claim,Claim,0.9044,0.9044,0.0014,0.0942,,False,False
356,No,7,"Choose ""Console (/SUBSYSTEM:CONSOLE)"" Click Apply, wait for it to finish doing whatever it does, then click OK. (If ""Apply"" is grayed out, choose some other subsystem option, click Apply, then go back and apply the console option.",Claim,Claim,0.86,0.86,0.0014,0.1385,,False,False
356,No,8,My experience is that OK by itself won't work.),Claim,Argument,0.9335,0.0651,0.9335,0.0013,,False,False
356,No,9,CTRL-F5 and the subsystem hints work together; they are not separate options.,Claim,Claim,0.963,0.963,0.0011,0.0359,,False,True
356,No,10,(Courtesy of DJMorreTX from https://web.archive.org/web/20130604190922/http://social.msdn.microsoft.com/Forums/en-US/vcprerelease/thread/21073093-516c-49d2-81c7-d960f6dc2ac6 ),Evidence,Evidence,0.9825,0.0159,0.0017,0.9825,9,False,False
357,No,0,"You need this utility library: Pretty-print C++ STL containers If you want to do this yourself (so as to teach yourself), then you need to define two overloads as: For : For : If you have these overloads, then they together will handle these cases recursively:",Claim,Claim,0.6292,0.6292,0.0015,0.3693,,False,False
358,No,0,You aren't seeing anything special because there's nothing much asynchronous work in your code.,Claim,Claim,0.9946,0.9946,0.0023,0.003,,False,False
358,No,1,"However, the main difference is that is blocking, and is non-blocking.",Claim,Claim,0.9342,0.9342,0.0019,0.0639,,False,False
358,No,2,"When is called, it will block the entire execution of the script and it will be put on hold, just frozen, doing nothing.",Claim,Claim,0.9885,0.9885,0.0011,0.0104,,False,False
358,No,3,"But when you call , it will ask the event loop to run something else while your await statement finishes its execution. Here's an improved example.",Claim,Claim,0.7201,0.7201,0.0019,0.278,,False,False
358,No,4,Will output: You can see that is not blocking the execution of the script.,Claim,Claim,0.9147,0.9147,0.0013,0.0841,,False,False
358,No,5,"In contrast, replacing the line with , the output will be because is blocking and the first call of has to finish first before the second call of starts running.",Claim,Claim,0.9199,0.9199,0.0016,0.0785,,False,False
359,No,0,you can use on forward to replace the 0s by minus backward column and then add this series to the date,Claim,Claim,0.5434,0.5434,0.0015,0.4551,,False,False
360,No,0,"If you look at the documentation on authentication in security rules , you will find these rules: Modified for your use-case, that'd be something like:",Evidence,Evidence,0.5264,0.4723,0.0013,0.5264,,True,False
361,No,0,Actually just reset the form values.,Claim,Claim,0.9936,0.9936,0.003,0.0034,,False,True
361,No,1,You need to reset the form directive too. for eg.,Evidence,Evidence,0.8856,0.1123,0.0021,0.8856,0,False,False
361,No,2,"and .ts file is this will reset the form values only, to reset the form error we need to reset the formdirective as well.",Claim,Claim,0.9629,0.9629,0.001,0.0361,,False,False
362,No,0,if the remote computer is in the same network and on a shared folder to the computer where your java code is running then try this piece of code for accessing it here Comp-1 is the DNS name of the machine containing the file in the network!! !,Evidence,Evidence,0.7338,0.2651,0.0011,0.7338,,True,False
363,No,0,Have you read this Go documentation?,Claim,Claim,0.9891,0.9891,0.0027,0.0082,,False,False
363,No,1,Should I define methods on values or pointers? Methods: Pointers vs.,Claim,Claim,0.993,0.993,0.0026,0.0044,,False,False
363,No,2,Values The Go Programming Language Specification,Claim,Claim,0.9839,0.9839,0.0012,0.0149,,False,False
364,No,0,I remember doing this project in my Algorithms class in college.,Evidence,Evidence,0.7501,0.2457,0.0042,0.7501,1,False,False
364,No,1,"My best advice, particularly for someone who is writing in Haskell for learning and not for production, is to write 'top down'.",Claim,Claim,0.9547,0.9547,0.0434,0.0019,,False,True
364,No,2,"First, ask yourself what do you need to do to solve this problem?",Claim,Claim,0.9305,0.9305,0.0673,0.0022,,False,False
364,No,3,Then just write it down with descriptive functions (even if they don't yet exist).,Claim,Claim,0.9931,0.9931,0.0036,0.0033,,False,False
364,No,4,Then stub in the functions you need.,Claim,Claim,0.9738,0.9738,0.0024,0.0239,,False,True
364,No,5,"For example, a start might be: From this, you would simply start describing top-down how to solve the problem, until you've answered everything.",Evidence,Evidence,0.9889,0.0097,0.0013,0.9889,4,False,False
364,No,6,"Note that sometimes you'll want to write a function similar to , but surely its already been written before.",Claim,Claim,0.99,0.99,0.0016,0.0084,,False,True
364,No,7,Try checking out http://haskell.org/hoogle .,Evidence,Evidence,0.8494,0.1484,0.0022,0.8494,6,False,False
364,No,8,You can search for function names or even type signatures.,Claim,Claim,0.9932,0.9932,0.001,0.0058,,False,False
364,No,9,Maybe there is a somewhere already written in the standard libraries?,Claim,Claim,0.9893,0.9893,0.0026,0.0081,,False,False
364,No,10,"As an interesting question for you to answer yourself, what is the type of and why does it type check?",Claim,Claim,0.9934,0.9934,0.0025,0.0041,,False,False
364,No,11,It is not a special keyword; it is merely a predefined function.,Claim,Claim,0.9955,0.9955,0.0018,0.0027,,False,False
365,No,0,I think this example should be very helpful.,Claim,Claim,0.9729,0.9729,0.0059,0.0211,,False,True
365,No,1,https://web.archive.org/web/20120830214803/http://www.androidhive.info/2012/08/android-session-management-using-shared-preferences/ The main class is here:,Evidence,Evidence,0.9689,0.029,0.002,0.9689,0,False,False
366,No,0,"Let's start with the branch: In case the isn't True you don't return anything, but you should return : That can also be simplified because is already the result that should be returned so you can also use the less verbose: Then there is a logic error in the second case: That should trigger if and is True and likewise for the second parens.",Claim,Claim,0.5454,0.5454,0.0017,0.4529,,False,False
366,No,1,So it should be: Likewise you can use here the less verbose:,Claim,Claim,0.8349,0.8349,0.0054,0.1596,,False,False
367,No,0,"It's a linker setting: the thing passes arguments to the linker, and the linker takes a argument to set the entry function",Claim,Claim,0.9757,0.9757,0.0013,0.023,,False,False
368,No,0,Have a look at the list of keywords in Kotlin at https://github.com/JetBrains/kotlin/blob/master/compiler/frontend/src/org/jetbrains/kotlin/lexer/KtTokens.java So this one is not used currently but might be in the future,Evidence,Evidence,0.9734,0.0256,0.001,0.9734,,True,False
369,No,0,The only way that a Class can be unloaded is if the Classloader used is garbage collected.,Claim,Claim,0.9956,0.9956,0.0019,0.0025,,False,False
369,No,1,"This means, references to every single class and to the classloader itself need to go the way of the dodo.",Claim,Claim,0.9947,0.9947,0.0025,0.0028,,False,False
369,No,2,"One possible solution to your problem is to have a Classloader for every jar file, and a Classloader for each of the AppServers that delegates the actual loading of classes to specific Jar classloaders.",Claim,Claim,0.9868,0.9868,0.0012,0.012,,False,False
369,No,3,"That way, you can point to different versions of the jar file for every App server.",Claim,Claim,0.9756,0.9756,0.0009,0.0235,,False,False
369,No,4,"This is not trivial, though.",Claim,Claim,0.9911,0.9911,0.0058,0.0031,,False,False
369,No,5,"The OSGi platform strives to do just this, as each bundle has a different classloader and dependencies are resolved by the platform.",Claim,Claim,0.994,0.994,0.0015,0.0045,,False,False
369,No,6,Maybe a good solution would be to take a look at it.,Claim,Claim,0.9849,0.9849,0.0135,0.0016,,False,False
369,No,7,"If you don't want to use OSGI, one possible implementation could be to use one instance of JarClassloader class for every JAR file.",Claim,Claim,0.9936,0.9936,0.0014,0.0049,,False,False
369,No,8,"And create a new, MultiClassloader class that extends Classloader.",Claim,Claim,0.9841,0.9841,0.0014,0.0145,,False,False
369,No,9,"This class internally would have an array (or List) of JarClassloaders, and in the defineClass() method would iterate through all the internal classloaders until a definition can be found, or a NoClassDefFoundException is thrown.",Claim,Claim,0.9002,0.9002,0.0012,0.0986,,False,False
369,No,10,A couple of accessor methods can be provided to add new JarClassloaders to the class.,Claim,Claim,0.9822,0.9822,0.0015,0.0163,,False,False
369,No,11,"There is several possible implementations on the net for a MultiClassLoader, so you might not even need to write your own.",Claim,Claim,0.989,0.989,0.0012,0.0099,,False,False
369,No,12,"If you instanciate a MultiClassloader for every connection to the server, in principle it is possible that every server uses a different version of the same class.",Claim,Claim,0.9938,0.9938,0.0012,0.005,,False,False
369,No,13,"I've used the MultiClassloader idea in a project, where classes that contained user-defined scripts had to be loaded and unloaded from memory and it worked quite well.",Claim,Claim,0.5906,0.5906,0.0023,0.4071,,False,False
370,No,0,"Knowing nothing else, it seems like your locking is broken, if you need a thread to ensure that your locks aren't held too long or are invalid.",Claim,Claim,0.9951,0.9951,0.0014,0.0035,,False,False
370,No,1,"If you really need to throw exceptions to your main thread, set up a communication queue from all your 'worker threads' to your 'master thread', and wrap your entire worker threads in an exception handler that does nothing more than append exceptions to the queue and then kills that thread.",Claim,Claim,0.9742,0.9742,0.0009,0.0249,,False,False
370,No,2,Your master thread can poll the queue to discover exceptions and restart threads that have died after correcting the error condition.,Claim,Claim,0.9836,0.9836,0.0009,0.0156,,False,False
371,No,0,"Adding this as relevant information, I had a similar problem and used a similar solution to you, adding an xml transform.",Claim,Claim,0.8489,0.8489,0.0018,0.1493,,False,False
371,No,1,"However, I used the transform to insert the service control/install elements into the heat-generated fragment.",Claim,Claim,0.8352,0.8352,0.0017,0.1632,,False,False
371,No,2,"I've pasted my transform below, you may have to modify properties or remove items you don't need.",Claim,Claim,0.9459,0.9459,0.0012,0.0529,,False,False
371,No,3,"Some things to note: The service control doesn't auto-start the service on install, I had issues with assembly refs not being populated by the time the msi tried to invoke them A key part of the XSLT adds an ""include"" statement at the top of the heat.exe file so that I can reference variables from my .wxi file This assumes the variable name you told heat to inject as your -var parameter is ""var.SourcePath"" I never extracted the name of the .exe file or settings file out as variables that can be injected into the transform because they were fairly stable and it seemed...difficult",Claim,Claim,0.727,0.727,0.0012,0.2719,,False,False
372,No,0,There are basically two (or more?),Claim,Claim,0.9807,0.9807,0.0164,0.0029,,False,False
372,No,1,ways to map uniform density to any distribution function: Inverse transformation sampling and Rejection sampling .,Claim,Claim,0.9822,0.9822,0.0015,0.0163,,False,False
372,No,2,I think in your case you should use the former.,Claim,Claim,0.9849,0.9849,0.0036,0.0115,,False,False
373,No,0,How would you implement this method?,Claim,Claim,0.9891,0.9891,0.0083,0.0026,,False,False
373,No,1,Let's make a try: The problem with this approach is that we are not able to set a field to null as in Therefore another approach is required.,Claim,Claim,0.9738,0.9738,0.0016,0.0246,,False,False
373,No,2,We could add overloads of every possible parameter combination The problem is that the number of required overloads grows exponentially with the number of parameters: 2 n - 1.,Claim,Claim,0.9916,0.9916,0.0014,0.007,,False,False
373,No,3,Yet another approach would be to let the compiler handle a call like .,Claim,Claim,0.9938,0.9938,0.0029,0.0034,,False,False
373,No,4,It would be syntactic sugar for compiler generated code.,Claim,Claim,0.9948,0.9948,0.0022,0.003,,False,False
373,No,5,This introduces other problems: It does not behave as we would expect from other methods.,Claim,Claim,0.9907,0.9907,0.0018,0.0075,,False,False
373,No,6,How would Intellisense display the parameters of this pseudo method?,Claim,Claim,0.9931,0.9931,0.0028,0.004,,False,False
373,No,7,As in our first attempt?,Claim,Claim,0.9887,0.9887,0.0077,0.0036,,False,False
373,No,8,This would be misleading because of this nulling problem.,Claim,Claim,0.9299,0.9299,0.0039,0.0662,,False,False
373,No,9,It could conflict with a user defined method of the same name.,Claim,Claim,0.9935,0.9935,0.0021,0.0045,,False,True
373,No,10,"Some interesting links relating to the implementation of Non-destructive mutation ( keyword): Records as a collection of features #3137 ( MadsTorgersen, 1 Feb 2020) .",Evidence,Evidence,0.9834,0.0158,0.0008,0.9834,9,False,False
373,No,11,"Nominal records #3226 (MadsTorgersen , 22 Feb 2020) .",Evidence,Evidence,0.9507,0.047,0.0023,0.9507,9,False,False
373,No,12,C# 9.0 has introduced Records and Nondestructive mutation through with-expressions.,Claim,Claim,0.9914,0.9914,0.0037,0.0049,,False,False
374,No,0,Delete it!,Claim,Claim,0.9806,0.9806,0.0147,0.0047,,False,False
374,No,1,"The code gets activated, whenever you open your document.",Claim,Claim,0.9933,0.9933,0.0016,0.0052,,False,False
374,No,2,It seems like some kind of a virus indeed. It is a malicious.,Claim,Claim,0.9899,0.9899,0.0062,0.0039,,False,False
374,No,3,"If you wanna see what it does, replace the following line: with: and see the .",Claim,Claim,0.8264,0.8264,0.0021,0.1715,,False,False
374,No,4,"Or better delete it , there could be some other code somewhere else, which is calling some command as well.",Claim,Claim,0.9896,0.9896,0.0013,0.009,,False,False
374,No,5,And then you would most probably need to reinstall your PC.,Claim,Claim,0.9936,0.9936,0.0024,0.004,,False,False
375,No,0,"Not sure if your intent is for commercial use or not, But this works wonders if your performing OCR on a bunch of like images.",Claim,Claim,0.9765,0.9765,0.0013,0.0221,,False,True
375,No,1,http://www.fmwconcepts.com/imagemagick/textcleaner/index.php ORIGINAL After Pre-Processing with given arguments.,Evidence,Evidence,0.9401,0.0584,0.0016,0.9401,0,False,False
376,No,0,The window functions should to the trick .,Claim,Claim,0.9325,0.9325,0.0025,0.065,,False,False
376,No,1,Use if you want to see ties. I should add...,Claim,Claim,0.947,0.947,0.0017,0.0513,,False,False
376,No,2,The window functions can be invaluable.,Claim,Claim,0.8865,0.8865,0.0014,0.1121,,False,False
376,No,3,They are well worth your time experimenting with them.,Claim,Claim,0.8779,0.8779,0.0025,0.1196,,False,False
377,No,0,"I do not have enough reputation points to comment yet, so i answer then instead. According the Sympy doc's.",Evidence,Evidence,0.9384,0.0601,0.0015,0.9384,1,False,False
377,No,1,Sympy.printing.mathml's function is expecting a expression. But in string format?,Claim,Claim,0.8731,0.8731,0.0025,0.1244,,False,True
377,No,2,http://docs.sympy.org/dev/modules/printing.html#sympy.printing.mathml.mathml Code part: - Which error did you get?,Evidence,Evidence,0.9097,0.0892,0.0011,0.9097,1,False,False
377,No,3,Did you got this: I guess it's something wrong with the library.,Claim,Claim,0.9873,0.9873,0.0016,0.0111,,False,True
377,No,4,You could take a look here http://docs.sympy.org/dev/_modules/sympy/printing/mathml.html to see the file.,Evidence,Evidence,0.9818,0.0173,0.0009,0.9818,3,False,False
378,No,0,This will happen if the psql user does not have schema level privileges .,Claim,Claim,0.988,0.988,0.0012,0.0107,,False,False
378,No,1,This error message can be misleading.,Claim,Claim,0.9912,0.9912,0.0052,0.0037,,False,False
378,No,2,"To solve this issue, try connecting using psql with an admin user and run: 1.",Claim,Claim,0.9747,0.9747,0.0014,0.0239,,False,False
379,No,0,"For the most part, no; sqlite3 writes everything to ""disk"" (and calls fflush/fsync/etc as appropriate) before returning.",Claim,Claim,0.8972,0.8972,0.0016,0.1012,,False,False
379,No,1,"There's one big exception: If there's an uncommitted transaction when you close the database, it'll be rolled back the next time you open it.",Claim,Claim,0.9921,0.9921,0.0015,0.0064,,False,False
379,No,2,"Exactly what happens depends on PRAGMA journal_mode : if it's ""memory"" or ""off"", the database is likely to be corrupt if your app crashes during a write.",Claim,Claim,0.9864,0.9864,0.0008,0.0128,,False,False
379,No,3,"I think PRAGMA locking_mode only affects what happens when locks are released, not transactional integrity.",Claim,Claim,0.993,0.993,0.0057,0.0013,,False,False
379,No,4,Note that -applicationWillTerminate: is not sufficient anyway!,Claim,Claim,0.9748,0.9748,0.0019,0.0233,,False,False
379,No,5,"If you haven't set UIApplicationExitsOnSuspend, the default behaviour on iOS 4 and a new-enough device (i.e.",Claim,Claim,0.9561,0.9561,0.0015,0.0425,,False,False
379,No,6,newer than iPhone 3G/iPod 2g) is to send -applicationWillEnterBackground: and then suspend your app (apparently with SIGSTOP).,Claim,Claim,0.8905,0.8905,0.0014,0.1081,,False,False
379,No,7,"If the OS later decides that your app needs to exit, it sends SIGKILL without giving your app any more CPU time.",Claim,Claim,0.9931,0.9931,0.0013,0.0056,,False,False
379,No,8,You need to save state in both and ; the main difference is that you can start a background task in the latter.,Claim,Claim,0.9673,0.9673,0.0013,0.0314,,False,False
379,No,9,"(The other difference is that you might do some ""cleanup"" in -applicationWillTerminate: that shouldn't happen when you're just moved to the background, even though freeing memory when your app is about to exit is largely a waste of CPU time.)",Claim,Claim,0.9901,0.9901,0.0014,0.0085,,False,False
380,No,0,"There are several issues: If youâre trying to manage dependencies between operations, you cannot use the operationâs for the code that the dependencies rely upon.",Claim,Claim,0.7382,0.7382,0.0017,0.2601,,False,False
380,No,1,The completion block isn't called until after the operation is complete (and thus defeating the purpose of any dependencies).,Claim,Claim,0.9917,0.9917,0.0025,0.0057,,False,False
380,No,2,"So the following will not work as intended: But if you define the operations like so, it will work: (But this only works because I redefined operations that were synchronous. See point 3 below.)",Claim,Claim,0.8164,0.8164,0.0031,0.1804,,False,False
380,No,3,Itâs worth noting generally you never use directly.,Claim,Claim,0.9928,0.9928,0.0022,0.0051,,False,False
380,No,4,As the docs say : An abstract class that represents the code and data associated with a single task.,Claim,Claim,0.9916,0.9916,0.0016,0.0068,,False,False
380,No,5,"... Because the class is an abstract class, you do not use it directly but instead subclass or use one of the system-defined subclasses ( or ) to perform the actual task.",Claim,Claim,0.9921,0.9921,0.0048,0.0031,,False,False
380,No,6,"Hence the use of , above, or subclassing it as shown below in point 3.",Claim,Claim,0.986,0.986,0.002,0.012,,False,False
380,No,7,One should not use priorities to manage the order that operations execute if the order must be strictly honored.,Claim,Claim,0.9953,0.9953,0.0031,0.0016,,False,False
380,No,8,As the docs say (emphasis added): This value is used to influence the order in which operations are dequeued and executed... You should use priority values only as needed to classify the relative priority of non-dependent operations.,Claim,Claim,0.7694,0.7694,0.0015,0.2291,,False,False
380,No,9,Priority values should not be used to implement dependency management among different operation objects.,Claim,Claim,0.9912,0.9912,0.0013,0.0076,,False,False
380,No,10,"If you need to establish dependencies between operations, use the method instead.",Claim,Claim,0.9928,0.9928,0.0014,0.0058,,False,False
380,No,11,"So, if you queue 100 high priority operations and 100 default priority operations, you are not guaranteed that all of the high priority ones will start before the lower priority ones start running.",Claim,Claim,0.9834,0.9834,0.001,0.0157,,False,False
380,No,12,"It will tend to prioritize them, but not strictly so.",Claim,Claim,0.9933,0.9933,0.0017,0.005,,False,False
380,No,13,"The first point is moot, as you are calling asynchronous methods.",Claim,Claim,0.9945,0.9945,0.003,0.0026,,False,False
380,No,14,So you canât use simple or .,Claim,Claim,0.9886,0.9886,0.0037,0.0077,,False,True
380,No,15,"If you donât want a subsequent network request to start until the prior one finishes, youâll want to wrap these network request in custom asynchronous subclass with all of the special KVO that entails: Then you can do: And because thatâs using subclass (shown below), the operations wonât complete until the asynchronous request is done.",Evidence,Evidence,0.515,0.4832,0.0017,0.515,14,False,False
380,No,16,"As very minor observation, your code specified GET request with JSON parameters. That doesnât make sense.",Claim,Claim,0.8245,0.8245,0.003,0.1725,,False,False
380,No,17,GET requests have no body in which JSON could be included.,Claim,Claim,0.9945,0.9945,0.0019,0.0035,,False,False
380,No,18,GET requests only use URL encoding.,Claim,Claim,0.9941,0.9941,0.0015,0.0044,,False,False
380,No,19,Besides youâre not passing any parameters.,Claim,Claim,0.9889,0.9889,0.002,0.0091,,False,False
381,No,0,"In my case, I needed to tweak Chance Smith 's answer a bit as suggested by RTF in the comment of the accepted answer to get it working.",Evidence,Evidence,0.848,0.1506,0.0014,0.848,1,False,False
381,No,1,The modification was changing '>' into '-' .,Claim,Claim,0.9112,0.9112,0.0013,0.0875,,False,True
381,No,2,I'm pasting the working code here in case anyone needed.,Claim,Claim,0.9643,0.9643,0.0017,0.0341,,False,False
382,No,0,"You read out a line from the file, but only forward to the next line when the dice is not 1.",Claim,Claim,0.9863,0.9863,0.0013,0.0123,,False,False
382,No,1,"Consider to use the for that, which offers an interface that is better for your scenario I'd say:",Claim,Claim,0.9898,0.9898,0.0018,0.0083,,False,False
383,No,0,Just want to point out that there are more problems with 32-bit SharePoint than the fact that you canât use all your memory.,Claim,Claim,0.9207,0.9207,0.0044,0.0748,,False,True
383,No,1,Read this blog post for more info.,Evidence,Evidence,0.7095,0.2864,0.0041,0.7095,0,False,False
383,No,2,"I guess you are talking about SharePoint 2007, but 2010 is around the corner and its 64-bit only (probably due to the problems described in that blog post).",Claim,Claim,0.764,0.764,0.0031,0.2328,,False,False
383,No,3,So I'd recommend you to do it properly and set up an x64 environment from the beginning.,Claim,Claim,0.9873,0.9873,0.0012,0.0115,,False,False
384,No,0,You can install the 'react-intersection-observer' module from the npm to do the trick. Read more from here.,Evidence,Evidence,0.8341,0.1643,0.0015,0.8341,1,False,False
384,No,1,They have the 'inView' hook that could solve your problem. First import the hook.,Claim,Claim,0.9898,0.9898,0.0014,0.0088,,False,True
384,No,2,"here, we can ref our element by and the inView returns true when it is visible on the viewport and false when it is not.",Claim,Claim,0.5169,0.5169,0.0016,0.4815,,False,False
385,No,0,Serverless VPC Access currently supports the following regions via API and CLI: us-central1 us-east1 europe-west1 You can try it with the following command:,Evidence,Evidence,0.7164,0.2817,0.0019,0.7164,,True,False
386,No,0,My first choice would be a dedicated heap tool such as pageheap.exe .,Evidence,Evidence,0.9859,0.0126,0.0015,0.9859,1,False,False
386,No,1,"Rewriting new and delete might be useful, but that doesn't catch the allocs committed by lower-level code.",Claim,Claim,0.9829,0.9829,0.0013,0.0158,,False,True
386,No,2,"If this is what you want, better to Detour the s using Microsoft Detours.",Claim,Claim,0.9925,0.9925,0.0012,0.0064,,False,True
386,No,3,"Also sanity checks such as: verify your run-time libraries match (release vs. debug, multi-threaded vs. single-threaded, dll vs. static lib), look for bad deletes (eg, delete where delete [] should have been used), make sure you're not mixing and matching your allocs.",Evidence,Evidence,0.9889,0.01,0.0011,0.9889,2,False,False
386,No,4,Also try selectively turning off threads and see when/if the problem goes away.,Claim,Claim,0.9927,0.9927,0.0013,0.0059,,False,False
386,No,5,What does the call stack etc look like at the time of the first exception?,Claim,Claim,0.9862,0.9862,0.0018,0.012,,False,False
387,No,0,"So, here's what I came up with.",Claim,Claim,0.9436,0.9436,0.0077,0.0487,,False,True
387,No,1,A couple of notable points...,Evidence,Evidence,0.5634,0.4322,0.0043,0.5634,0,False,False
387,No,2,The dependency is the ASP.NET Core DI container.,Claim,Claim,0.9265,0.9265,0.0013,0.0722,,False,False
387,No,3,"This may be unclear at first, because, throughout , you're registering types using the other interface, .",Claim,Claim,0.9815,0.9815,0.0017,0.0168,,False,False
387,No,4,"In order to resolve scoped services, you need to create and manage a scope's lifecycle around creating and using the consumer.",Claim,Claim,0.9889,0.9889,0.0009,0.0102,,False,False
387,No,5,And I'm using the extension method because I really want a nasty exception here and not a null reference that might leak for a while before we notice it (in the form of a null reference exception).,Claim,Claim,0.9931,0.9931,0.0052,0.0017,,False,False
387,No,6,"If you only used the directly, as in , you'd see an error like this when attempting to resolve a scoped consumer or a scoped dependency for a consumer.",Claim,Claim,0.901,0.901,0.001,0.0981,,False,True
387,No,7,Exception thrown: 'System.InvalidOperationException' in Microsoft.Extensions.DependencyInjection.dll: 'Cannot resolve scoped service 'Example.Messages.ConsumeTextMessage' from root provider.',Evidence,Evidence,0.8554,0.1434,0.0012,0.8554,6,False,False
387,No,8,"In order to resolve scoped services and maintain their lifecycle properly for async consumers, you need to get the async/await keywords in the right place.",Claim,Claim,0.9864,0.9864,0.0007,0.0128,,False,False
387,No,9,"You should await the call, which requires that the method be async.",Claim,Claim,0.9947,0.9947,0.0023,0.0031,,False,False
387,No,10,Use breakpoints on the await line and in your consumer and step line-by-line to get a better handle on this!,Claim,Claim,0.9823,0.9823,0.0014,0.0164,,False,False
387,No,11,"OK, now that we have the dispatcher, we just need to set everything up properly in Startup.",Claim,Claim,0.9654,0.9654,0.0028,0.0318,,False,False
387,No,12,We need to resolve the dispatcher from the provider so that the provider can provide itself properly.,Claim,Claim,0.9833,0.9833,0.0018,0.0149,,False,False
387,No,13,This is just one way of doing this. Startup.cs,Claim,Claim,0.9928,0.9928,0.0018,0.0054,,False,False
388,No,0,"You can use and and setting in order to create names dynamically, as in: you can change to name the rows/cols as you want to.",Claim,Claim,0.89,0.89,0.0011,0.1088,,False,False
389,No,0,"Rather than redefining as a , you could instead redefine it as a custom / type that has all of its constructors and assignment operators 'd, eg: Demo",Evidence,Evidence,0.9532,0.0453,0.0015,0.9532,,True,False
390,No,0,"Please follow below steps on terminal Create bash profile (will be created under home folder and will be hidden file) Edit bash profile in editor and put next 2 commands in file, save file.",Claim,Claim,0.9541,0.9541,0.0012,0.0447,,False,False
390,No,1,Then check Maven version If needed please see detailed steps on my blog on How to install Maven on MAC OS?,Claim,Claim,0.9527,0.9527,0.0012,0.0461,,False,False
391,No,0,"It depends.... if the return type of is , the 3rd one is ok.",Claim,Claim,0.9672,0.9672,0.0013,0.0315,,False,False
391,No,1,"But if it was (Big B), I would do: to avoid the NPE during autoboxing.",Claim,Claim,0.9945,0.9945,0.0018,0.0036,,False,False
392,No,0,"I do not believe this is a bug, in fact, this is how the language was designed to work: From Apple's Stuff ( https://developer.apple.com/library/prerelease/ios/documentation/Swift/Conceptual/Swift_Programming_Language/Methods.html#//apple_ref/doc/uid/TP40014097-CH15-XID_300 ): This incrementBy method has two parametersâamount and numberOfTimes.",Evidence,Evidence,0.9831,0.016,0.0009,0.9831,1,False,False
392,No,1,"By default, Swift treats amount as a local name only, but treats numberOfTimes as both a local and an external name.",Claim,Claim,0.8371,0.8371,0.0013,0.1616,,False,True
392,No,2,"You call the method as follows: You donât need to define an external parameter name for the first argument value, because its purpose is clear from the function name incrementBy.",Claim,Claim,0.9229,0.9229,0.0018,0.0754,,False,False
392,No,3,"The second argument, however, is qualified by an external parameter name to make its purpose clear when the method is called.",Claim,Claim,0.9937,0.9937,0.002,0.0044,,False,False
392,No,4,"This default behavior effectively treats the method as if you had written a hash symbol (#) before the numberOfTimes parameter Basically, for Methods inside a class, the first parameter defaults to an internal parameter name only.",Claim,Claim,0.9645,0.9645,0.0009,0.0346,,False,False
392,No,5,"All subsequent parameter names default to external names where the external name is the parameter name by default. Thus, the is redundant.",Claim,Claim,0.99,0.99,0.0044,0.0056,,False,False
392,No,6,"Is equivalent to For Methods , not for Functions .",Claim,Claim,0.9828,0.9828,0.0034,0.0137,,False,False
392,No,7,This is why you are getting a warning.,Claim,Claim,0.9943,0.9943,0.0028,0.0029,,False,False
393,No,0,You can use if you want to run them in parallel inside one file is too slow.,Claim,Claim,0.9788,0.9788,0.0017,0.0195,,False,False
393,No,1,"It is a bit buggy and not well documented, but at least there's a way there.",Claim,Claim,0.9856,0.9856,0.0076,0.0068,,False,False
393,No,2,One thing I notice is it does not wait for stuff in the so you need some of your own trick(like to wait) to make it work as expected.,Claim,Claim,0.9907,0.9907,0.0014,0.0079,,False,False
394,No,0,Other posters already pointed out that the mehods need to be protected in order to access them.,Claim,Claim,0.57,0.57,0.0023,0.4278,,False,False
394,No,1,I think you should change one more thing in your code.,Claim,Claim,0.9935,0.9935,0.0035,0.003,,False,False
394,No,2,Your base class relies on a method that is defined in a child class. That is bad programming.,Claim,Claim,0.9938,0.9938,0.0019,0.0042,,False,False
394,No,3,Change your code like this: creating an abstract function ensures that the child class will definitely have the function because all abstract functions of an abstract class must be implemented for inheriting from such a class,Claim,Claim,0.9947,0.9947,0.0026,0.0028,,False,False
395,No,0,"First of all, it looks to me like , , and never actually decrement .",Claim,Claim,0.9722,0.9722,0.0041,0.0236,,False,False
395,No,1,So they're using lots of memory because they're going into an infinite loop that does allocation.,Claim,Claim,0.919,0.919,0.0015,0.0795,,False,True
395,No,2,"After correcting that, I've run each of your tests again with the following results, where ""allocation"" refers to approximate peak memory use: : Stack overflow, after allocating very little memory : Success, allocating similar amounts to what you saw : Stack overflow, after allocating similar amounts of memory as .",Evidence,Evidence,0.6606,0.3381,0.0013,0.6606,1,False,False
395,No,3,": Success, similar allocation as the above : Same : Success, about 70% as much allocation as : Success, about 50% as much allocation as : Stack overflow, with little allocation : Success, about 50% as much allocation as : Success, about 50% as much allocation as : Stack overflow, with about 80% as much allocation as : Success, with almost no allocation So that's mostly what you expected, with the exception of why makes such a difference between vs. .",Evidence,Evidence,0.8966,0.102,0.0014,0.8966,1,False,False
396,No,0,"Unfortunately, it looks like this is a bug affecting IE10 (and also Nativescript on Android), that won't be fixed. Take a look: https://github.com/firebase/firebase-js-sdk/issues/125",Evidence,Evidence,0.9855,0.0134,0.0011,0.9855,,True,False
397,No,0,The error is often misunderstood.,Claim,Claim,0.9943,0.9943,0.004,0.0018,,False,False
397,No,1,It means that R is unable to allocate an additional chunk of 3.9Gb of memory space.,Claim,Claim,0.9798,0.9798,0.001,0.0192,,False,False
397,No,2,"If you were to look at the R process, it would have been using a very large amount of the available RAM before it issued the error you saw and you'd have realised that the error meant additional RAM.",Claim,Claim,0.9862,0.9862,0.001,0.0129,,False,False
397,No,3,You will have to expand upon this in another question to explain what it is you are trying to do as if you can't read data into R with 32Gb of RAM available you will probably need to look at incremental processing of that data.,Claim,Claim,0.9916,0.9916,0.0012,0.0072,,False,False
397,No,4,For that we need details of what you are trying to achieve.,Claim,Claim,0.9926,0.9926,0.0045,0.0029,,False,False
398,No,0,"You are talking about ""reverse engineering"" a network protocol.",Claim,Claim,0.9724,0.9724,0.0264,0.0012,,False,False
398,No,1,Full sniffing Get a market enabled emulator: How to install Android Market App on the emulator?,Claim,Claim,0.9859,0.9859,0.0011,0.0131,,False,True
398,No,2,"Get a network sniffer: tcpdump, wireshark, ... Start to sniff what's going over the wire http://www.thoughtcrime.org/software/sslstrip/ - an ssl stripping proxy Inject your ca: http://www.mcbsys.com/techblog/2010/12/android-certificates/ This should, in theory, enable you to sniff any https or plain text connection.",Evidence,Evidence,0.9784,0.0206,0.001,0.9784,1,False,False
398,No,3,Already available APIs I would not try to hijack the connection.,Claim,Claim,0.9951,0.9951,0.0025,0.0023,,False,False
398,No,4,"There is already a contacts API, it's called xmpp.",Claim,Claim,0.9612,0.9612,0.0011,0.0377,,False,False
398,No,5,You should be able to use the talk integration to pull your friend list.,Claim,Claim,0.984,0.984,0.0012,0.0148,,False,False
398,No,6,Future APIs You may also want to sign up for the upcoming API .,Claim,Claim,0.9927,0.9927,0.0013,0.006,,False,False
398,No,7,UPDATE It appears that the Android client uses (at least partially) XMPP.,Claim,Claim,0.8931,0.8931,0.0023,0.1046,,False,False
398,No,8,"The regular client requires an open XMPP connection and you can see a ""RealTimeChat"" in your logcat.",Claim,Claim,0.9825,0.9825,0.0009,0.0165,,False,False
398,No,9,"It looks like the connection is encrypted because you get a ""TLS required"" message (the client seems to go through the XMPP connection states).",Claim,Claim,0.9861,0.9861,0.0012,0.0127,,False,False
398,No,10,I'm not sure if that's used for client based posts or just for server push.,Claim,Claim,0.9618,0.9618,0.0012,0.037,,False,False
398,No,11,"You can see the open connections with the help of ""netstat"".",Claim,Claim,0.9343,0.9343,0.0013,0.0643,,False,False
398,No,12,The connection goes away when google plus terminates.,Claim,Claim,0.9916,0.9916,0.0024,0.006,,False,False
398,No,13,I'd thus expect the API to be really open once released (or rev.eng). UPDATE 2 (06. Jul.,Claim,Claim,0.9328,0.9328,0.0032,0.064,,False,False
398,No,14,"2011) Hangout is build on XMPP/MUC+JINGLE (muc == multiuser chat, jingle is roughly a SIP alternative on top of XMPP).",Claim,Claim,0.975,0.975,0.0071,0.0179,,False,False
398,No,15,"And yes, they'll release the the details of it :-) UPDATE 3 (06. Jul.",Claim,Claim,0.7944,0.7944,0.0024,0.2032,,False,True
398,No,16,2011) Multiple XMPP components for gtalk/gplus have been revealed by reading the JS code.,Evidence,Evidence,0.7383,0.2604,0.0013,0.7383,15,False,False
398,No,17,It also emphasizes that they have build a great deal of features on XMPP.,Claim,Claim,0.7898,0.7898,0.0017,0.2086,,False,False
399,No,0,I had a working and for my Java class.,Evidence,Evidence,0.8865,0.1118,0.0017,0.8865,1,False,False
399,No,1,I decided to place these into their own packages rather than running as a default package.,Claim,Claim,0.9901,0.9901,0.002,0.0079,,False,True
399,No,2,"After I placed them in their own Packages the error started happening on connection,.",Claim,Claim,0.9599,0.9599,0.0011,0.039,,False,False
399,No,3,I put the programs back into the default package and it all started working again.,Claim,Claim,0.9707,0.9707,0.0018,0.0274,,False,False
399,No,4,"I realize that there is probably a technical reason for this, but this worked for me!",Claim,Claim,0.988,0.988,0.0037,0.0083,,False,False
400,No,0,"Inlined with @ halfer comment, You need to perform simple export and import.",Claim,Claim,0.9352,0.9352,0.0012,0.0636,,False,False
400,No,1,Please perform the following steps.,Claim,Claim,0.991,0.991,0.0058,0.0032,,False,False
400,No,2,Start the container Update and install the jdk Validate that java is up and accessible Export the image to tar from another command line.,Claim,Claim,0.7134,0.7134,0.0019,0.2847,,False,True
400,No,3,"First, do a docker ps and note down the container id of the container in which you have installed java, lets say it is 4719ab149ee2.",Evidence,Evidence,0.9808,0.018,0.0012,0.9808,2,False,False
400,No,4,Export the container into a tar using the command. Stop the container.,Claim,Claim,0.9561,0.9561,0.0013,0.0425,,False,False
400,No,5,Remove the ubuntu image from your local registry by executing the following commands.,Claim,Claim,0.9867,0.9867,0.0016,0.0117,,False,False
400,No,6,Now import the image from the tar file using the command.,Claim,Claim,0.9786,0.9786,0.0019,0.0195,,False,False
400,No,7,Now check that image has been imported into your local registry by executing the command.,Claim,Claim,0.9894,0.9894,0.0011,0.0095,,False,False
400,No,8,Now create a container from this image using the command.,Claim,Claim,0.7182,0.7182,0.0036,0.2782,,False,False
400,No,9,Now check that java is present by using the command.,Claim,Claim,0.9486,0.9486,0.0024,0.0489,,False,False
400,No,10,"Note: Step 5,6,7,8,9 are validation steps.",Claim,Claim,0.9158,0.9158,0.0018,0.0824,,False,False
401,No,0,You could append a GET parameter to the URL you are loading and then within that file you can insert your variable in the appropriate place.,Claim,Claim,0.9773,0.9773,0.0011,0.0216,,False,False
401,No,1,"There are no redirections, or naviagations to other pages, the variable will be passed as part of the request for the content.",Claim,Claim,0.9812,0.9812,0.0012,0.0177,,False,False
401,No,2,Your PHP file will then have access to the variable via the 'superglobal' variable :,Claim,Claim,0.9823,0.9823,0.0014,0.0163,,False,False
402,No,0,I had trouble with the array correction in the answer of Alexander Vasiliev.,Evidence,Evidence,0.5692,0.4231,0.0076,0.5692,,True,False
402,No,1,"I can't comment his answer (don't own enough reputations points ;-) ), so I had to add a new answer... (where I had a popup as best practice not to answer on other answers and only on the original question - bof)",Evidence,Evidence,0.9081,0.0904,0.0016,0.9081,,True,False
403,No,0,The UUID that appears in the URL is a random token that the server uses to track which message is locked; it is not supposed to the be same as the message id.,Claim,Claim,0.9864,0.9864,0.0009,0.0127,,False,False
403,No,1,You can access the lock URL using .,Claim,Claim,0.9954,0.9954,0.0018,0.0028,,False,False
403,No,2,"The code you have looks correct, I cannot see any obvious reason why it would fail, especially in the say you describe.",Claim,Claim,0.9838,0.9838,0.0015,0.0147,,False,False
403,No,3,Some things to check: Check that the message you get is a valid message.,Claim,Claim,0.9944,0.9944,0.0025,0.0031,,False,False
403,No,4,"If you peek-lock an empty queue, it will return an empty message.",Claim,Claim,0.9929,0.9929,0.0013,0.0059,,False,False
403,No,5,Then the lock location should be .,Claim,Claim,0.9879,0.9879,0.0014,0.0107,,False,False
403,No,6,(But that would not cause the failure you see.),Claim,Claim,0.9915,0.9915,0.0047,0.0038,,False,False
403,No,7,You could get the error if you are trying to delete the same message more than once.,Claim,Claim,0.9947,0.9947,0.0021,0.0032,,False,False
403,No,8,"That could happen if you have code that notices when the service returns an empty message, and substitutes the previous message.",Claim,Claim,0.9935,0.9935,0.0016,0.0049,,False,False
403,No,9,"(But that would not explain why trying to delete the message eventually works, unless it is a different message that is getting deleted.) Hopefully that will help!",Claim,Claim,0.9935,0.9935,0.0036,0.0029,,False,False
404,No,0,If you ever feel the need to use C-style casting (like in ) you should take that as a sign you're doing something wrong.,Claim,Claim,0.9932,0.9932,0.0016,0.0052,,False,False
404,No,1,Like you do here: is a narrow character (i.e. ),Claim,Claim,0.9897,0.9897,0.0048,0.0054,,False,False
404,No,2,"string, while you use the wide characer ( ) functions.",Claim,Claim,0.9478,0.9478,0.0015,0.0507,,False,False
404,No,3,That means the names won't be what you expect.,Claim,Claim,0.9925,0.9925,0.0052,0.0023,,False,False
404,No,4,"If you continue using you must use the ""ANSI"" functions (e.g. ).",Claim,Claim,0.9129,0.9129,0.0013,0.0858,,False,False
404,No,5,Otherwise switch to which uses wide characters.,Claim,Claim,0.9902,0.9902,0.002,0.0078,,False,False
405,No,0,I have modified your fiddle here : http://jsfiddle.net/3wCHu/5/ As jquery documentation says that it not possible to connect to a sortable list when using .,Evidence,Evidence,0.966,0.0332,0.0009,0.966,1,False,False
405,No,1,We can have a workaround.,Claim,Claim,0.9948,0.9948,0.0026,0.0025,,False,True
405,No,2,"First thing you can put helper code in your #itemlist as - Secondly, in your #dropTarget code add an option as - Here ui.item refers to the item that is dragged.",Claim,Claim,0.909,0.909,0.001,0.09,,False,False
406,No,0,Assuming there must be either one or two 'words' (i.e.,Claim,Claim,0.988,0.988,0.0069,0.0051,,False,False
406,No,1,sequences of non-space characters) Change to if you want to allow only letters.,Claim,Claim,0.9906,0.9906,0.0017,0.0076,,False,False
407,No,0,"If I visit the url directly from the browser, it's fine That means your browser encode ""ä¼å¢"" (like %E4%BC%8A%E5%8B%A2) and send request in background.",Evidence,Evidence,0.8745,0.1243,0.0012,0.8745,1,False,False
407,No,1,But still keep the look in your browser address box.,Claim,Claim,0.9944,0.9944,0.0019,0.0037,,False,True
407,No,2,"My suggestion is use http debugger, like ""firebug"" in firefox or ""developer tools"" in chrome.",Evidence,Evidence,0.884,0.1148,0.0012,0.884,1,False,False
407,No,3,"Check the ""network"" tab and find the REAL request parameters in its detail page.",Claim,Claim,0.794,0.794,0.0011,0.2048,,False,False
407,No,4,Then you can find what your browser sent. Hope this helpful.,Claim,Claim,0.9905,0.9905,0.0016,0.0079,,False,False
408,No,0,"As everyone else has said, this simply isn't possible.",Claim,Claim,0.9798,0.9798,0.0176,0.0026,,False,True
408,No,1,"If it's cleaning up resources you're after, then you might consider using a pattern such as: And then using it like so: A better solution might be to implement the or interfaces depending on your circumstance: In which case you can use a try-with-resources statement: Or you could even combine the two and do it that way, whichever you prefer.",Evidence,Evidence,0.807,0.191,0.002,0.807,0,False,False
408,No,2,"Or lastly you could do it the way William Morrison explained (though I'd probably cheat and just use instead of making my own class, and it comes with the added benefit of being a generified type), which, depending on your circumstance, may really be unnecessary.",Claim,Claim,0.9911,0.9911,0.0042,0.0047,,False,False
408,No,3,"After all, you could always just do (even though it might seem a little odd):",Claim,Claim,0.9596,0.9596,0.0371,0.0032,,False,False
409,No,0,Try getting nano seconds or seconds and converting to milliseconds (depending on what precision you're dealing with).,Claim,Claim,0.9895,0.9895,0.0012,0.0093,,False,False
410,No,0,You have to keep in mind that Cordova apps run in a webview in the main (GUI) thread of your app.,Claim,Claim,0.9917,0.9917,0.0011,0.0072,,False,False
410,No,1,"In practical terms, your app will run minimized only until the OS decides it wants to halt it for whatever reason (typically to preserve RAM and/or battery).",Claim,Claim,0.9694,0.9694,0.001,0.0295,,False,False
410,No,2,"For Android applications, you can create your own Cordova plugin that implements a background service.",Claim,Claim,0.9913,0.9913,0.0012,0.0075,,False,False
410,No,3,"Instead of doing this from scratch, you can use Red-Folder/bgs-core as a starting point.",Claim,Claim,0.9867,0.9867,0.001,0.0123,,False,False
410,No,4,You'll have to write the logic of your bg service using java and the Android SDK.,Claim,Claim,0.9883,0.9883,0.001,0.0106,,False,False
410,No,5,For iOS applications it's trickier.,Claim,Claim,0.991,0.991,0.0014,0.0076,,False,True
410,No,6,"Apple only allows background code for a number of use cases: Audio playback, GPS tracking, others.",Evidence,Evidence,0.7843,0.2147,0.001,0.7843,5,False,False
410,No,7,The cordova-plugin-background-mode fakes background Audio playback to keep the app alive but it won't be accepted to the app store.,Claim,Claim,0.5991,0.5991,0.0019,0.399,,False,True
410,No,8,"My (very superficial) testing on iOS showed that when using the cordova-plugin-background-mode and actually playing background audio, my Javascript callbacks inside my app would be called erratically (called late and sometimes not called at all).",Evidence,Evidence,0.7618,0.2365,0.0016,0.7618,7,False,False
410,No,9,"For my use case, I ended up implementing an Android service as mentioned and an iOS plugin that uses Apple's AVQueuePlayer to play background audio and video while the app is minimized.",Evidence,Evidence,0.6795,0.319,0.0015,0.6795,7,False,False
411,No,0,"Disclaimer: I really don't like PHP, Python is nice, but doesn't come close to Smalltalk in my book.",Claim,Claim,0.8565,0.8565,0.032,0.1115,,False,False
411,No,1,But I am a biased Smalltalker.,Claim,Claim,0.9811,0.9811,0.0154,0.0034,,False,False
411,No,2,Some answers about Seaside/Squeak: Q: Which I guess runs on a squeak app server?,Claim,Claim,0.9591,0.9591,0.0033,0.0376,,False,True
411,No,3,"Seaside runs in several different Smalltalks (VW, Gemstone, Squeak etc).",Evidence,Evidence,0.9759,0.0233,0.0009,0.9759,2,False,False
411,No,4,"The term ""app server"" is not really used in Smalltalk country.",Claim,Claim,0.9843,0.9843,0.008,0.0077,,False,False
411,No,5,":) Q: From what I've heard it would permit good compartmentalization of users as each would have their own little private VM independent of all the systems other users which sounds wonderful from a security, scaling and redundancy standpoint.",Claim,Claim,0.9212,0.9212,0.0065,0.0723,,False,False
411,No,6,"Yes, each user has its own WASession and all UI components the user sees are instances living on the server side in that session.",Claim,Claim,0.8179,0.8179,0.0013,0.1808,,False,False
411,No,7,"So sharing of state between sessions is something you must do explicitly, typically through a db.",Claim,Claim,0.9953,0.9953,0.0018,0.0028,,False,False
411,No,8,Q: I've not done any Smalltalk since Uni 15 years back and I never dug too deep into it then.,Claim,Claim,0.7775,0.7775,0.0053,0.2172,,False,False
411,No,9,I don't see much entry level help for seaside or that many projects using it.,Claim,Claim,0.9424,0.9424,0.0049,0.0526,,False,False
411,No,10,Smalltalk is easy to get going with and there is a whole free online book on Seaside.,Claim,Claim,0.9603,0.9603,0.0038,0.0359,,False,False
411,No,11,Q: I suspect setting a server up to run it is hard for the same reason i.e.,Claim,Claim,0.9896,0.9896,0.0038,0.0066,,False,False
411,No,12,"not because it's inherently hard but just cause there will be less help online and a presumption you are already rather au fait with Sqeak/Smalltalk. No, not hard.",Claim,Claim,0.9917,0.9917,0.0063,0.002,,False,False
411,No,13,":) In fact, quite trivial.",Claim,Claim,0.9869,0.9869,0.0052,0.0079,,False,True
411,No,14,"Tons of help - Seaside ml, IRC on freenode, etc.",Evidence,Evidence,0.6692,0.3285,0.0023,0.6692,13,False,False
411,No,15,Q: Is Seaside as good as I think in terms of insulating users from each other? I would say so.,Claim,Claim,0.9692,0.9692,0.0196,0.0112,,False,False
411,No,16,"Q: Might I be better off, security wise, sticking to the languages I'm most familiar with so I don't make any n00b mistakes or will Seaside be worth worth scaling the learning curve and prove more secure, comprehensible and maintainable in the long run?",Claim,Claim,0.9752,0.9752,0.0197,0.0051,,False,False
411,No,17,The killer argument in favor of Seaside IMHO is the true component model.,Claim,Argument,0.9975,0.0016,0.9975,0.0009,,False,False
411,No,18,"It really, really makes it wonderful for complex UIs and maintenance.",Claim,Claim,0.9943,0.9943,0.0014,0.0044,,False,False
411,No,19,"If you are afraid of learning ""something different"" (but then you wouldn't even consider it in the first place I guess) then I would warn you.",Claim,Claim,0.9869,0.9869,0.0107,0.0024,,False,False
411,No,20,But if you are not afraid then you will probably love it.,Claim,Claim,0.9924,0.9924,0.0059,0.0016,,False,True
411,No,21,"Also - Squeak (or VW) is a truly awesome development environment - debugging live Seaside sessions, changing code in the debugger and resuming etc etc. It rocks.",Evidence,Evidence,0.539,0.4598,0.0012,0.539,20,False,False
412,No,0,You don't need to use anything but plain React and ES6 to achieve what you want.,Claim,Claim,0.9928,0.9928,0.002,0.0052,,False,False
412,No,1,"As per Jim's answer, just define the constant in the right place.",Claim,Claim,0.9817,0.9817,0.0019,0.0164,,False,False
412,No,2,I like the idea of keeping the constant local to the component if not needed externally.,Claim,Claim,0.9902,0.9902,0.0013,0.0085,,False,True
412,No,3,The below is an example of possible usage.,Evidence,Evidence,0.896,0.1008,0.0033,0.896,2,False,False
413,No,0,As you told you have 64 bit system then copy this path C:\Program Files\Java\jdk1.8.0_31 Step 1 :- Create JAVA_HOME variable by clicking new and past ( C:\Program Files\Java\jdk1.8.0_31) this path.,Evidence,Evidence,0.9126,0.0864,0.001,0.9126,2,False,False
413,No,1,"Step 2 Then click path variable and edit then past it your path after add semicolon (;) C:\Program Files\Java\jdk1.8.0_31 I am using windows 10 so this windows look like this Note :- If above dialog not open then , select path variable and click on Editâ¦.",Evidence,Evidence,0.9493,0.0498,0.0009,0.9493,2,False,False
413,No,2,"Locate the end of the current variable value append the path of jdk, using a semicolon And click ok",Claim,Claim,0.9026,0.9026,0.0011,0.0963,,False,True
414,No,0,"If you subtract one from another, you get a - not a ""difference in HH:mm"".",Claim,Claim,0.9815,0.9815,0.0022,0.0164,,False,False
414,No,1,"That may be how it's displayed, but it's not the underlying data.",Claim,Claim,0.992,0.992,0.0011,0.0069,,False,True
414,No,2,"If you take the property, that will give you a value which would be what you want (3.5 for 3 hours and 30 minutes, for example).",Evidence,Evidence,0.8234,0.1748,0.0018,0.8234,1,False,False
415,No,0,"Ref: http://doc.qt.io/qt-5/qscreen.html#grabWindow You say you require a screenshot of a window, therefore is not the appropriate call here, since it captures the entire screen, cropped according to the final 4 parameters.",Evidence,Evidence,0.9693,0.0297,0.001,0.9693,1,False,False
415,No,1,(the 100 parameters are width and height). captures the widget window.,Claim,Claim,0.6344,0.6344,0.0013,0.3643,,False,True
415,No,2,"However, the reason you don't perhaps get what you expected on this call is that you don't create a solid widget and/or the widget hasn't been shown.",Claim,Claim,0.9921,0.9921,0.0013,0.0066,,False,True
415,No,3,"Try the following example, making sure the app is on your primary display before clicking the button.",Evidence,Evidence,0.7007,0.2975,0.0018,0.7007,2,False,False
415,No,4,I've tested this on Windows.,Evidence,Evidence,0.887,0.1111,0.0019,0.887,2,False,False
416,No,0,"I think these text in the book must be a typo ,I think the right content is below,I fix it: =================================================================== Question: What is the running time of this code?",Evidence,Evidence,0.9071,0.0912,0.0018,0.9071,1,False,False
416,No,1,"Answer: O(n 2 ), where n is the number of letters in sentence.",Claim,Claim,0.971,0.971,0.0031,0.0259,,False,True
416,No,2,"Hereâs why: each time you append a string to sentence, you create a copy of sentence and run through all the letters in sentence to copy them over.",Evidence,Evidence,0.5028,0.4951,0.0021,0.5028,1,False,False
416,No,3,"If you have to iterate through up to n characters each time in the loop, and youâre looping at least n times, that gives you an O(n 2 ) run time. Ouch!",Claim,Claim,0.9751,0.9751,0.0014,0.0235,,False,False
416,No,4,With StringBuffer (or StringBuilder) can help you avoid this problem. ===================================================================== Am i right?,Claim,Claim,0.9721,0.9721,0.0011,0.0268,,False,False
417,No,0,I used delegate on the body because I don't know if you have your code in other containers that you can target.,Claim,Claim,0.969,0.969,0.001,0.03,,False,True
417,No,1,Here is a fiddle that targets a specific with delegate: http://jsfiddle.net/MpqAy/,Evidence,Evidence,0.9799,0.0191,0.0009,0.9799,0,False,False
418,No,0,Given the lines in it seems that is in seconds.,Claim,Claim,0.9584,0.9584,0.0038,0.0378,,False,False
418,No,1,The official documentation of Spark in Spark Properties says: Properties that specify some time duration should be configured with a unit of time.,Claim,Claim,0.8979,0.8979,0.0012,0.1009,,False,False
418,No,2,Properties that specify a byte size should be configured with a unit of size.,Claim,Claim,0.9941,0.9941,0.0011,0.0048,,False,False
418,No,3,"Hard to find, but hopefully it becomes easier with your question and my answer.",Claim,Claim,0.9946,0.9946,0.0021,0.0033,,False,False
419,No,0,With you create a new Buffer everytime and it gets always reset in the first line.,Claim,Claim,0.9796,0.9796,0.0011,0.0192,,False,False
419,No,1,Replace with and the reader when done.,Claim,Claim,0.9904,0.9904,0.0079,0.0018,,False,False
420,No,0,You can access the parent of a given with the same way you would be using . Here's the doc: https://angular.io/api/forms/AbstractControl#parent,Evidence,Evidence,0.9701,0.0289,0.001,0.9701,,True,False
421,No,0,"Since the OSI model has 7 layers: Physical Link Network Transport Session Presentation Application and you want to emulate it in a Java (or possibly C) environment, then you're going to need to do a moderate amount of work.",Claim,Claim,0.9922,0.9922,0.0014,0.0064,,False,False
421,No,1,"For the purposes of your simulation, you'd probably treat the normal TCP/IP sockets layer as the physical layer - in your simulation, it achieves connectivity between endpoints.",Claim,Claim,0.953,0.953,0.0011,0.0459,,False,False
421,No,2,"It is a remarkably reliable physical layer, but you can't have everything.",Claim,Claim,0.9951,0.9951,0.0015,0.0034,,False,False
421,No,3,"You can then simulate each of the successive layers - Link, Network, Transport, Session, Presentation, Application - layers with appropriate code that puts data into packets, or splits up packets, and adds headers and check sums and so on.",Claim,Claim,0.6706,0.6706,0.0016,0.3278,,False,False
421,No,4,Each layer except the application has two interfaces: the downward interface (to the lower-numbered layer) and the upward interface (to the higher-numbered layer).,Claim,Claim,0.7788,0.7788,0.0015,0.2197,,False,False
421,No,5,You'll need to decide on appropriate operations for each layer.,Claim,Claim,0.9923,0.9923,0.001,0.0066,,False,False
421,No,6,"A minimal set is likely to be: open, close, read, write.",Claim,Claim,0.9944,0.9944,0.0023,0.0033,,False,False
421,No,7,I'd start simple - with either the bottom or the top (either direction could work).,Claim,Claim,0.983,0.983,0.0017,0.0154,,False,False
421,No,8,"Since you'll need an application anyway (test code if nothing else), you might start there.",Claim,Claim,0.9946,0.9946,0.0028,0.0026,,False,False
421,No,9,"You'll successively refine the code adding extra layers, ensuring the previous functionality continues to work.",Claim,Claim,0.9878,0.9878,0.0011,0.0111,,False,False
421,No,10,"You'll have to work out how the application layer conveys to the data link layer the information that it needs - so that the correct socket calls can be made, etc. Have fun.",Claim,Claim,0.9909,0.9909,0.0009,0.0082,,False,False
422,No,0,"Assuming you just want to format , this should do what you want: EDIT : forgot to escape some characters.",Claim,Claim,0.9415,0.9415,0.0015,0.057,,False,False
423,No,0,"There are two things wrong with your code: You are passing a response object to pandas, when your actual csv data is in pandas cannot read from , only works with file objects.",Claim,Claim,0.9451,0.9451,0.001,0.0539,,False,False
423,No,1,"Thus to read your downloaded content, you need to create a file either using string writer to create a physical file or use An example of using io module is:",Claim,Claim,0.6322,0.6322,0.0015,0.3663,,False,False
424,No,0,"For starters, I would not put this code inside a BroadcastReceiver.",Claim,Claim,0.9825,0.9825,0.0015,0.016,,False,False
424,No,1,"Besides being bad practice, the component might be shutdown before the code has finished executing.",Claim,Claim,0.9946,0.9946,0.002,0.0034,,False,False
424,No,2,"Please consider starting a Service from your Receiver, if you need to run code that might take some time.",Claim,Claim,0.9937,0.9937,0.0015,0.0048,,False,False
424,No,3,"Otherwise for a short execution time, you may use an IntentService .",Claim,Claim,0.9943,0.9943,0.0019,0.0037,,False,False
424,No,4,"By looking at your code, I'm aware of two reasons your Geofences are not working as expected: 1) The nature of Geofences Geofences API retrieves your location mostly from WiFi / Cellular Data, which is often unavailable.",Claim,Claim,0.9848,0.9848,0.0009,0.0142,,False,False
424,No,5,"I tried to use Geofences once, and I found them very inaccurate.",Claim,Claim,0.7513,0.7513,0.0025,0.2462,,False,False
424,No,6,I switched to LocationManager making it use pure GPS location and it met my expectations.,Claim,Claim,0.9724,0.9724,0.0013,0.0263,,False,True
424,No,7,"Please see this answer , which advises to Poll the GPS hardware on an interval without doing anything with the result and you'll start getting more accurate geofences.",Evidence,Evidence,0.7982,0.2006,0.0012,0.7982,6,False,False
424,No,8,"I have never tried Google's FusedLocation API , but I have heard people saying it worked very well for them.",Evidence,Evidence,0.801,0.1971,0.0018,0.801,6,False,False
424,No,9,"If you use LocationManager, you will have to implement your 'Geofencing logic' yourself; you can easily do it with Location.distanceTo(Location) .",Claim,Claim,0.9941,0.9941,0.0014,0.0045,,False,False
424,No,10,"Example: 2) CPU is not active The fact that the Geofences are active, does not necessarily mean that your phone is awake and computing location checks.",Claim,Claim,0.6608,0.6608,0.0014,0.3377,,False,False
424,No,11,"To fix that, you can start a ForegroundService from your BroacastReceiver.",Claim,Claim,0.9827,0.9827,0.0012,0.0161,,False,False
424,No,12,The Service should hold a partial WakeLock as well.,Claim,Claim,0.9903,0.9903,0.001,0.0087,,False,False
424,No,13,This guarantees that: The OS does not kill the service (or better: less chance to be killed...) The user is aware of the service and can dismiss it if necessary The CPU is running.,Claim,Claim,0.9951,0.9951,0.0015,0.0034,,False,False
424,No,14,Therefore you can be sure that the code that retrieves the location is running (please remember to to release the WakeLock when the service stops).,Claim,Claim,0.993,0.993,0.0013,0.0057,,False,False
424,No,15,Please note that Android may still kill your service if necessary.,Claim,Claim,0.9936,0.9936,0.0025,0.0039,,False,True
424,No,16,"You can find plenty of examples on the web on how to start a ForegroundService from a BroadcastReceiver, how to hold a WakeLock and so on... Also, check out to the new Android O API , that brought some minor changes to the ForegroundService and other components.",Evidence,Evidence,0.9656,0.0336,0.0009,0.9656,15,False,False
424,No,17,PS: I have developed and application that uses all the components mentioned above (except for the FusedLocation) and I was extremely satisfied.,Evidence,Evidence,0.8436,0.1548,0.0016,0.8436,15,False,False
424,No,18,"EDIT: Answering OP's questions Okey, let's try to make some order here, otherwise future readers may easily get confused.",Claim,Claim,0.8544,0.8544,0.0022,0.1434,,False,False
424,No,19,"I'll start by answering what written in the original question and the 'bounty banner', then the OP edits, and finally the questions the OP placed in the comments.",Claim,Claim,0.9601,0.9601,0.0013,0.0386,,False,False
424,No,20,"1) Original question Is the triggering event also being dismissed, when the app is cleaned by the garbage collector? Most probably yes.",Claim,Claim,0.9923,0.9923,0.006,0.0017,,False,True
424,No,21,"See this answer where OP implemented a service that runs in a separate process, in order to make geofence be triggered even when the app is killed.",Evidence,Evidence,0.9382,0.0608,0.001,0.9382,20,False,False
424,No,22,"I need to understand what causes the geofences not to get called, if enough time has passed Plenty of reasons. See my original answer.",Claim,Claim,0.9623,0.9623,0.001,0.0367,,False,False
424,No,23,"I saw an implementation of the geofence logic with an Service instead of a broadcast receiver, will that work better?",Claim,Claim,0.9689,0.9689,0.0024,0.0287,,False,False
424,No,24,A Receiver and a Service are two different things. Please read Android's documentation.,Claim,Claim,0.9943,0.9943,0.0029,0.0029,,False,False
424,No,25,"You can start a Service from a BroadcastReceiver, which is usually the preferred way to 'receive' PendingIntents and do something with them.",Claim,Claim,0.9943,0.9943,0.0016,0.0041,,False,False
424,No,26,"2) Edits Please note that I did not tell you to replace the BroadcastReceiver with a Service, but that it might be a good idea to start a Service from your Receiver and handle all your logic there.",Claim,Claim,0.9938,0.9938,0.0017,0.0045,,False,False
424,No,27,"Making your IntentService a Singleton class is not necessary as (from IntentService documentation ) All requests are handled on a single worker thread -- they may take as long as necessary (and will not block the application's main loop), but only one request will be processed at a time.",Claim,Claim,0.9874,0.9874,0.0014,0.0112,,False,False
424,No,28,Do not store Context into a Singleton class or some static references.,Claim,Claim,0.9918,0.9918,0.0016,0.0066,,False,False
424,No,29,I'm impressed Android Studio did not warn you.,Claim,Claim,0.9929,0.9929,0.0035,0.0036,,False,False
424,No,30,"3) Comments I need this to work 24/7 hence I cannot use the location all the time, cause of obvious battery issues.",Claim,Claim,0.9571,0.9571,0.0017,0.0412,,False,False
424,No,31,Please read Android Oreo Background Execution Limits .,Claim,Claim,0.7975,0.7975,0.0013,0.2012,,False,False
424,No,32,This might be an issue for you.,Claim,Claim,0.9914,0.9914,0.0033,0.0053,,False,False
424,No,33,"Also now that I changed to a intentService, is that enough to ensure it should stay awake?",Claim,Claim,0.9929,0.9929,0.0026,0.0045,,False,False
424,No,34,"No, as I said, you probably need a partial WakeLock in order to turn on the CPU.",Claim,Claim,0.9918,0.9918,0.0012,0.0069,,False,False
424,No,35,"Do I need to initiate it another way, in order to keep it in the foreground? Yes.",Claim,Claim,0.9922,0.9922,0.0016,0.0062,,False,False
424,No,36,"In order to start a Foreground Service, you need to call startForeground(int, Notification) Please note: IntentServices lifespan is limited to the end of the onHandleIntent() function.",Claim,Claim,0.9752,0.9752,0.0011,0.0237,,False,False
424,No,37,"They are not supposed to live for more than a few seconds, typically.",Claim,Claim,0.9948,0.9948,0.0034,0.0019,,False,False
424,No,38,Use the Service class if you want to start a Foreground.,Claim,Claim,0.9897,0.9897,0.0014,0.0089,,False,False
424,No,39,"Moreover, as said in the original answer, a new Foreground API is available and preferred for Android Oreo.",Claim,Claim,0.9454,0.9454,0.0013,0.0534,,False,False
424,No,40,"Not a question, just a notice: I need to use here Geofencing.",Claim,Claim,0.9735,0.9735,0.0014,0.0251,,False,False
424,No,41,(Geofencing will start if necessary the gps Ok perfect.,Claim,Claim,0.9842,0.9842,0.0016,0.0143,,False,False
424,No,42,See what works best for you.,Claim,Claim,0.9891,0.9891,0.008,0.0029,,False,False
